sentence_id,filename,sentence
11379225,Mon_appartement_est_.mp3,Mon appartement est minuscule.
11153359,Ma_jambe_gauche_est_.mp3,Ma jambe gauche est cassée.
11489925,As_tu_ouvert_la_boît.mp3,As-tu ouvert la boîte ?
11041951,Ce_site_est_utile_.mp3,Ce site est utile.
7410873,C_est_déjà_octobre_.mp3,C'est déjà octobre.
11242195,C_est_notre_priorité.mp3,C'est notre priorité.
7744927,Je_ne_supporte_pas_l.mp3,Je ne supporte pas les lundis.
10966484,C_est_arrivé_la_sema.mp3,C'est arrivé la semaine dernière.
10357987,Tout_le_monde_a_été_.mp3,Tout le monde a été fouillé.
9978178,J_ai_dormi_par_terre.mp3,J'ai dormi par terre.
11241810,Je_peux_manger_cette.mp3,Je peux manger cette orange ?
11256714,Ce_n_est_pas_notre_t.mp3,Ce n'est pas notre train.
10136758,Ne_t_énerve_pas_comm.mp3,Ne t'énerve pas comme ça.
11054571,J_ai_plongé_dans_le_.mp3,J'ai plongé dans le lac.
11179850,À_qui_est_ce_verre__.mp3,À qui est ce verre ?
10995145,Non__je_ne_peux_pas_.mp3,"Non, je ne peux pas faire ça."
10749996,Viens_un_peu_plus_pr.mp3,Viens un peu plus près.
10511649,Ne_sois_pas_si_arrog.mp3,Ne sois pas si arrogant.
10767288,J_ai_l_habitude_du_f.mp3,J'ai l'habitude du froid.
10465776,Ce_n_est_pas_ce_que_.mp3,Ce n'est pas ce que tu crois.
10993485,Je_dois_me_faire_vie.mp3,Je dois me faire vieux.
11411263,J_ai_oublié_mon_code.mp3,J'ai oublié mon code PIN.
10601190,Ils_ont_échangé_des_.mp3,Ils ont échangé des regards.
10959693,Personne_ne_peut_le_.mp3,Personne ne peut le nier.
10511864,Ils_ne_sont_pas_comm.mp3,Ils ne sont pas comme nous.
7745886,La_nourriture_pour_c.mp3,La nourriture pour chien coûte cher.
11171484,Qui_t_a_accompagné__.mp3,Qui t'a accompagné ?
11188867,Allons_y_à_vélo_.mp3,Allons-y à vélo.
8430520,Je_ne_m_en_attribue_.mp3,Je ne m'en attribue pas le mérite.
8961185,Taisez_vous_et_assey.mp3,Taisez-vous et asseyez-vous.
11188029,Je_ne_connais_pas_ce.mp3,Je ne connais pas ce type.
746511,L_argent_ouvre_toute.mp3,L'argent ouvre toutes les portes.
10625903,Attendez_dehors__s_i.mp3,"Attendez dehors, s'il vous plaît."
11241768,Nous_n_avons_pas_bie.mp3,Nous n'avons pas bien joué.
9731217,J_ai_dépouillé_les_b.mp3,J'ai dépouillé les bulletins de vote.
10541259,Ce_vol_est_complet_.mp3,Ce vol est complet.
11229452,On_pourrait_se_relay.mp3,On pourrait se relayer.
11166853,Je_descends_bientôt_.mp3,Je descends bientôt.
10504387,Mangez_si_vous_avez_.mp3,Mangez si vous avez faim.
8987170,C_était_un_travail_é.mp3,C'était un travail éreintant.
10635657,Tout_le_monde_a_déto.mp3,Tout le monde a détourné le regard.
11179525,Tu_as_laissé_passer_.mp3,Tu as laissé passer ta chance.
8959162,J_ai_tiré_la_chasse_.mp3,J'ai tiré la chasse.
10776606,Je_ne_peux_pas_m_arr.mp3,Je ne peux pas m'arrêter de le faire.
11054426,Ne_laissez_pas_sorti.mp3,Ne laissez pas sortir le chien.
9742368,Dis_moi__je_suis_tou.mp3,"Dis-moi, je suis tout ouïe."
11230234,Je_vais_demander_à_ê.mp3,Je vais demander à être remboursé.
10496967,Les_tritons_sont_des.mp3,Les tritons sont des amphibiens.
10326277,Tu_fais_du_travail_b.mp3,Tu fais du travail bâclé.
11199455,Je_suis_libre_après_.mp3,Je suis libre après déjeuner.
11034725,Cache_le_sous_le_lit.mp3,Cache-le sous le lit.
8975385,C_est_une_vraie_bonn.mp3,C'est une vraie bonne affaire.
7410860,J_ai_gardé_un_œil_su.mp3,J'ai gardé un œil sur Tom.
10914793,C_est_quelque_chose_.mp3,C'est quelque chose de nouveau ?
10953788,Nous_n_abandonnerons.mp3,Nous n'abandonnerons jamais.
11322279,Je_partage_votre_pré.mp3,Je partage votre préoccupation.
10750025,C_est_un_problème_ép.mp3,C'est un problème épineux.
11274408,Achetez_tout_ce_que_.mp3,Achetez tout ce que vous voulez.
8944689,Tu_as_déchiré_ton_pa.mp3,Tu as déchiré ton pantalon.
10993463,Lis_moi_ton_discours.mp3,Lis-moi ton discours.
10492980,J_ai_ouvert_les_vole.mp3,J'ai ouvert les volets.
8915768,J_ai_besoin_d_un_blo.mp3,J'ai besoin d'un bloc-notes.
11323327,La_pièce_était_plein.mp3,La pièce était pleine à craquer.
11164826,Ça_ne_coûterait_pas_.mp3,Ça ne coûterait pas grand-chose.
10265997,Je_ne_le_réfute_pas_.mp3,Je ne le réfute pas.
10767766,Je_peux_tout_expliqu.mp3,Je peux tout expliquer.
11181203,Je_fais_toujours_de_.mp3,Je fais toujours de mon mieux.
10713326,Tu_manques_de_savoir.mp3,Tu manques de savoir-vivre.
10932859,Mettez_ça_sur_le_sol.mp3,Mettez ça sur le sol.
11217020,J_avais_besoin_de_re.mp3,J'avais besoin de renseignements.
11180022,Je_suis_encore_à_moi.mp3,Je suis encore à moitié endormi.
10968795,J_étais_un_peu_ivre_.mp3,J'étais un peu ivre.
10552463,Ce_service_est_gratu.mp3,Ce service est gratuit.
10246969,Épluche_ces_patates_.mp3,Épluche ces patates.
10504629,J_ai_entendu_un_chie.mp3,J'ai entendu un chien aboyer.
10779625,Le_sol_est_irrégulie.mp3,Le sol est irrégulier.
8422075,Tenez_la_porte__s_il.mp3,"Tenez la porte, s'il vous plaît."
10920755,N_agissons_pas_préci.mp3,N'agissons pas précipitamment.
9772206,J_ai_gagné_à_la_loya.mp3,J'ai gagné à la loyale.
10779617,La_tumeur_était_béni.mp3,La tumeur était bénigne.
7410834,Pourquoi_Tom_démissi.mp3,Pourquoi Tom démissionne-t-il ?
11168035,Désolé__je_ne_peux_p.mp3,"Désolé, je ne peux pas aider."
9930623,N_essaie_pas_de_m_av.mp3,N'essaie pas de m'avoir.
10503337,Les_écureuils_enterr.mp3,Les écureuils enterrent les noix.
10556316,Tu_n_aimes_pas_les_p.mp3,Tu n'aimes pas les pommes ?
10498860,J_avais_bon_appétit_.mp3,J'avais bon appétit.
11411267,J_ai_oublié_mon_code.mp3,J'ai oublié mon code confidentiel.
11153620,Quel_est_le_prix_d_u.mp3,Quel est le prix d'un billet ?
10971673,J_ai_teint_mes_cheve.mp3,J'ai teint mes cheveux en blond.
11234261,Allons_prendre_une_b.mp3,Allons prendre une bière.
11181069,J_ai_fait_l_ascensio.mp3,J'ai fait l'ascension du Mont Fuji.
7410874,Je_sais_ce_dont_Tom_.mp3,Je sais ce dont Tom a besoin.
11542513,Je_veux_juste_la_vér.mp3,Je veux juste la vérité.
11229510,L_étude_est_partiale.mp3,L'étude est partiale.
10312027,Tu_es_trop_décontrac.mp3,Tu es trop décontracté.
10603518,Cet_endroit_est_un_d.mp3,Cet endroit est un dépotoir.
9059250,Les_perspectives_son.mp3,Les perspectives sont peu réjouissantes.
10547945,J_ai_ouvert_l_envelo.mp3,J'ai ouvert l'enveloppe.
10140074,J_ai_été_innocenté_.mp3,J'ai été innocenté.
8409822,Faites_une_sauvegard.mp3,Faites une sauvegarde de tout votre travail.
10651858,C_est_une_excuse_bid.mp3,C'est une excuse bidon.
9953290,Attends_l_année_proc.mp3,Attends l'année prochaine.
10492088,Nous_n_en_avons_jama.mp3,Nous n'en avons jamais douté.
10236648,Personne_n_a_sourcil.mp3,Personne n'a sourcillé.
10940018,Personne_ne_saura_ja.mp3,Personne ne saura jamais.
9930591,Arrête_de_faire_le_m.mp3,Arrête de faire le mariole.
11181196,Ça_semble_improbable.mp3,Ça semble improbable.
11152426,Tout_le_monde_a_beso.mp3,Tout le monde a besoin d'argent.
11222477,Ce_parapluie_est_à_m.mp3,Ce parapluie est à moi.
11167455,J_adore_le_poulet_rô.mp3,J'adore le poulet rôti.
7414882,Taisez_vous__tous_le.mp3,"Taisez-vous, tous les deux !"
10759161,Nous_avons_travaillé.mp3,Nous avons travaillé jusqu'à l'aube.
7760600,Je_n_aime_pas_les_ja.mp3,Je n'aime pas les jacuzzis.
10130142,La_sécurité_est_prim.mp3,La sécurité est primordiale.
10742996,On_a_sauté_le_petit_.mp3,On a sauté le petit-déjeuner.
9695320,Tout_est_en_train_de.mp3,Tout est en train de changer.
10465897,Tu_n_as_peut_être_pa.mp3,Tu n'as peut-être pas tort.
11176199,J_ai_failli_ne_pas_v.mp3,J'ai failli ne pas venir.
8428517,Regarde_ce_qu_on_a_f.mp3,Regarde ce qu'on a fait.
10512093,J_en_ai_assez_de_lir.mp3,J'en ai assez de lire.
10899027,J_aime_quand_il_pleu.mp3,J'aime quand il pleut.
11046787,Je_ne_marche_jamais_.mp3,Je ne marche jamais pieds nus.
11489927,Je_vais_m_asseoir_su.mp3,Je vais m'asseoir sur le canapé.
9938340,Mes_nerfs_sont_à_vif.mp3,Mes nerfs sont à vif.
10769924,Nous_aimons_vivre_ic.mp3,Nous aimons vivre ici.
11188439,J_aimerais_que_tu_t_.mp3,J'aimerais que tu t'en ailles.
10944407,L_endroit_est_bondé_.mp3,L'endroit est bondé.
11395282,Personne_ne_décroche.mp3,Personne ne décroche.
11152600,Je_ne_travaille_plus.mp3,Je ne travaille plus.
9710624,Je_veux_être_le_meil.mp3,Je veux être le meilleur.
7414049,C_est_possible__au_m.mp3,"C'est possible, au moins ?"
10930253,Oh__lâche_moi_la_gra.mp3,"Oh, lâche-moi la grappe."
11241755,Mangeons_des_pâtes_.mp3,Mangeons des pâtes.
10465955,Bien__Tout_le_monde_.mp3,Bien. Tout le monde est là.
11036837,Les_singes_aiment_le.mp3,Les singes aiment les bananes.
10946461,Pourquoi_ça_t_intére.mp3,Pourquoi ça t'intéresse ?
9917132,Je_t_en_remets_un_au.mp3,Je t'en remets un autre ?
10518975,Mon_père_est_parti_p.mp3,Mon père est parti pêcher.
9690401,Tu_peux_le_refaire__.mp3,Tu peux le refaire ?
11146331,On_a_trouvé_.mp3,On a trouvé.
11188918,On_a_perdu_combien__.mp3,On a perdu combien ?
10752375,C_était_chaud_.mp3,C'était chaud.
10056099,Tu_as_l_air_agacé_.mp3,Tu as l'air agacé.
8950704,Ils_s_embrassaient_t.mp3,Ils s'embrassaient tendrement.
7411794,Tom_a_l_air_d_aller_.mp3,Tom a l'air d'aller bien.
11234674,Nous_sommes_des_gens.mp3,Nous sommes des gens sérieux.
10966579,Ce_chien_n_est_à_per.mp3,Ce chien n'est à personne.
11157058,Rappelle_toi_d_achet.mp3,Rappelle-toi d'acheter de la mayo.
10494604,Tu_as_toujours_mal__.mp3,Tu as toujours mal ?
10074757,Il_y_aura_un_gâteau_.mp3,Il y aura un gâteau.
11235158,La_sonnerie_m_a_réve.mp3,La sonnerie m'a réveillé.
11054559,Ce_lac_est_peu_profo.mp3,Ce lac est peu profond.
10932962,J_ai_fait_tomber_mon.mp3,J'ai fait tomber mon sandwich.
10056100,Tu_as_l_air_énervé_.mp3,Tu as l'air énervé.
9854923,Vide_la_litière_du_c.mp3,Vide la litière du chat.
10327701,J_étais_debout_avant.mp3,J'étais debout avant l'aube.
9689816,J_ai_bachoté_pour_mo.mp3,J'ai bachoté pour mon examen.
10504388,Mange_si_tu_as_faim_.mp3,Mange si tu as faim.
11217784,Ça_m_a_presque_fait_.mp3,Ça m'a presque fait pleurer.
8412263,Les_requins_se_nourr.mp3,Les requins se nourrissent de poissons.
11215598,On_t_appelle_.mp3,On t'appelle.
11215161,Qui_a_cassé_l_assiet.mp3,Qui a cassé l'assiette ?
10972928,Ma_voisine_est_charm.mp3,Ma voisine est charmante.
10954856,Je_n_ai_pas_dit_que_.mp3,Je n'ai pas dit que j'étais d'accord.
10973859,Tu_as_failli_me_tuer.mp3,Tu as failli me tuer.
10511529,On_y_va_en_train_.mp3,On y va en train.
11153608,Les_prix_sont_trop_é.mp3,Les prix sont trop élevés.
9766029,Je_ne_viens_pas_.mp3,Je ne viens pas.
10968822,La_serrure_a_été_cha.mp3,La serrure a été changée.
11462546,Content_de_te_revoir.mp3,Content de te revoir.
10589530,C_est_une_pente_savo.mp3,C'est une pente savonneuse.
10946447,Je_suis_au_téléphone.mp3,"Je suis au téléphone, là."
11322282,Je_partage_ton_inqui.mp3,Je partage ton inquiétude.
4299651,Cela_dépasse_l_enten.mp3,Cela dépasse l'entendement.
10760269,J_ai_fait_quelques_e.mp3,J'ai fait quelques erreurs.
11388589,Il_leur_en_faut_comb.mp3,Il leur en faut combien ?
9941715,Ne_te_cogne_pas_la_t.mp3,Ne te cogne pas la tête.
7410902,Tom_te_croira_.mp3,Tom te croira.
9953298,Tu_as_jusqu_à_midi_.mp3,Tu as jusqu'à midi.
8435346,On_peut_venir_avec_t.mp3,On peut venir avec toi ?
10700754,Je_viens_d_emménager.mp3,Je viens d'emménager ici.
10973861,Désolé_pour_la_derni.mp3,Désolé pour la dernière fois.
9930597,Ne_vous_faites_pas_d.mp3,Ne vous faites pas d'illusions.
7414822,Tu_vas_chanter__.mp3,Tu vas chanter ?
11152418,J_ai_dépensé_tout_mo.mp3,J'ai dépensé tout mon argent.
10491671,Arrêtons_nous_une_mi.mp3,Arrêtons-nous une minute.
10741381,Je_suis_montée_dans_.mp3,Je suis montée dans le bus.
9706247,Nous_avons_voté_.mp3,Nous avons voté.
11179898,L_idée_était_simple_.mp3,L'idée était simple.
10491995,Tout_le_monde_me_dem.mp3,Tout le monde me demande ça.
11060895,Cette_robe_est_affre.mp3,Cette robe est affreuse.
11460054,Partons_demain_.mp3,Partons demain.
10327697,On_a_dansé_jusqu_à_l.mp3,On a dansé jusqu'à l'aube.
7744895,Vous_me_flattez_.mp3,Vous me flattez.
10494390,Je_ne_trouvais_pas_d.mp3,Je ne trouvais pas de travail.
11217826,Ils_tirent_sur_nous_.mp3,Ils tirent sur nous.
10984397,Lisse_ta_robe_.mp3,Lisse ta robe.
10847088,Ton_chien_bave_.mp3,Ton chien bave.
8950743,J_ai_serré_les_écrou.mp3,J'ai serré les écrous.
11152599,Tout_le_monde_a_trav.mp3,Tout le monde a travaillé dur.
11256747,Mets_plus_de_sel_.mp3,Mets plus de sel.
10604556,On_peut_mieux_faire_.mp3,On peut mieux faire.
11176203,Je_ne_suis_pas_fâché.mp3,Je ne suis pas fâché contre toi.
10940259,Je_suis_allé_chez_le.mp3,Je suis allé chez le médecin.
10272668,Leur_canoë_a_chaviré.mp3,Leur canoë a chaviré.
8994715,Je_suis_un_flic_en_c.mp3,Je suis un flic en civil.
9007386,J_étais_à_bout_de_ne.mp3,J'étais à bout de nerfs.
10513876,Ce_livre_n_est_pas_à.mp3,Ce livre n'est pas à moi.
10899930,Tu_les_as_énervés_.mp3,Tu les as énervés.
11045194,C_est_pour_brouiller.mp3,C'est pour brouiller les pistes.
11171481,Puis_je_vous_accompa.mp3,Puis-je vous accompagner ?
10468183,C_était_suffisant_.mp3,C'était suffisant.
10356065,Passe_un_coup_de_chi.mp3,Passe un coup de chiffon sur la table.
11217679,Je_vais_probablement.mp3,Je vais probablement refuser.
10491619,L_ordre_a_été_exécut.mp3,L'ordre a été exécuté.
11229513,Le_plan_est_réalisab.mp3,Le plan est réalisable.
10125582,La_table_est_bancale.mp3,La table est bancale.
10963625,Tu_l_as_vraiment_fai.mp3,Tu l'as vraiment fait ?
10485919,Quelle_est_la_profon.mp3,Quelle est la profondeur de la piscine ?
11232831,Épargne_moi_les_sarc.mp3,Épargne-moi les sarcasmes.
10512394,Nous_n_avons_pas_enc.mp3,Nous n'avons pas encore commencé.
9767792,Il_s_est_mis_à_bruin.mp3,Il s'est mis à bruiner.
7410849,Je_mange_rarement_du.mp3,Je mange rarement du dessert.
11058725,Je_me_débrouillerai_.mp3,Je me débrouillerai tout seul.
11256745,Sois_un_peu_plus_pat.mp3,Sois un peu plus patient.
10944364,C_est_grave__docteur.mp3,"C'est grave, docteur ?"
11156095,Nous_essayons_d_aide.mp3,Nous essayons d'aider.
10995876,La_prochaine_sera_la.mp3,La prochaine sera la bonne.
11242266,Je_n_ai_jamais_frapp.mp3,Je n'ai jamais frappé personne.
11236253,J_y_suis_allé_en_tra.mp3,J'y suis allé en train.
11217645,Qui_a_écrit_ce_petit.mp3,Qui a écrit ce petit mot ?
9946125,J_ai_trébuché_en_arr.mp3,J'ai trébuché en arrière.
10649037,Comment_puis_je_vous.mp3,Comment puis-je vous contacter ?
10492934,Je_perdais_beaucoup_.mp3,Je perdais beaucoup de sang.
11165675,Je_suis_très_ouvert_.mp3,Je suis très ouvert d'esprit.
10755334,Qu_est_ce_qu_il_y_a_.mp3,Qu'est-ce qu'il y a dans votre coffre ?
7410901,Tom__c_est_pour_toi_.mp3,"Tom, c'est pour toi."
10499393,Ce_sol_est_inégal_.mp3,Ce sol est inégal.
10265967,Vous_êtes_la_nouvell.mp3,Vous êtes la nouvelle nounou ?
9710523,J_étais_chez_moi_hie.mp3,J'étais chez moi hier soir.
10510731,Je_serai_absent_tout.mp3,Je serai absent toute la journée.
11244278,Je_me_sens_enfin_rep.mp3,Je me sens enfin reposé.
10498868,Ça_ne_vaut_pas_un_so.mp3,Ça ne vaut pas un sou.
9738172,C_est_celui_là_que_j.mp3,C'est celui-là que je préfère.
10087848,J_ai_eu_une_journée_.mp3,J'ai eu une journée pourrie.
11250123,Economisez_vos_munit.mp3,Economisez vos munitions.
11146674,Tu_ne_veux_pas_de_su.mp3,Tu ne veux pas de sucre ?
10966121,Tu_fais_quelle_taill.mp3,Tu fais quelle taille maintenant ?
11225205,Tu_aimes_cette_chans.mp3,Tu aimes cette chanson ?
9033107,Chacun_d_entre_vous_.mp3,Chacun d'entre vous peut le faire.
11411271,Veuillez_saisir_votr.mp3,Veuillez saisir votre code PIN.
9978157,Le_sol_est_gelé_.mp3,Le sol est gelé.
8950706,La_viande_était_tend.mp3,La viande était tendre.
10923724,J_ai_les_dents_de_tr.mp3,J'ai les dents de travers.
10291372,C_est_une_histoire_c.mp3,C'est une histoire captivante.
10629494,Ils_ont_trinqué_.mp3,Ils ont trinqué.
11166484,J_ai_encore_mal_au_c.mp3,J'ai encore mal au cou.
11156086,Beaucoup_de_gens_ont.mp3,Beaucoup de gens ont besoin d'aide.
10282221,Ne_sois_pas_mauvais_.mp3,Ne sois pas mauvais perdant.
10625823,Le_verre_était_vide_.mp3,Le verre était vide.
10498977,Ai_je_vraiment_besoi.mp3,Ai-je vraiment besoin de ça ?
11036838,Les_singes_adorent_l.mp3,Les singes adorent les bananes.
10984399,Le_brouillard_est_tr.mp3,Le brouillard est très dense.
11183782,Ne_me_touche_pas__s_.mp3,"Ne me touche pas, s'il te plaît."
9767724,Les_perspectives_son.mp3,Les perspectives sont sombres.
10779340,Passe_moi_la_spatule.mp3,Passe-moi la spatule.
11238299,Des_gens_ont_été_ble.mp3,Des gens ont été blessés.
11223517,Dites_moi_que_c_est_.mp3,Dites-moi que c'est une blague.
10494431,C_est_facile_pour_mo.mp3,C'est facile pour moi.
11349828,L_IRM_était_négative.mp3,L'IRM était négative.
10485990,Le_portail_était_fer.mp3,Le portail était fermé.
10758969,À_qui_est_cette_chem.mp3,À qui est cette chemise ?
10966511,Les_hérissons_ont_de.mp3,Les hérissons ont des piquants.
11229997,Quelles_sont_nos_per.mp3,Quelles sont nos pertes ?
10902023,On_ne_devrait_pas_fa.mp3,On ne devrait pas faire ça.
11054428,Combien_de_temps_viv.mp3,Combien de temps vivent les chiens ?
9673862,C_est_à_mon_tour_de_.mp3,C'est à mon tour de parler.
11125390,Il_nous_faut_un_devi.mp3,Il nous faut un devis.
10841726,J_ai_eu_une_petite_m.mp3,J'ai eu une petite mésaventure.
11434941,C_est_le_mien_ou_le_.mp3,C'est le mien ou le tien ?
9889494,Arrêtez_vous_le_long.mp3,Arrêtez-vous le long du trottoir.
10138469,Les_zèbres_ont_des_r.mp3,Les zèbres ont des rayures.
11460074,Les_serveurs_ont_pla.mp3,Les serveurs ont planté.
11338461,Je_ferai_passer_le_m.mp3,Je ferai passer le mot.
10515281,On_va_essayer_de_pas.mp3,On va essayer de passer.
11230232,Je_vais_demander_un_.mp3,Je vais demander un remboursement.
11035521,Tout_était_normal_.mp3,Tout était normal.
10491982,Ça_a_l_air_délicieux.mp3,Ça a l'air délicieux.
10291371,C_est_une_histoire_f.mp3,C'est une histoire fascinante.
11460071,Les_serveurs_sont_ho.mp3,Les serveurs sont hors service.
9978142,Nous_gagnons_du_terr.mp3,Nous gagnons du terrain.
11182511,Ma_santé_est_très_ma.mp3,Ma santé est très mauvaise.
7410844,J_ai_fait_une_grave_.mp3,J'ai fait une grave erreur.
10968794,J_ai_déjà_un_travail.mp3,J'ai déjà un travail.
11238326,Ils_sont_en_chemin_.mp3,Ils sont en chemin.
10620252,Devrons_nous_attendr.mp3,Devrons-nous attendre ?
10742440,J_ai_le_bras_en_écha.mp3,J'ai le bras en écharpe.
10948199,J_ai_arrosé_les_fleu.mp3,J'ai arrosé les fleurs.
10476240,Passe_la_troisième_v.mp3,Passe la troisième vitesse.
11188404,Il_pleut_à_verse_deh.mp3,Il pleut à verse dehors.
11242109,Je_peux_à_peine_resp.mp3,Je peux à peine respirer.
7410856,J_ai_l_habitude_de_l.mp3,J'ai l'habitude de la chaleur.
11238325,Ils_sont_en_route_.mp3,Ils sont en route.
11426639,Ils_sont_toujours_à_.mp3,Ils sont toujours à l'intérieur.
11151422,On_ne_s_est_embrassé.mp3,On ne s'est embrassé qu'une fois.
11310556,Qu_ont_ils_proposé__.mp3,Qu'ont-ils proposé ?
10948215,La_voiture_a_tourné_.mp3,La voiture a tourné à droite.
10966497,C_est_assez_peu_prob.mp3,C'est assez peu probable.
8422030,C_est_une_belle_chem.mp3,C'est une belle chemise.
11229511,L_étude_est_biaisée_.mp3,L'étude est biaisée.
8447985,Arrête_tes_lamentati.mp3,Arrête tes lamentations.
10086619,C_est_un_boulot_ingr.mp3,C'est un boulot ingrat.
7744715,Ne_me_traite_pas_d_a.mp3,Ne me traite pas d'abruti.
11460274,Une_fille_s_est_assi.mp3,Une fille s'est assise à côté de moi.
10050029,Je_sais_bien_jongler.mp3,Je sais bien jongler.
9761687,Je_vais_être_en_reta.mp3,Je vais être en retard au travail.
7410840,J_ai_déjeuné_avec_To.mp3,J'ai déjeuné avec Tom.
11032252,À_quel_point_es_tu_d.mp3,À quel point es-tu désespéré ?
11147341,Donne_le_moi__s_il_t.mp3,"Donne-le moi, s'il te plaît."
10966504,C_était_malin_de_ta_.mp3,C'était malin de ta part.
11179943,Je_n_ai_pas_l_intent.mp3,Je n'ai pas l'intention d'attendre.
11228007,Je_suis_du_genre_tim.mp3,Je suis du genre timide.
11153875,La_réponse_est_simpl.mp3,La réponse est simple.
11026162,Les_bébés_animaux_so.mp3,Les bébés animaux sont mignons.
10625835,Je_n_ai_pas_tué_ma_f.mp3,Je n'ai pas tué ma femme.
9761671,Je_compte_sauter_le_.mp3,Je compte sauter le déjeuner.
10624929,Hé__attends_une_seco.mp3,"Hé, attends une seconde."
10709123,Ça_sent_vraiment_bon.mp3,Ça sent vraiment bon.
11378984,Tu_as_l_air_fatiguée.mp3,Tu as l'air fatiguée.
11189976,Nous_nous_sommes_tou.mp3,Nous nous sommes tous endormis.
11242180,J_ai_acheté_quelques.mp3,J'ai acheté quelques pommes.
9930590,Arrête_de_faire_le_p.mp3,Arrête de faire le pitre !
11217825,Ils_nous_tirent_dess.mp3,Ils nous tirent dessus.
11054568,On_a_nagé_dans_le_la.mp3,On a nagé dans le lac.
10954860,J_étais_vraiment_inq.mp3,J'étais vraiment inquiet.
10304089,J_suis_pas_un_cafteu.mp3,J'suis pas un cafteur.
10518961,J_adore_vraiment_les.mp3,J'adore vraiment les fleurs.
11234727,Merci_de_m_avoir_emb.mp3,Merci de m'avoir embauché.
9679478,Tom_a_les_yeux_bridé.mp3,Tom a les yeux bridés.
8915690,L_homme_était_en_hai.mp3,L'homme était en haillons.
11224424,Ne_copie_pas_mes_rép.mp3,Ne copie pas mes réponses.
11241770,J_ai_eu_du_mal_à_me_.mp3,J'ai eu du mal à me garer.
11378996,Je_peux_vous_offrir_.mp3,Je peux vous offrir un verre ?
9735698,On_va_s_en_débarrass.mp3,On va s'en débarrasser.
10521483,J_aimerais_vivre_ici.mp3,J'aimerais vivre ici.
10212727,Je_ne_vendrai_pas_mo.mp3,Je ne vendrai pas mon âme.
9771791,Je_n_ai_pas_fait_la_.mp3,Je n'ai pas fait la queue.
8412279,L_Homme_est_voué_à_m.mp3,L'Homme est voué à mourir.
10940116,Ce_n_est_arrivé_qu_u.mp3,Ce n'est arrivé qu'une fois.
11146433,Tout_est_dans_le_dos.mp3,Tout est dans le dossier.
10932858,Mets_ça_par_terre_.mp3,Mets ça par terre.
10827929,Ne_te_mets_pas_dans_.mp3,Ne te mets pas dans tous tes états.
8423940,Regarde_ce_qu_on_a_t.mp3,Regarde ce qu'on a trouvé.
10766910,C_est_un_très_mauvai.mp3,C'est un très mauvais jeu de mots.
11227086,J_ai_mangé_une_part_.mp3,J'ai mangé une part de tarte.
11388581,C_est_le_bon_moment_.mp3,C'est le bon moment.
11379266,Tu_avais_promis_d_ai.mp3,Tu avais promis d'aider.
11166899,Je_n_ai_jamais_tué_p.mp3,Je n'ai jamais tué personne.
10151414,J_ai_entendu_une_bri.mp3,J'ai entendu une brindille craquer.
10719384,Je_fais_trop_de_faut.mp3,Je fais trop de fautes de frappe.
11188087,C_est_vraiment_dégoû.mp3,C'est vraiment dégoûtant.
10599294,Qu_est_ce_qu_il_t_a_.mp3,Qu'est-ce qu'il t'a demandé ?
10568802,L_argent_gouverne_le.mp3,L'argent gouverne le monde.
11156097,Les_hélicoptères_son.mp3,Les hélicoptères sont bruyants.
10703620,Je_suis_la_seule_sur.mp3,Je suis la seule survivante.
11045285,Le_placard_est_plein.mp3,Le placard est plein.
10266002,C_est_une_question_d.mp3,C'est une question d'équité.
11228070,Vous_vous_êtes_déjà_.mp3,Vous vous êtes déjà rencontrés ?
7726934,Quelqu_un_a_des_ennu.mp3,Quelqu'un a des ennuis.
11045274,J_ai_arrosé_le_jardi.mp3,J'ai arrosé le jardin.
8957819,Je_déteste_les_films.mp3,Je déteste les films doublés.
11167808,Nous_avons_dû_faire_.mp3,Nous avons dû faire des compromis.
10339381,J_ai_tiré_sur_la_cor.mp3,J'ai tiré sur la corde.
10759682,Donne_moi_un_peu_de_.mp3,Donne-moi un peu de temps.
8414106,Ne_soyons_pas_arroga.mp3,Ne soyons pas arrogants.
10742427,On_est_content_pour_.mp3,On est content pour toi.
9950253,Montre_moi_des_donné.mp3,Montre-moi des données concrètes.
9774062,Je_me_suis_cassé_la_.mp3,Je me suis cassé la clavicule.
8965249,Il_faisait_une_chale.mp3,Il faisait une chaleur étouffante.
10635650,Ce_n_était_pas_possi.mp3,Ce n'était pas possible.
10932857,Je_suis_ouvert_à_tou.mp3,Je suis ouvert à tout.
10968835,J_ai_marqué_la_page_.mp3,J'ai marqué la page.
11036086,Je_suis_vraiment_dan.mp3,Je suis vraiment dans le pétrin.
10699648,Retroussez_votre_man.mp3,Retroussez votre manche.
11338039,Répondez_aux_questio.mp3,Répondez aux questions.
10510831,Merci_d_être_là_.mp3,Merci d'être là.
10946430,J_aimerais_savoir_po.mp3,J'aimerais savoir pourquoi.
10939728,Ton_plan_ne_marchera.mp3,Ton plan ne marchera pas.
9706525,Les_arbres_procurent.mp3,Les arbres procurent de l'ombre.
10499043,C_est_absolument_n_i.mp3,C'est absolument n'importe quoi.
11054422,Les_chiens_ont_l_air.mp3,Les chiens ont l'air heureux.
10810336,J_habite_près_de_la_.mp3,J'habite près de la digue.
10623458,Tu_aurais_pu_frapper.mp3,Tu aurais pu frapper.
10874733,Quel_est_le_prix_du_.mp3,Quel est le prix du ticket de bus ?
10580499,J_ai_brûlé_les_lettr.mp3,J'ai brûlé les lettres.
9673344,Boire_ou_conduire__i.mp3,"Boire ou conduire, il faut choisir !"
10491900,Tu_peux_faire_quelqu.mp3,Tu peux faire quelque chose ?
10696620,Prenez_vous_des_médi.mp3,Prenez-vous des médicaments ?
10074674,Range_ce_couteau_.mp3,Range ce couteau.
10491540,Envoie_moi_de_l_arge.mp3,Envoie-moi de l'argent.
9846900,Ce_chiffon_est_dégoû.mp3,Ce chiffon est dégoûtant.
9706527,Ne_le_jette_pas_.mp3,Ne le jette pas.
9707460,Je_le_reverrai_.mp3,Je le reverrai.
10759003,Je_n_ai_pas_besoin_d.mp3,Je n'ai pas besoin de ceux-ci.
9987156,Je_suis_difficile_à_.mp3,Je suis difficile à table.
7415108,Je_suis_allé_à_la_ba.mp3,Je suis allé à la banque.
11167552,Je_suis_descendu_de_.mp3,Je suis descendu de mon cheval.
11181082,C_était_de_notre_fau.mp3,C'était de notre faute.
11167000,J_ai_commandé_à_mang.mp3,J'ai commandé à manger.
11146596,Des_problèmes_peuven.mp3,Des problèmes peuvent survenir.
11230020,Le_meurtre_est_un_cr.mp3,Le meurtre est un crime.
10970257,Qu_est_ce_qui_t_embê.mp3,Qu'est-ce qui t'embête ?
10601176,J_enseigne_en_CE2_.mp3,J'enseigne en CE2.
7416297,As_tu_invité_Tom__.mp3,As-tu invité Tom ?
9707500,J_ai_refusé_la_propo.mp3,J'ai refusé la proposition.
11237973,J_ai_un_emploi_stabl.mp3,J'ai un emploi stable.
9767736,C_est_un_monde_sinis.mp3,C'est un monde sinistre.
10543318,L_amour_est_passager.mp3,L'amour est passager.
11296095,On_a_raté_notre_bus_.mp3,On a raté notre bus.
10973110,Vas_y_doucement_avec.mp3,Vas-y doucement avec le vin.
10240300,C_est_du_travail_bâc.mp3,C'est du travail bâclé.
7411786,J_ai_débranché_la_té.mp3,J'ai débranché la télé.
11228002,Ne_klaxonne_pas_.mp3,Ne klaxonne pas.
7414808,On_s_est_bourré_la_g.mp3,On s'est bourré la gueule.
7411999,Tom_était_très_bon_.mp3,Tom était très bon.
11297779,Fais_ce_que_tu_juges.mp3,Fais ce que tu juges bon.
10973111,Vas_y_mollo_avec_le_.mp3,Vas-y mollo avec le vin.
10968777,Bonne_soirée_.mp3,Bonne soirée.
10511569,J_ai_la_moitié_de_to.mp3,J'ai la moitié de ton âge.
10485805,Tu_es_tellement_créd.mp3,Tu es tellement crédule.
10937427,Ça_va_se_reproduire_.mp3,Ça va se reproduire.
11182486,J_aimerais_pouvoir_r.mp3,J'aimerais pouvoir rester.
9930596,Ne_te_fais_pas_d_ill.mp3,Ne te fais pas d'illusions.
7415013,Tom_y_a_cru__.mp3,Tom y a cru ?
10714519,Tes_yeux_sont_rouges.mp3,Tes yeux sont rouges.
10521363,Pourquoi_se_sont_ils.mp3,Pourquoi se sont-ils battus ?
10940157,Je_ne_t_ai_pas_menti.mp3,Je ne t'ai pas menti.
7415202,Tom_est_une_chiffe_m.mp3,Tom est une chiffe molle.
7412284,Prenez_de_l_aspirine.mp3,Prenez de l'aspirine.
10944373,Je_leur_ai_dit_d_arr.mp3,Je leur ai dit d'arrêter.
10494579,Laisse_nous_en_dehor.mp3,Laisse-nous en dehors de ça.
10282214,J_ai_des_courbatures.mp3,J'ai des courbatures partout.
10521356,Je_mange_souvent_à_l.mp3,Je mange souvent à la maison.
11234630,Le_navire_a_quitté_l.mp3,Le navire a quitté le port.
11217322,J_ai_bouclé_ma_ceint.mp3,J'ai bouclé ma ceinture.
7414838,Tom_ne_pouvait_pas_p.mp3,Tom ne pouvait pas parler.
9945171,Courage_.mp3,Courage.
7414689,Es_tu_optimiste__.mp3,Es-tu optimiste ?
9987155,Nous_sommes_difficil.mp3,Nous sommes difficiles à table.
10599310,J_ai_encore_mal_aux_.mp3,J'ai encore mal aux pieds.
11229459,Exige_le_meilleur_.mp3,Exige le meilleur.
10630575,J_ai_dormi_comme_une.mp3,J'ai dormi comme une souche.
11335180,Je_voulais_t_appeler.mp3,Je voulais t'appeler.
11188899,Nous_n_avons_jamais_.mp3,Nous n'avons jamais perdu espoir.
7745776,Boutonne_ton_manteau.mp3,Boutonne ton manteau.
10969237,N_est_ce_pas_exact__.mp3,N'est-ce pas exact ?
10881390,Le_câble_s_est_cassé.mp3,Le câble s'est cassé net.
10552466,Ce_n_est_pas_de_sa_f.mp3,Ce n'est pas de sa faute.
10963889,L_étang_est_gelé_.mp3,L'étang est gelé.
11227858,Pieutons_nous_.mp3,Pieutons-nous.
7745775,Rends_moi_mon_stylo_.mp3,Rends-moi mon stylo.
7730508,Vous_me_rendez_heure.mp3,Vous me rendez heureux.
9938667,Jetons_un_œil_à_l_in.mp3,Jetons un œil à l'intérieur.
9824010,Je_sais_que_je_radot.mp3,Je sais que je radote.
9676660,Remuez_vos_orteils_.mp3,Remuez vos orteils.
10465970,J_ai_siroté_mon_café.mp3,J'ai siroté mon café.
9821780,J_ai_ouvert_le_capot.mp3,J'ai ouvert le capot.
9917115,Je_te_sers_un_autre_.mp3,Je te sers un autre verre ?
10779679,Ne_sois_pas_si_mécha.mp3,Ne sois pas si méchant.
10498767,La_nourriture_est_fa.mp3,La nourriture est fade.
11290850,Ne_réveille_pas_le_b.mp3,Ne réveille pas le bébé.
11152592,J_ai_dû_travailler_t.mp3,J'ai dû travailler tard.
9731125,J_ai_essayé_de_m_int.mp3,J'ai essayé de m'intégrer.
11155463,Les_grands_garçons_n.mp3,Les grands garçons ne pleurent pas.
10802361,J_ai_marché_sur_un_c.mp3,J'ai marché sur un clou.
11155528,Prends_un_billet_pou.mp3,Prends un billet pour moi.
10270851,Bouche_cette_fuite_.mp3,Bouche cette fuite.
10623426,Vous_venez_d_arriver.mp3,Vous venez d'arriver ?
10312028,J_suis_un_mec_relax_.mp3,J'suis un mec relax.
9854079,Je_ne_mange_pas_de_v.mp3,Je ne mange pas de volaille.
10638980,J_ai_serré_les_poing.mp3,J'ai serré les poings.
9729868,Je_peux_poser_une_qu.mp3,Je peux poser une question ?
8412131,C_est_l_occasion_ou_.mp3,C'est l'occasion ou jamais.
7416295,Aimes_tu_Mozart__.mp3,Aimes-tu Mozart ?
10779326,Légende_cette_photo_.mp3,Légende cette photo.
11155480,Ce_sont_mes_garçons_.mp3,Ce sont mes garçons.
8944598,Un_chien_errant_a_mo.mp3,Un chien errant a mordu Tom.
11221421,J_appelle_un_taxi_.mp3,J'appelle un taxi.
9706261,Est_ce_que_les_rumeu.mp3,Est-ce que les rumeurs sont vraies ?
10965299,Cela_a_demandé_un_ce.mp3,Cela a demandé un certain effort.
10343351,C_est_une_question_d.mp3,C'est une question discutable.
10641086,Je_ne_suis_pas_un_bo.mp3,Je ne suis pas un bon à rien.
7412127,Je_vais_écrire_à_Tom.mp3,Je vais écrire à Tom.
11167702,Nous_serons_en_sécur.mp3,Nous serons en sécurité ici.
9710652,J_ai_peur_des_souris.mp3,J'ai peur des souris.
11184484,Elle_est_toujours_en.mp3,Elle est toujours en colère ?
10851170,On_se_fait_avoir_.mp3,On se fait avoir.
7416306,Tom_était_il_armé__.mp3,Tom était-il armé ?
10599275,Tu_aimes_les_oranges.mp3,Tu aimes les oranges ?
7414025,Je_suis_rarement_à_l.mp3,Je suis rarement à la maison.
11228106,Si_c_est_pas_malheur.mp3,Si c'est pas malheureux.
11221418,Je_suis_ici_de_mon_p.mp3,Je suis ici de mon plein gré.
10963230,C_est_dans_la_Bible_.mp3,C'est dans la Bible.
10932433,Tu_es_trop_nerveux_.mp3,Tu es trop nerveux.
7411976,Qu_est_ce_que_tu_as_.mp3,"Qu'est-ce que tu as, Tom ?"
10775998,Une_demi_heure_s_est.mp3,Une demi-heure s'est écoulée.
9699134,J_ai_cliqué_sur_le_l.mp3,J'ai cliqué sur le lien.
10259027,Ça_m_a_coûté_un_max_.mp3,Ça m'a coûté un max.
9706529,Ne_le_jette_pas_à_la.mp3,Ne le jette pas à la poubelle.
7416304,Tom_a_parlé_de_moi__.mp3,Tom a parlé de moi ?
8412122,Je_veux_être_clair_.mp3,Je veux être clair.
11153554,Je_crois_que_je_me_s.mp3,Je crois que je me suis évanoui.
9738190,J_ai_effectué_de_nom.mp3,J'ai effectué de nombreuses modifications.
7412144,Je_déteste_le_désert.mp3,Je déteste le désert.
11147349,Donne_leur_mon_numér.mp3,Donne-leur mon numéro.
11166379,Sommes_nous_de_mauva.mp3,Sommes-nous de mauvais parents ?
11228616,J_adore_camper_.mp3,J'adore camper.
11388554,Ma_stratégie_a_fonct.mp3,Ma stratégie a fonctionné.
11185111,Cet_argent_est_à_moi.mp3,Cet argent est à moi.
10913383,Tenez_vous_en_aux_fa.mp3,Tenez-vous-en aux faits.
11178988,Passe_moi_l_eau_.mp3,Passe-moi l'eau.
11201828,C_est_encore_dans_le.mp3,C'est encore dans le flou.
11182801,Je_l_ai_vérifié_deux.mp3,Je l'ai vérifié deux fois.
7410778,Où_est_la_preuve__.mp3,Où est la preuve ?
7416475,C_est_mon_seul_espoi.mp3,C'est mon seul espoir.
10779624,Ne_sois_pas_ingrat_.mp3,Ne sois pas ingrat.
11181108,Je_suis_tout_le_temp.mp3,Je suis tout le temps nerveux.
10531306,J_aime_bien_ça_comme.mp3,J'aime bien ça comme ça.
10672824,Le_football_est_un_s.mp3,Le football est un sport.
10491526,Il_n_y_a_pas_de_plan.mp3,Il n'y a pas de plan B.
10630577,J_ai_dormi_comme_un_.mp3,J'ai dormi comme un loir.
10946421,Je_vous_écrirai_.mp3,Je vous écrirai.
10776594,Je_n_avais_pas_de_tr.mp3,Je n'avais pas de travail.
10343372,C_est_un_point_discu.mp3,C'est un point discutable.
9978153,J_ai_grincé_des_dent.mp3,J'ai grincé des dents.
7411993,J_ai_fait_la_connais.mp3,J'ai fait la connaissance d'une femme agréable.
7414877,Ils_sont_canadiens_.mp3,Ils sont canadiens.
10713066,Vos_blagues_me_manqu.mp3,Vos blagues me manquent.
7416302,Tom_a_dîné__.mp3,Tom a dîné ?
9943406,C_était_assommant_.mp3,C'était assommant.
10649056,Quel_était_ton_trava.mp3,Quel était ton travail ?
11145680,Mon_bureau_est_minus.mp3,Mon bureau est minuscule.
7410824,Mes_mains_étaient_en.mp3,Mes mains étaient engourdies.
11166558,Voici_la_solution_.mp3,Voici la solution.
10351328,Tu_es_un_boulet_.mp3,Tu es un boulet.
10968775,Ce_couteau_est_mal_a.mp3,Ce couteau est mal aiguisé.
10649059,Nous_vivons_dans_la_.mp3,Nous vivons dans la misère.
10713132,Tu_as_l_air_inquiet_.mp3,Tu as l'air inquiet.
9978110,On_m_a_privé_de_sort.mp3,On m'a privé de sortie.
9710644,J_ai_pleuré_à_chaude.mp3,J'ai pleuré à chaudes larmes.
10718010,Je_vous_connais_à_pe.mp3,Je vous connais à peine.
7415150,Vous_pouvez_régler_ç.mp3,Vous pouvez régler ça ?
11171612,Tu_y_seras__.mp3,Tu y seras ?
10604682,Faites_attention_aux.mp3,Faites attention aux abeilles.
10755329,C_est_dans_le_coffre.mp3,C'est dans le coffre.
11246346,C_est_chaud__pas_fro.mp3,"C'est chaud, pas froid."
7415361,Les_opposés_s_attire.mp3,Les opposés s'attirent.
10970481,Pousse_toi__s_il_te_.mp3,"Pousse-toi, s'il te plaît."
10725291,Donne_moi_ma_part_.mp3,Donne-moi ma part.
10504638,On_doit_corriger_ça_.mp3,On doit corriger ça.
10498768,La_nourriture_est_in.mp3,La nourriture est insipide.
7411787,J_ai_entendu_des_cou.mp3,J'ai entendu des coups de feu.
11183484,Ça_fait_partie_de_mo.mp3,Ça fait partie de mon travail.
10202439,J_ai_eu_une_semaine_.mp3,J'ai eu une semaine mouvementée.
11166492,Est_ce_la_vérité__.mp3,Est-ce la vérité ?
9953287,J_ai_dormi_jusqu_à_l.mp3,J'ai dormi jusqu'à l'aube.
11232477,Tu_devrais_l_acheter.mp3,Tu devrais l'acheter.
7415071,Poursuis_tes_rêves_.mp3,Poursuis tes rêves.
8409849,Ça_me_manque_déjà_.mp3,Ça me manque déjà.
10749642,C_est_l_heure_de_dor.mp3,C'est l'heure de dormir.
11470681,On_est_sur_le_point_.mp3,On est sur le point de manger.
10270861,J_ai_branché_la_télé.mp3,J'ai branché la télé.
11228614,Vous_n_êtes_pas_de_l.mp3,Vous n'êtes pas de la même famille ?
11189979,Peut_on_se_le_permet.mp3,Peut-on se le permettre ?
10540663,Nous_n_oublierons_ja.mp3,Nous n'oublierons jamais.
10259024,Ça_m_a_coûté_un_paqu.mp3,Ça m'a coûté un paquet de fric.
11179091,J_ai_fait_réparer_ma.mp3,J'ai fait réparer ma voiture.
10767899,La_rivière_s_est_ass.mp3,La rivière s'est asséchée.
7416365,Je_déteste_les_entre.mp3,Je déteste les entretiens.
9079698,Je_ne_pouvais_pas_re.mp3,Je ne pouvais pas refuser.
11145705,Mon_patron_est_un_co.mp3,Mon patron est un connard.
7414873,J_espère_que_ça_suff.mp3,J'espère que ça suffit.
10940173,Je_vais_le_faire_à_l.mp3,Je vais le faire à la main.
11052468,Ils_ne_nous_ont_pas_.mp3,Ils ne nous ont pas vus.
10768438,Comment_vont_ils_s_e.mp3,Comment vont-ils s'en sortir ?
7414881,C_est_un_mauvais_exe.mp3,C'est un mauvais exemple.
10496991,La_bière_se_boit_fra.mp3,La bière se boit fraîche.
8435298,D_habitude__je_vote_.mp3,"D'habitude, je vote."
10371106,Le_temps_est_couvert.mp3,Le temps est couvert aujourd'hui.
11039786,J_ai_acheté_de_la_pi.mp3,J'ai acheté de la pizza.
7744713,Je_me_sentais_comme_.mp3,Je me sentais comme un abruti.
8961189,Viens__assieds_toi_s.mp3,"Viens, assieds-toi sur mes genoux."
11190208,Notre_but_est_de_gag.mp3,Notre but est de gagner.
11146448,J_ai_vu_votre_dossie.mp3,J'ai vu votre dossier.
11381610,J_ai_pris_l_ascenseu.mp3,J'ai pris l'ascenseur.
8938888,J_ai_élagué_l_arbre_.mp3,J'ai élagué l'arbre.
11153372,J_ai_encore_mal_aux_.mp3,J'ai encore mal aux jambes.
10971494,J_ai_ton_numéro_.mp3,J'ai ton numéro.
11181076,C_est_chez_toi__.mp3,C'est chez toi ?
11217772,C_est_tellement_pito.mp3,C'est tellement pitoyable.
10315205,Ça_me_laisse_perplex.mp3,Ça me laisse perplexe.
11145652,Je_suis_au_bureau_.mp3,Je suis au bureau.
7415076,Ils_étaient_déjà_au_.mp3,Ils étaient déjà au courant.
7411562,J_étais_paresseux_av.mp3,J'étais paresseux avant.
10746947,Y_a_t_il_un_remède__.mp3,Y a-t-il un remède ?
7415329,Avez_vous_assassiné_.mp3,Avez-vous assassiné Tom ?
9742328,J_ai_fait_exprès_d_é.mp3,J'ai fait exprès d'échouer.
11228642,Je_me_suis_battu_de_.mp3,Je me suis battu de toutes mes forces.
6959236,Pourquoi_Tom_n_est_i.mp3,Pourquoi Tom n'est-il pas parti ?
10521447,Je_pouvais_à_peine_b.mp3,Je pouvais à peine bouger.
8412088,On_peut_rentrer_à_la.mp3,On peut rentrer à la maison ?
7726949,J_ai_fermé_la_fenêtr.mp3,J'ai fermé la fenêtre.
11026160,Je_travaillais_ici_a.mp3,Je travaillais ici avant.
8872515,Il_a_commencé_à_brui.mp3,Il a commencé à bruiner.
11181111,J_ai_adoré_cette_émi.mp3,J'ai adoré cette émission.
9927053,Les_pneus_ont_crissé.mp3,Les pneus ont crissé.
9749053,J_ai_perdu_les_élect.mp3,J'ai perdu les élections.
9738218,J_ai_éteint_la_télé_.mp3,J'ai éteint la télé.
10725292,Votre_vote_compte_.mp3,Votre vote compte.
11294649,Tape_le_avec_un_bâto.mp3,Tape-le avec un bâton.
10720972,C_est_un_pépin_mineu.mp3,C'est un pépin mineur.
11190288,J_ai_menti_aux_flics.mp3,J'ai menti aux flics.
7416308,Avez_vous_empoisonné.mp3,Avez-vous empoisonné Tom ?
9987180,On_a_partagé_l_addit.mp3,On a partagé l'addition.
8692510,Ne_sois_pas_si_pudiq.mp3,Ne sois pas si pudique.
11232876,Ne_soyons_pas_vaches.mp3,Ne soyons pas vaches.
11247853,Je_mange_rarement_du.mp3,Je mange rarement du poisson.
10970884,Chérie__tu_vas_bien_.mp3,"Chérie, tu vas bien ?"
10531307,Je_mangerai_ça_plus_.mp3,Je mangerai ça plus tard.
7416349,Je_pense_que_je_suis.mp3,Je pense que je suis fou.
11184481,J_ai_fermé_les_store.mp3,J'ai fermé les stores.
10759657,Je_ne_suis_pas_encor.mp3,Je ne suis pas encore parti.
11462510,Les_taux_d_intérêt_o.mp3,Les taux d'intérêt ont augmenté.
10635652,Les_concombres_sont_.mp3,Les concombres sont verts.
10259026,Ça_m_a_coûté_bonbon_.mp3,Ça m'a coûté bonbon.
10552467,Elle_n_a_rien_à_se_r.mp3,Elle n'a rien à se reprocher.
7411753,J_ai_compris_ça_.mp3,J'ai compris ça.
11240108,Éteins_la_lampe_.mp3,Éteins la lampe.
11296078,Tu_es_déplaisant_.mp3,Tu es déplaisant.
7411476,Tom_est_libre_lundi_.mp3,Tom est libre lundi.
7414956,Que_portiez_vous__.mp3,Que portiez-vous ?
9766024,Je_ne_suis_pas_très_.mp3,Je ne suis pas très difficile.
11426737,Il_a_plu_toute_la_se.mp3,Il a plu toute la semaine.
10703573,Avez_vous_besoin_de_.mp3,Avez-vous besoin de gants ?
11433319,J_ai_mis_mes_chaussu.mp3,J'ai mis mes chaussures.
9930592,J_ai_berné_tout_le_m.mp3,J'ai berné tout le monde.
10932439,C_est_le_grand_amour.mp3,C'est le grand amour.
10257227,Les_paresseux_mangen.mp3,Les paresseux mangent des feuilles.
10912491,J_ai_récuré_l_évier_.mp3,J'ai récuré l'évier.
10656527,Mes_objectifs_sont_a.mp3,Mes objectifs sont ambitieux.
11453954,Ça_ne_tient_pas_debo.mp3,Ça ne tient pas debout.
10494581,Le_match_est_fini__.mp3,Le match est fini ?
11247410,J_ai_supprimé_l_appl.mp3,J'ai supprimé l'appli.
10463412,Est_ce_que_tu_me_sui.mp3,Est-ce que tu me suis partout ?
10343368,C_est_un_sujet_contr.mp3,C'est un sujet controversé.
11227335,Je_me_sens_comme_un_.mp3,Je me sens comme un lion en cage.
7414875,Tom_est_un_rat_de_bi.mp3,Tom est un rat de bibliothèque.
11155899,Comment_pouvons_nous.mp3,Comment pouvons-nous nous améliorer ?
11459037,Il_y_a_encore_de_l_e.mp3,Il y a encore de l'espoir.
10061854,Ne_te_fais_pas_du_mo.mp3,Ne te fais pas du mouron pour ça.
11228288,Je_me_sentais_vraime.mp3,Je me sentais vraiment bien.
7410762,C_est_la_voiture_de_.mp3,C'est la voiture de Tom ?
10568825,Quelle_quantité_de_n.mp3,Quelle quantité de neige est tombée ?
11229051,Ils_ont_regardé_à_l_.mp3,Ils ont regardé à l'intérieur.
11228604,Je_marche_en_boitant.mp3,Je marche en boitant.
7411751,Je_dois_répéter_.mp3,Je dois répéter.
10825403,Arrête_de_m_imiter_.mp3,Arrête de m'imiter.
10087843,Je_suis_nul_au_golf_.mp3,Je suis nul au golf.
8412266,Chante_moi_une_berce.mp3,Chante-moi une berceuse.
11381600,Je_n_ai_même_pas_dem.mp3,Je n'ai même pas demandé.
10624461,Comment_puis_je_riva.mp3,Comment puis-je rivaliser ?
10591791,J_ai_obéi_à_mes_pare.mp3,J'ai obéi à mes parents.
10932438,J_ai_eu_tes_messages.mp3,J'ai eu tes messages.
8987235,Mes_objectifs_sont_n.mp3,Mes objectifs sont nobles.
11448124,Veuillez_nous_pardon.mp3,Veuillez nous pardonner.
11474601,Je_regarde_trop_la_t.mp3,Je regarde trop la télé.
7416309,Tu_as_empoisonné_Tom.mp3,Tu as empoisonné Tom ?
11164792,Je_peux_passer_un_co.mp3,Je peux passer un coup de fil.
11063490,Ma_fermeture_éclair_.mp3,Ma fermeture éclair est coincée.
10714532,Je_chante_très_mal_.mp3,Je chante très mal.
11433348,C_est_un_choix_diffi.mp3,C'est un choix difficile.
10943105,J_ai_réussi_à_m_écha.mp3,J'ai réussi à m'échapper.
9836779,J_utilise_des_vers_c.mp3,J'utilise des vers comme appât.
9623686,On_n_est_pas_en_sécu.mp3,On n'est pas en sécurité ici.
8435330,Je_ne_peux_pas_être_.mp3,Je ne peux pas être plus d'accord.
11143083,Ça_ne_peut_pas_être_.mp3,Ça ne peut pas être réparé.
10327694,Je_me_suis_réveillé_.mp3,Je me suis réveillé avant l'aube.
11282539,Personne_ne_te_fait_.mp3,Personne ne te fait confiance.
7416077,Moi_aussi_je_m_appel.mp3,Moi aussi je m'appelle Tom.
10968868,Je_vais_acheter_à_ma.mp3,Je vais acheter à manger.
7730409,Ça_me_dit_quelque_ch.mp3,Ça me dit quelque chose.
10212721,Il_n_y_a_pas_âme_qui.mp3,Il n'y a pas âme qui vive ici.
10014860,Quelle_idée_de_mauva.mp3,Quelle idée de mauvais goût !
7412158,Pourquoi_ai_je_obten.mp3,Pourquoi ai-je obtenu un « satisfaisant » ?
11154051,Je_suis_à_l_hôpital_.mp3,Je suis à l'hôpital.
9766035,Je_peux_t_en_procure.mp3,Je peux t'en procurer plus.
7414858,Je_suis_de_bonne_hum.mp3,Je suis de bonne humeur.
9766052,J_ai_besoin_d_une_am.mp3,J'ai besoin d'une ambulance.
11426621,Nous_avons_fait_une_.mp3,Nous avons fait une erreur.
8414103,Ne_sois_pas_trop_arr.mp3,Ne sois pas trop arrogant.
7415303,Combien_je_dois_à_To.mp3,Combien je dois à Tom ?
7411554,Je_me_suis_levé_lent.mp3,Je me suis levé lentement.
7414748,Je_ne_l_ai_pas_comma.mp3,Je ne l'ai pas commandé.
10970881,Faisons_un_bras_de_f.mp3,Faisons un bras de fer.
7414671,Tom_n_a_pas_battu_en.mp3,Tom n'a pas battu en retraite.
10758998,Je_n_ai_pas_besoin_d.mp3,Je n'ai pas besoin de celles-ci.
11228448,C_est_tellement_puér.mp3,C'est tellement puéril.
11166596,Tu_ne_te_reposes_jam.mp3,Tu ne te reposes jamais ?
11188924,Ne_perdez_pas_patien.mp3,Ne perdez pas patience.
9117897,J_ai_tourné_ces_imag.mp3,J'ai tourné ces images.
7414880,Tom_travaille_ici__.mp3,Tom travaille ici ?
8413563,Vous_pouvez_lâcher_p.mp3,Vous pouvez lâcher prise maintenant.
7414683,Le_jugement_a_été_pr.mp3,Le jugement a été prononcé.
8414118,Ne_sois_pas_si_radin.mp3,Ne sois pas si radin.
11181124,J_ai_une_mauvaise_au.mp3,J'ai une mauvaise audition.
10846434,Le_destin_nous_a_sép.mp3,Le destin nous a séparés.
7412270,Prends_de_l_aspirine.mp3,Prends de l'aspirine.
10491572,Je_laverai_ta_voitur.mp3,Je laverai ta voiture.
11243161,Ça_fait_un_mois_.mp3,Ça fait un mois.
10750027,C_est_une_question_é.mp3,C'est une question épineuse.
11153354,Je_ne_peux_pas_bouge.mp3,Je ne peux pas bouger ma jambe.
9699132,Clique_sur_le_bouton.mp3,Clique sur le bouton OK.
11035519,Je_ne_me_suis_pas_fâ.mp3,Je ne me suis pas fâché.
10604685,Il_fait_frais_dehors.mp3,Il fait frais dehors.
8943750,Elle_a_horreur_de_co.mp3,Elle a horreur de courir.
11321530,Le_magasin_est_il_ou.mp3,Le magasin est-il ouvert ?
10061856,Ne_te_tracasse_pas_p.mp3,Ne te tracasse pas pour ça.
9679868,Il_a_fait_la_roue_.mp3,Il a fait la roue.
7414672,Tom_a_de_nombreux_ch.mp3,Tom a de nombreux chats.
8943756,J_ai_horreur_des_mou.mp3,J'ai horreur des moustiques.
10612564,Je_ne_suis_pas_un_co.mp3,Je ne suis pas un cobaye.
10923896,Apportez_moi_une_aut.mp3,Apportez-moi une autre bière.
7730568,Je_déteste_les_jours.mp3,Je déteste les jours de pluie.
9729841,Je_vous_ai_entendu_c.mp3,Je vous ai entendu chuchoter.
7412041,Par_où_commençons_no.mp3,Par où commençons-nous ?
11218020,Ça_me_déprime_.mp3,Ça me déprime.
7411546,Je_pense_être_intell.mp3,Je pense être intelligent.
11155941,J_ai_taillé_la_haie_.mp3,J'ai taillé la haie.
10515261,Je_suis_le_plus_fort.mp3,Je suis le plus fort.
10510804,Je_dors_sur_le_dos_.mp3,Je dors sur le dos.
10630579,J_ai_dormi_comme_une.mp3,J'ai dormi comme une masse.
10518361,Tu_n_aimes_pas_les_c.mp3,Tu n'aimes pas les chats ?
11179095,Je_sais_que_tu_es_fu.mp3,Je sais que tu es furieux.
11188908,Je_déteste_perdre_de.mp3,Je déteste perdre de l'argent.
10923702,Nous_étions_jeunes_à.mp3,Nous étions jeunes à l'époque.
10971246,Je_hais_la_plupart_d.mp3,Je hais la plupart des gens.
10206745,J_aurais_pu_me_noyer.mp3,J'aurais pu me noyer.
7411556,J_ai_commencé_à_écri.mp3,J'ai commencé à écrire.
9704470,J_aime_la_cuisine_ép.mp3,J'aime la cuisine épicée.
11164726,Tu_veux_que_je_te_dé.mp3,Tu veux que je te dépose quelque part ?
11146864,Les_araignées_me_dég.mp3,Les araignées me dégoûtent.
10498765,Ce_n_était_pas_en_so.mp3,Ce n'était pas en solde.
7414733,Je_ne_le_confirmerai.mp3,Je ne le confirmerai pas.
10902030,J_ai_pris_deux_photo.mp3,J'ai pris deux photos.
7411960,Je_voulais_danser_.mp3,Je voulais danser.
10599305,Je_peux_caresser_ton.mp3,Je peux caresser ton chat ?
11155380,Ce_n_est_pas_si_inha.mp3,Ce n'est pas si inhabituel.
11166876,J_ai_failli_être_tué.mp3,J'ai failli être tué.
11031570,Nous_étions_tous_les.mp3,Nous étions tous les deux heureux.
11353850,Ils_ont_l_air_inquie.mp3,Ils ont l'air inquiets.
10019604,Mon_intuition_était_.mp3,Mon intuition était bonne.
10503331,J_aime_le_papier_gla.mp3,J'aime le papier glacé.
11460897,Tu_ne_fais_que_trava.mp3,Tu ne fais que travailler.
11234250,Je_suis_extrêmement_.mp3,Je suis extrêmement riche.
7411547,J_ai_mangé_du_fromag.mp3,J'ai mangé du fromage.
10969228,C_est_moi_qui_ai_eu_.mp3,C'est moi qui ai eu l'idée.
11166391,J_ai_vu_le_bateau_co.mp3,J'ai vu le bateau couler.
7412110,Qui_se_plaint__.mp3,Qui se plaint ?
11143099,J_ai_plongé_de_la_je.mp3,J'ai plongé de la jetée.
7415209,Je_n_en_doute_pas_.mp3,Je n'en doute pas.
11229703,Ceci_est_un_avertiss.mp3,Ceci est un avertissement.
10071068,J_espère_que_ça_va_m.mp3,J'espère que ça va marcher.
11223512,Je_ne_lui_pardonnera.mp3,Je ne lui pardonnerai pas.
9767738,N_aie_pas_l_air_si_t.mp3,N'aie pas l'air si triste.
10544041,Tu_es_vraiment_sûr__.mp3,Tu es vraiment sûr ?
11179256,Tout_le_monde_en_veu.mp3,Tout le monde en veut un.
10810002,Je_marchais_seul_.mp3,Je marchais seul.
9761517,Je_ferais_mieux_de_r.mp3,Je ferais mieux de rentrer chez moi.
11227772,Je_reste_dubitatif_.mp3,Je reste dubitatif.
7410822,J_ai_mangé_des_cacah.mp3,J'ai mangé des cacahuètes.
11138588,Ne_t_énerve_pas_cont.mp3,Ne t'énerve pas contre moi.
10802369,Je_pense_que_j_ai_as.mp3,Je pense que j'ai assuré.
11230870,Je_ne_bois_pas_de_so.mp3,Je ne bois pas de soda.
11426642,Ça_doit_être_la_grip.mp3,Ça doit être la grippe.
10574225,C_est_du_lait_écrémé.mp3,C'est du lait écrémé.
11217251,C_était_il_y_a_belle.mp3,C'était il y a belle lurette.
11168656,J_ai_déjà_commandé_.mp3,J'ai déjà commandé.
9741211,Je_serai_bientôt_cha.mp3,Je serai bientôt chauve.
11153364,Les_fourmis_ont_six_.mp3,Les fourmis ont six pattes.
7730476,C_est_un_bon_exercic.mp3,C'est un bon exercice.
11152594,Je_travaille_dans_un.mp3,Je travaille dans une usine.
9753404,Quel_comportement_ig.mp3,Quel comportement ignoble !
10508798,Je_ne_partirai_pas_d.mp3,Je ne partirai pas d'ici.
9741214,Je_suis_dégarni_.mp3,Je suis dégarni.
11152595,Je_travaille_souvent.mp3,Je travaille souvent tard.
9946127,J_ai_trébuché_et_je_.mp3,J'ai trébuché et je suis tombé.
7416351,Donne_moi_ce_balai_.mp3,Donne-moi ce balai.
11145706,Ne_le_dis_pas_au_pat.mp3,Ne le dis pas au patron.
181506,On_m_a_volé_mon_sac_.mp3,On m'a volé mon sac.
9987148,Nous_ne_sommes_pas_d.mp3,Nous ne sommes pas difficiles.
11218015,La_tempête_s_est_cal.mp3,La tempête s'est calmée.
7415126,Tom_est_devenu_dingu.mp3,Tom est devenu dingue.
11227610,Je_suis_dans_de_beau.mp3,Je suis dans de beaux draps.
10713303,Ne_sois_pas_si_insis.mp3,Ne sois pas si insistant.
7412148,Donne_moi_ce_sac_.mp3,Donne-moi ce sac.
11166628,Vous_pouvez_me_laiss.mp3,Vous pouvez me laisser passer ?
7415165,Qu_est_ce_qu_il_y_a_.mp3,Qu'est-ce qu'il y a à la télé en ce moment ?
11165600,Réparez_cela__s_il_v.mp3,"Réparez cela, s'il vous plaît."
7414837,Allez__dépêche_toi_.mp3,"Allez, dépêche-toi."
7415196,Appelle_ton_frère_.mp3,Appelle ton frère.
10971253,Ça_m_a_fait_sourire_.mp3,Ça m'a fait sourire.
10520166,Je_chante_mal_.mp3,Je chante mal.
9729956,J_ai_essayé_de_me_ca.mp3,J'ai essayé de me cacher.
7411954,Je_ne_mange_pas_de_p.mp3,Je ne mange pas de poisson.
7414848,Je_me_suis_fait_vacc.mp3,Je me suis fait vacciner contre la grippe.
11297763,Faites_comme_bon_vou.mp3,Faites comme bon vous semble.
10503338,Voici_une_couverture.mp3,Voici une couverture.
10552009,Qu_est_ce_qui_est_en.mp3,Qu'est-ce qui est en jeu ?
8428574,Je_sais_que_ça_fait_.mp3,Je sais que ça fait mal.
10957837,Ne_sois_pas_si_gross.mp3,Ne sois pas si grossier.
11241778,J_ai_rempli_la_baign.mp3,J'ai rempli la baignoire.
10629529,On_se_retrouve_plus_.mp3,On se retrouve plus tard.
11236298,Pourquoi_ai_je_été_e.mp3,Pourquoi ai-je été exclu ?
10485895,J_ai_appris_le_franç.mp3,J'ai appris le français.
10485882,L_herbe_est_mouillée.mp3,L'herbe est mouillée.
11157115,J_avais_besoin_de_vi.mp3,J'avais besoin de vider mon sac.
10540571,Puis_je_voir_une_piè.mp3,Puis-je voir une pièce d'identité ?
7414644,Laisse_moi_appeler_T.mp3,Laisse-moi appeler Tom.
7411533,C_est_notre_train_.mp3,C'est notre train.
10068633,Ce_n_est_pas_ma_tail.mp3,Ce n'est pas ma taille.
11241950,Arrête_de_m_envoyer_.mp3,Arrête de m'envoyer des textos.
7414899,Tom_était_enchanté_.mp3,Tom était enchanté.
10054052,Ça_va_mal_finir_.mp3,Ça va mal finir.
7416315,Tom_a_donné_le_nom_d.mp3,Tom a donné le nom de l'endroit ?
10312007,Il_est_resté_sans_vo.mp3,Il est resté sans voix.
7416481,Tom_était_furieux_.mp3,Tom était furieux.
10265960,Tu_t_encroûtes_.mp3,Tu t'encroûtes.
10883087,Arrête_de_dire_ça__.mp3,Arrête de dire ça !
7745896,Mon_chien_a_des_puce.mp3,Mon chien a des puces.
11164809,Cela_a_attiré_mon_at.mp3,Cela a attiré mon attention.
11168111,J_ai_de_l_ambition_.mp3,J'ai de l'ambition.
10087846,Je_suis_nul_en_cuisi.mp3,Je suis nul en cuisine.
7412101,Tom_l_a_remarqué_.mp3,Tom l'a remarqué.
7411792,Tom_avait_l_air_occu.mp3,Tom avait l'air occupé.
10816633,Arrête_de_m_enquiqui.mp3,Arrête de m'enquiquiner.
10710606,Tu_peux_prendre_le_r.mp3,Tu peux prendre le relais ?
7414999,On_s_est_changés_.mp3,On s'est changés.
10556312,Aide_moi_à_faire_le_.mp3,Aide-moi à faire le ménage.
7412372,Tom_éternue_.mp3,Tom éternue.
10327695,On_part_dès_l_aube_.mp3,On part dès l'aube.
11156081,J_ai_essayé_d_aider_.mp3,J'ai essayé d'aider.
11323202,Cela_fera_gagner_du_.mp3,Cela fera gagner du temps.
9930608,Je_suis_vraiment_un_.mp3,Je suis vraiment un idiot.
11434960,Je_n_étais_pas_moi_m.mp3,Je n'étais pas moi-même.
7745789,Ferme_la_fermeture_d.mp3,Ferme la fermeture de ton manteau.
7412030,J_ai_été_renvoyé_à_l.mp3,J'ai été renvoyé à la maison.
10767719,Nous_sortons_raremen.mp3,Nous sortons rarement.
10519008,Arrête_de_chercher_l.mp3,Arrête de chercher la petite bête.
11138639,Éteins_le_ventilateu.mp3,Éteins le ventilateur.
10540495,Ça_m_inquiétait_.mp3,Ça m'inquiétait.
11217785,Chaque_vote_compte_.mp3,Chaque vote compte.
11225231,J_ai_dormi_à_poings_.mp3,J'ai dormi à poings fermés.
8915627,Ratissez_les_feuille.mp3,Ratissez les feuilles.
10476238,J_ai_changé_de_vites.mp3,J'ai changé de vitesse.
7412402,Tom_tremble_.mp3,Tom tremble.
11054560,Le_lac_est_il_profon.mp3,Le lac est-il profond ?
9623620,Voici_l_addition_.mp3,Voici l'addition.
11228685,Ne_me_regarde_pas_bê.mp3,Ne me regarde pas bêtement.
10703607,J_ai_perdu_mon_enfan.mp3,J'ai perdu mon enfant.
7415084,On_a_énervé_Tom_.mp3,On a énervé Tom.
11489929,Je_ne_peux_pas_t_en_.mp3,Je ne peux pas t'en empêcher.
10725284,Nous_sommes_ouverts_.mp3,"Nous sommes ouverts 24 heures sur 24, 7 jours sur 7."
10761111,Je_suis_monté_dans_l.mp3,Je suis monté dans le taxi.
7744909,Comment_ça_s_appelle.mp3,Comment ça s'appelle ?
7411790,Tom_doit_rester_.mp3,Tom doit rester.
7415098,Je_ne_suis_pas_crédu.mp3,Je ne suis pas crédule.
11168026,Tu_as_mal_entendu_.mp3,Tu as mal entendu.
10672794,La_vie_peut_être_sym.mp3,La vie peut être sympa.
7411803,Qui_d_autre_l_utilis.mp3,Qui d'autre l'utilise ?
11230239,C_est_un_pur_hasard_.mp3,C'est un pur hasard.
7416344,Comment_était_le_mat.mp3,Comment était le match ?
7414884,Finis_ton_travail_.mp3,Finis ton travail.
11252508,On_l_a_fait_deux_foi.mp3,On l'a fait deux fois.
11238377,Allonge_toi_sur_le_c.mp3,Allonge-toi sur le canapé.
10712948,Tiens__sers_toi_de_m.mp3,"Tiens, sers-toi de mon stylo."
7415114,C_est_lamentable__.mp3,C'est lamentable !
11223494,C_est_donné_.mp3,C'est donné.
7414054,Tom_ne_mourra_pas_de.mp3,Tom ne mourra pas de faim.
10496576,Ne_sois_pas_si_moros.mp3,Ne sois pas si morose.
7414744,Tom_s_en_souviendra_.mp3,Tom s'en souviendra.
7411988,Je_peux_l_expliquer_.mp3,Je peux l'expliquer.
11222395,J_ai_besoin_de_me_co.mp3,J'ai besoin de me concentrer.
10228075,J_ai_signé_un_bail_.mp3,J'ai signé un bail.
11166653,Il_faut_que_je_me_dé.mp3,Il faut que je me décide.
7414678,Pose_la_boîte_.mp3,Pose la boîte.
7414883,Tom_est_une_cause_pe.mp3,Tom est une cause perdue.
7413978,Est_ce_que_Tom_est_e.mp3,Est-ce que Tom est en train de nager ?
7416310,Tom_était_sérieux__.mp3,Tom était sérieux ?
7415356,Nous_allons_camper_i.mp3,Nous allons camper ici.
7416317,Tom_t_a_fait_du_mal_.mp3,Tom t'a fait du mal ?
10713319,Je_l_ai_relu_.mp3,Je l'ai relu.
11229087,Arrête_de_me_pincer_.mp3,Arrête de me pincer.
10973118,Ils_en_ont_plein_.mp3,Ils en ont plein.
10699341,Le_cheval_a_rué_.mp3,Le cheval a rué.
9707505,Je_dors_à_l_étage_.mp3,Je dors à l'étage.
10505424,Ce_mec_est_bizarre_.mp3,Ce mec est bizarre.
10758655,Je_crois_que_je_vais.mp3,Je crois que je vais pleurer.
7410679,Octobre_est_terminé_.mp3,Octobre est terminé.
11238423,Prête_moi_ton_stylo_.mp3,Prête-moi ton stylo.
9729924,Je_ne_peux_pas_le_ni.mp3,Je ne peux pas le nier.
10649039,Quand_ouvrez_vous__.mp3,Quand ouvrez-vous ?
7414908,Viens_t_asseoir_.mp3,Viens t'asseoir.
10074640,Mes_cheveux_sont_gri.mp3,Mes cheveux sont gris.
10718106,Nous_n_avons_pas_de_.mp3,Nous n'avons pas de règles.
7416223,Tom_porte_une_bague_.mp3,Tom porte une bague.
7414832,Tom_a_tabassé_Mary_.mp3,Tom a tabassé Mary.
9953293,Attends_que_j_appell.mp3,Attends que j'appelle.
7415324,Tom_est_entêté_.mp3,Tom est entêté.
10944376,Je_connais_le_coin_.mp3,Je connais le coin.
10521371,Quelqu_un_sait__.mp3,Quelqu'un sait ?
7411811,Où_est_ma_serviette_.mp3,Où est ma serviette de toilette ?
11433212,Arrêtez_vous_ici__s_.mp3,"Arrêtez-vous ici, s'il vous plaît."
10971467,Je_ne_l_ai_pas_dit__.mp3,Je ne l'ai pas dit ?
10485986,La_voiture_est_prête.mp3,La voiture est prête ?
7414967,Tu_es_un_problème_.mp3,Tu es un problème.
9707425,Je_mange_rarement_au.mp3,Je mange rarement au restaurant.
7415175,C_est_important__.mp3,C'est important ?
10699662,Mon_enfant_est_malad.mp3,Mon enfant est malade.
11230864,Qui_vient_d_appeler_.mp3,Qui vient d'appeler ?
10184428,Pétrissez_la_pâte_.mp3,Pétrissez la pâte.
7414893,Faisons_voler_des_ce.mp3,Faisons voler des cerfs-volants.
7415063,Essaie_de_te_souveni.mp3,Essaie de te souvenir !
11214467,Assieds_toi_plus_prè.mp3,Assieds-toi plus près de moi.
11167813,Je_sais_que_tu_as_me.mp3,Je sais que tu as menti.
11214475,Ne_sois_pas_égoïste_.mp3,Ne sois pas égoïste.
7416314,Tom_a_encore_gagné__.mp3,Tom a encore gagné ?
11223490,Je_viens_d_emménager.mp3,Je viens d'emménager.
11041326,Ils_nous_ont_tendu_u.mp3,Ils nous ont tendu une embuscade.
11182673,Je_voulais_me_venger.mp3,Je voulais me venger.
10744886,Pourquoi_as_tu_crié_.mp3,Pourquoi as-tu crié ?
7411747,Où_est_ma_bière__.mp3,Où est ma bière ?
11168689,Nous_n_avions_aucune.mp3,Nous n'avions aucune preuve.
7411530,J_étais_bien_occupé_.mp3,J'étais bien occupé.
10215803,Allons_faire_du_bowl.mp3,Allons faire du bowling.
7415271,Voilà_votre_bureau_.mp3,Voilà votre bureau.
10751019,Je_suis_bègue_.mp3,Je suis bègue.
11327110,Passez_nous_voir_un_.mp3,Passez nous voir un de ces jours.
10962820,Je_suis_allé_cherche.mp3,Je suis allé chercher de l'aide.
10971038,Jusqu_ici__tout_va_b.mp3,"Jusqu'ici, tout va bien."
8412179,Je_travaille_à_plein.mp3,Je travaille à plein temps.
7411537,Je_suis_livreur_de_p.mp3,Je suis livreur de pizzas.
10709911,Ils_ne_changeront_pa.mp3,Ils ne changeront pas d'avis.
10312008,Il_est_resté_muet_.mp3,Il est resté muet.
7414864,Tom_a_fait_cuire_un_.mp3,Tom a fait cuire un œuf.
11234712,Je_suis_pratiquement.mp3,Je suis pratiquement prêt.
10670756,C_est_devenu_une_hab.mp3,C'est devenu une habitude.
7412002,J_étais_victorieux_.mp3,J'étais victorieux.
9721969,Perfectionnez_vos_co.mp3,Perfectionnez vos compétences.
11185227,Oubliez_vos_soucis_.mp3,Oubliez vos soucis.
7411552,J_ai_commencé_à_trav.mp3,J'ai commencé à travailler.
7415143,Peux_tu_sauter_à_la_.mp3,Peux-tu sauter à la corde ?
10713308,J_ai_fait_des_spaghe.mp3,J'ai fait des spaghettis.
9930607,Ne_te_fais_pas_avoir.mp3,Ne te fais pas avoir.
11483084,Maintenant__sois_rai.mp3,"Maintenant, sois raisonnable."
7417900,Le_vent_mugissait_.mp3,Le vent mugissait.
7415160,Arrête_de_me_mentir_.mp3,Arrête de me mentir !
11235169,J_ai_ouvert_le_couve.mp3,J'ai ouvert le couvercle.
11154028,Appelle_l_hôpital_.mp3,Appelle l'hôpital.
7416356,Je_suis_menuisier_.mp3,Je suis menuisier.
10087841,Quelle_journée_pourr.mp3,Quelle journée pourrie !
11468712,On_a_fait_notre_part.mp3,On a fait notre part.
7411513,C_est_bon_.mp3,C'est bon.
7411978,J_étais_bien_réveill.mp3,J'étais bien réveillé.
7416311,Tom_est_resté_longte.mp3,Tom est resté longtemps ?
10642538,Elle_a_le_vent_en_po.mp3,Elle a le vent en poupe.
8638959,Tenez_compte_de_tous.mp3,Tenez compte de tous les avertissements.
7412350,Tom_mourait_de_faim_.mp3,Tom mourait de faim.
10653350,Tu_me_fais_mourir_de.mp3,Tu me fais mourir de rire.
11034556,N_en_mets_pas_partou.mp3,N'en mets pas partout.
7417943,Le_chien_est_malin_.mp3,Le chien est malin.
11225230,J_ai_dormi_profondém.mp3,J'ai dormi profondément.
7415040,J_en_ai_les_moyens_.mp3,J'en ai les moyens.
7415319,Je_ne_peux_pas_le_pr.mp3,Je ne peux pas le prouver.
8923078,Ne_sois_pas_si_mesqu.mp3,Ne sois pas si mesquin.
11242226,Plie_la_couverture_.mp3,Plie la couverture.
11148092,Tu_sais_sauter_à_la_.mp3,Tu sais sauter à la corde ?
10290781,Arrête_de_te_moquer_.mp3,Arrête de te moquer de moi.
7415350,Es_tu_confiant__.mp3,Es-tu confiant ?
10485154,J_ai_trouvé_une_idée.mp3,J'ai trouvé une idée.
10943588,Ralentissons_.mp3,Ralentissons.
10937419,Personne_n_a_survécu.mp3,Personne n'a survécu.
7414777,Tom_est_gymnaste_.mp3,Tom est gymnaste.
7414980,J_ai_confiance_en_vo.mp3,J'ai confiance en vous tous.
7414737,Tom_nous_a_tous_sauv.mp3,Tom nous a tous sauvés.
9940263,Va_chercher_une_autr.mp3,Va chercher une autre chaise.
8943745,Il_a_horreur_des_ara.mp3,Il a horreur des araignées.
9941711,Je_me_suis_cogné_le_.mp3,Je me suis cogné le genou.
7411986,Je_ne_peux_pas_encor.mp3,Je ne peux pas encore lire.
11153882,C_est_ma_réponse_.mp3,C'est ma réponse.
7411485,Ils_t_ont_vu_.mp3,Ils t'ont vu.
7414668,Je_parie_que_ça_marc.mp3,Je parie que ça marche.
11247356,Par_ici__monsieur_.mp3,"Par ici, monsieur."
7412114,Je_ne_sais_pas_dessi.mp3,Je ne sais pas dessiner.
7416324,Tom_a_voté__.mp3,Tom a voté ?
8955950,T_es_un_marrant_.mp3,T'es un marrant.
10552696,C_est_du_pipeau_.mp3,C'est du pipeau.
9987176,On_s_est_séparés_.mp3,On s'est séparés.
9706188,C_est_courant__.mp3,C'est courant ?
7414638,Tom_est_tranquille_.mp3,Tom est tranquille.
7410704,Est_ce_que_Tom_boit_.mp3,Est-ce que Tom boit ?
10709913,Je_ne_céderai_pas_.mp3,Je ne céderai pas.
10709912,Je_n_ai_pas_transigé.mp3,Je n'ai pas transigé.
7411478,Ils_le_sauront_.mp3,Ils le sauront.
7413934,Tom_a_insisté_.mp3,Tom a insisté.
7413931,Tom_a_eu_son_diplôme.mp3,Tom a eu son diplôme.
7412031,Nous_avions_des_dout.mp3,Nous avions des doutes.
11172039,J_ai_failli_gagner_.mp3,J'ai failli gagner.
10749980,C_est_un_ouï_dire_.mp3,C'est un ouï-dire.
11179916,J_achèterai_à_manger.mp3,J'achèterai à manger.
7413930,Tom_a_fait_signe_de_.mp3,Tom a fait signe de la main.
7414667,Fin_de_la_récréation.mp3,Fin de la récréation.
10678898,Arrête_de_faire_la_t.mp3,Arrête de faire la tête.
10654490,Je_sèche_.mp3,Je sèche.
10700552,Faites_la_queue_.mp3,Faites la queue.
7415059,Ferme_le_livre_.mp3,Ferme le livre.
11489913,Je_connais_le_chemin.mp3,Je connais le chemin.
7414652,On_a_la_tête_qui_tou.mp3,On a la tête qui tourne.
8961176,Viens_t_asseoir_à_cô.mp3,Viens t'asseoir à côté de moi.
7414970,Envoie_moi_Tom__.mp3,Envoie-moi Tom !
10518373,Lâche_ce_couteau_.mp3,Lâche ce couteau.
7414962,Vous_êtes_inquiets_.mp3,Vous êtes inquiets.
11061520,Patientez_.mp3,Patientez.
7415347,Tom_est_inoffensif_.mp3,Tom est inoffensif.
7411483,Ils_sont_entrés_.mp3,Ils sont entrés.
7412081,Tom_va_perdre_.mp3,Tom va perdre.
7412055,Tom_a_à_faire_.mp3,Tom a à faire.
7415011,Tom_m_a_vu_.mp3,Tom m'a vu.
7412090,Tom_a_froid_.mp3,Tom a froid.
10721634,Ouvre_la_cage_.mp3,Ouvre la cage.
10649063,Qui_n_est_pas_d_acco.mp3,Qui n'est pas d'accord ?
9075938,C_est_devenu_viral_.mp3,C'est devenu viral.
7414960,Thomas_plaisante__.mp3,Thomas plaisante ?
10612532,Tout_le_monde_peut_s.mp3,Tout le monde peut s'inscrire.
7412069,Tom_est_coriace_.mp3,Tom est coriace.
11153410,Bouge_toi_.mp3,Bouge-toi.
11039784,Je_ne_suis_pas_un_an.mp3,Je ne suis pas un ange.
8961183,Viens_t_asseoir_à_cô.mp3,Viens t'asseoir à côté de nous.
7414757,C_est_près_d_ici__.mp3,C'est près d'ici ?
7414761,Comment_était_le_déj.mp3,Comment était le déjeuner ?
11153411,Grouille_toi_.mp3,Grouille-toi.
8961174,Je_peux_m_asseoir_ic.mp3,Je peux m'asseoir ici ?
10123616,J_aime_les_pruneaux_.mp3,J'aime les pruneaux.
11153412,Magne_toi_.mp3,Magne-toi.
11141130,Il_y_a_quelqu_un__.mp3,Il y a quelqu'un ?
7414708,Tom_gagne_.mp3,Tom gagne.
7414673,Tom_était_au_courant.mp3,Tom était au courant ?
9930594,Quel_imbécile__.mp3,Quel imbécile !
9761852,Vous_me_manquez_tous.mp3,Vous me manquez tous.
10754432,Tiens__prends_le_.mp3,"Tiens, prends-le."
7414698,Tom_siffla_.mp3,Tom siffla.
11185228,J_ai_tout_avoué_.mp3,J'ai tout avoué.
7411479,Ils_sont_nouveaux_.mp3,Ils sont nouveaux.
11179295,Je_lui_faisais_confi.mp3,Je lui faisais confiance.
7413925,Qui_démissionne__.mp3,Qui démissionne ?
7415031,Emporte_le_.mp3,Emporte-le.
10703574,Nous_sommes_des_réfu.mp3,Nous sommes des réfugiés.
7411481,Elles_m_aiment_.mp3,Elles m'aiment.
9978092,Je_suis_privé_de_sor.mp3,Je suis privé de sortie.
11443742,Quel_bouffon__.mp3,Quel bouffon !
11156061,Ça_a_aidé__.mp3,Ça a aidé ?
10014887,J_ai_hélé_un_taxi_.mp3,J'ai hélé un taxi.
7411783,Tom_ne_va_pas_bien_.mp3,Tom ne va pas bien.
11221433,On_s_est_perdus_.mp3,On s'est perdus.
7412303,Tom_halète_.mp3,Tom halète.
8435352,Tu_peux_le_faire__.mp3,Tu peux le faire ?
7411467,Arrête_toi_là_.mp3,Arrête-toi là.
7414692,Tom_est_patient_.mp3,Tom est patient.
7414705,Devinez__.mp3,Devinez !
7416599,Demande_à_un_spécial.mp3,Demande à un spécialiste.
7411489,Tom_me_connaît_.mp3,Tom me connaît.
7412095,Tom_est_riche_.mp3,Tom est riche.
3994566,Ne_sois_pas_idiot_.mp3,Ne sois pas idiot.
10351443,Réfléchis_y_bien_.mp3,Réfléchis-y bien.
7414790,C_est_pour_quoi_fair.mp3,C'est pour quoi faire ?
10120066,Je_me_suis_sentie_ig.mp3,Je me suis sentie ignorée.
11356576,Vous_m_excuserez_pou.mp3,Vous m'excuserez pour le désordre.
7410791,Sois_prudent__Tom_.mp3,"Sois prudent, Tom."
7414766,Il_vous_faut_une_clé.mp3,Il vous faut une clé.
7411758,Je_suis_en_haut_.mp3,Je suis en haut.
7412083,Tom_le_saura_.mp3,Tom le saura.
10965955,Aide_moi_à_me_lever_.mp3,Aide-moi à me lever.
11322255,Maintenant__ferme_la.mp3,"Maintenant, ferme-la."
10465730,J_ai_eu_le_poste_.mp3,J'ai eu le poste.
11154108,Je_me_teins_les_chev.mp3,Je me teins les cheveux.
10512141,Appuyez_sur_Entrée_.mp3,Appuyez sur Entrée.
10652310,Je_me_suis_fait_plum.mp3,Je me suis fait plumer.
7412362,C_est_vivant__.mp3,C'est vivant !
7412022,Tu_t_es_mouillé__.mp3,Tu t'es mouillé ?
7414795,Qui_reste__.mp3,Qui reste ?
7413924,Va_chercher_Tom_.mp3,Va chercher Tom.
10370366,Est_ce_que_je_ronfle.mp3,Est-ce que je ronfle ?
10522698,Les_fleurs_éclosent_.mp3,Les fleurs éclosent.
9987177,Ils_se_sont_séparés_.mp3,Ils se sont séparés.
9766082,J_en_sais_beaucoup_.mp3,J'en sais beaucoup.
7411749,Tom_a_du_talent_.mp3,Tom a du talent.
9741205,Je_perds_mes_cheveux.mp3,Je perds mes cheveux.
10491537,Tu_ne_manges_pas__.mp3,Tu ne manges pas ?
10718636,Ne_sois_pas_radin_.mp3,Ne sois pas radin.
11229686,Nous_avons_chanté_en.mp3,Nous avons chanté en duo.
7414955,Lisez_le_à_haute_voi.mp3,Lisez-le à haute voix.
11167691,Prenez_du_gâteau_.mp3,Prenez du gâteau.
7411809,Je_ne_lis_pas_.mp3,Je ne lis pas.
7414887,Tom_a_le_cancer_.mp3,Tom a le cancer.
9730642,J_ai_été_pris_de_ver.mp3,J'ai été pris de vertige.
10465684,Je_peux_passer__.mp3,Je peux passer ?
7416092,J_aime_bien_Tom_.mp3,J'aime bien Tom.
9749122,On_m_a_tiré_dessus_.mp3,On m'a tiré dessus.
7411799,Tom_le_sait_mieux_qu.mp3,Tom le sait mieux que quiconque.
9033468,Le_temps_file_.mp3,Le temps file.
7411484,Ils_ont_réussi_cela_.mp3,Ils ont réussi cela.
7416389,Va_prendre_un_bain__.mp3,Va prendre un bain !
7415981,Tom_est_ici__.mp3,Tom est ici ?
10356054,Essuie_la_table_.mp3,Essuie la table.
11221459,Nous_nous_sommes_per.mp3,Nous nous sommes perdus.
7412105,Tom_m_a_frappé_.mp3,Tom m'a frappé.
11237615,J_ai_reçu_une_lettre.mp3,J'ai reçu une lettre.
9080663,C_est_des_ordures_.mp3,C'est des ordures.
7416321,Tom_avait_il_des_obj.mp3,Tom avait-il des objections ?
7412755,Vous_pêchez__.mp3,Vous pêchez ?
7416390,Va_prendre_une_douch.mp3,Va prendre une douche !
11328785,C_est_dégueu_.mp3,C'est dégueu.
10699644,On_m_a_volé_.mp3,On m'a volé.
9707473,Je_suis_vraiment_tri.mp3,Je suis vraiment triste.
9710538,J_ai_gagné_la_partie.mp3,J'ai gagné la partie.
8967943,Je_sens_un_courant_d.mp3,Je sens un courant d'air.
7744944,Tu_les_vois__toi__.mp3,"Tu les vois, toi ?"
7412038,J_ai_donné_la_raison.mp3,J'ai donné la raison à Tom.
7414779,On_est_tellement_occ.mp3,On est tellement occupés !
11060916,Est_ce_que_les_fantô.mp3,Est-ce que les fantômes existent ?
10779608,Tu_n_es_pas_gentil_.mp3,Tu n'es pas gentil.
11179461,Je_vous_faisais_conf.mp3,Je vous faisais confiance.
11153341,Donne_moi_une_bouché.mp3,Donne-moi une bouchée.
11188036,Nous_en_aurons_besoi.mp3,Nous en aurons besoin.
7414924,Tom_boite_.mp3,Tom boite.
7410717,Entre__Tom_.mp3,"Entre, Tom."
10703601,J_ai_besoin_d_insuli.mp3,J'ai besoin d'insuline.
11171641,Il_suffit_d_une_fois.mp3,Il suffit d'une fois.
10923719,Baisse_la_tête__.mp3,Baisse la tête !
11054423,Détache_le_chien_.mp3,Détache le chien.
7415049,Qui_vous_a_trouvé__.mp3,Qui vous a trouvé ?
8943754,Elle_a_horreur_de_lu.mp3,Elle a horreur de lui.
7416394,Ne_discute_pas_.mp3,Ne discute pas.
7414751,Ma_voiture_est_rouge.mp3,Ma voiture est rouge.
7411499,Je_suis_avec_lui_.mp3,Je suis avec lui.
11166423,Ça_va_marcher_.mp3,Ça va marcher.
11214461,Vendons_le_.mp3,Vendons-le.
7412136,Va_aider_Tom__.mp3,Va aider Tom !
7415265,Tom_est_sincère_.mp3,Tom est sincère.
7412076,Tom_va_parler_.mp3,Tom va parler.
11146427,Copiez_ce_fichier_.mp3,Copiez ce fichier.
10694314,La_voiture_a_klaxonn.mp3,La voiture a klaxonné.
7415091,Nous_ne_nageons_jama.mp3,Nous ne nageons jamais.
9930595,Quel_idiot__.mp3,Quel idiot !
10252229,Essaie_donc_.mp3,Essaie donc.
7416482,Fais_le_tout_de_suit.mp3,Fais-le tout de suite.
7412074,Tom_est_plus_âgé_.mp3,Tom est plus âgé.
8412095,Soyons_réalistes_.mp3,Soyons réalistes.
9987178,Partageons_la_.mp3,Partageons-la.
7414990,J_aime_la_vie_.mp3,J'aime la vie.
7412242,Fantastique__.mp3,Fantastique !
7411491,Nous_connaissons_Tom.mp3,Nous connaissons Tom.
11288534,C_est_du_cuir__.mp3,C'est du cuir ?
7410786,Fais_attention__Tom_.mp3,"Fais attention, Tom."
7411488,Dis_le_encore_une_fo.mp3,Dis-le encore une fois.
7412048,Tom_est_méchant_.mp3,Tom est méchant.
10487481,Fais_ça_d_abord_.mp3,Fais ça d'abord.
7412080,Tom_va_rester_.mp3,Tom va rester.
7411518,Es_tu_partant__.mp3,Es-tu partant ?
10270824,Branche_ça_.mp3,Branche ça.
10654923,Quelle_arnaque__.mp3,Quelle arnaque !
7412094,Tom_est_bruyant_.mp3,Tom est bruyant.
11054003,Laissez_moi_sortir_.mp3,Laissez-moi sortir.
10514701,Ma_voiture_a_calé_.mp3,Ma voiture a calé.
7415052,J_ai_perdu_la_face_.mp3,J'ai perdu la face.
10518977,Tu_étais_malade__.mp3,Tu étais malade ?
7414843,Tom_en_a_trouvé_une_.mp3,Tom en a trouvé une.
7411480,Ils_ont_vu_Tom_.mp3,Ils ont vu Tom.
10552682,C_est_n_importe_quoi.mp3,C'est n'importe quoi.
7412087,Tom_est_de_retour_.mp3,Tom est de retour.
7412108,Tom_est_passé_.mp3,Tom est passé.
11328787,C_est_poisseux_.mp3,C'est poisseux.
7414814,Tu_es_un_minable_.mp3,Tu es un minable.
10713361,Je_ne_suis_pas_mort_.mp3,Je ne suis pas mort.
11227978,Ça_me_dégoûte_.mp3,Ça me dégoûte.
8955949,T_es_un_rigolo_.mp3,T'es un rigolo.
7416597,Demandez_à_un_spécia.mp3,Demandez à un spécialiste.
7414973,Continue_à_marcher_.mp3,Continue à marcher.
7415978,C_est_cassé__.mp3,C'est cassé ?
797399,Ça_tombe_bien_.mp3,Ça tombe bien.
6626977,Tom_en_veut_un_.mp3,Tom en veut un.
6627144,Mon_voisin_est_fou_.mp3,Mon voisin est fou.
957431,C_est_super_stressan.mp3,C'est super stressant.
6154131,Tu_es_vraiment_doué_.mp3,Tu es vraiment doué.
6158839,Je_mets_des_bottes_.mp3,Je mets des bottes.
6596061,L_autoroute_était_bl.mp3,L'autoroute était bloquée.
6548690,Attention_à_la_voitu.mp3,Attention à la voiture !
6174255,Tu_avais_appelé__.mp3,Tu avais appelé ?
6585452,Regarde_moi_faire__.mp3,Regarde-moi faire !
6201481,C_est_très_ressembla.mp3,C'est très ressemblant.
6567091,Tu_peux_venir_.mp3,Tu peux venir.
6296533,C_était_une_boulange.mp3,C'était une boulangerie.
6168920,Ceux_ci_sont_lourds_.mp3,Ceux-ci sont lourds.
6634766,Tom_paraissait_tout_.mp3,Tom paraissait tout désorienté.
6631625,Tom_agitait_les_bras.mp3,Tom agitait les bras.
6592184,Tom_reviendra_bientô.mp3,Tom reviendra bientôt.
6326997,Tom_est_chez_Marie_.mp3,Tom est chez Marie.
6208257,Essayez_ça__.mp3,Essayez ça !
6606350,Tom_déteste_les_épin.mp3,Tom déteste les épinards.
3446674,Ça_doit_être_sérieux.mp3,Ça doit être sérieux.
6397790,Tom_est_un_dentiste_.mp3,Tom est un dentiste.
6567749,Tu_peux_toujours_cou.mp3,Tu peux toujours courir !
3718833,On_peut_toujours_ess.mp3,On peut toujours essayer.
6569598,Ouvrez_vos_livres__.mp3,Ouvrez vos livres !
6211418,Quand_mangeons_nous_.mp3,Quand mangeons-nous ?
6311935,Regarde_dans_le_miro.mp3,Regarde dans le miroir !
6638952,Réveille_toi__Tom__.mp3,"Réveille-toi, Tom !"
6673685,Puis_je_téléphoner__.mp3,Puis-je téléphoner ?
6468918,Tom_ne_bois_plus_.mp3,Tom ne bois plus.
6614350,Combien_ça_pèse__.mp3,Combien ça pèse ?
6311939,C_est_déjà_éclairé_.mp3,C'est déjà éclairé.
6405498,Tu_me_plais_vraiment.mp3,Tu me plais vraiment.
6616001,Assieds_toi__Tom__.mp3,"Assieds-toi, Tom !"
6616064,Les_gens_aiment_Tom_.mp3,Les gens aiment Tom.
6162089,Tom_fumait_sa_pipe_.mp3,Tom fumait sa pipe.
6479283,J_adore_cette_vue_.mp3,J'adore cette vue.
6396394,Tom_achète_un_costum.mp3,Tom achète un costume.
6567766,Tom_devrait_partir_.mp3,Tom devrait partir.
6548639,Ça_peut_attendre_.mp3,Ça peut attendre.
6669731,Nous_avons_à_manger_.mp3,Nous avons à manger.
6154132,Vous_êtes_vraiment_d.mp3,Vous êtes vraiment doué.
6563800,Ça_devrait_marcher_.mp3,Ça devrait marcher.
6154217,Bonne_route__.mp3,Bonne route !
6589921,Ne_revenez_plus_jama.mp3,Ne revenez plus jamais !
808504,Mon_anniversaire_app.mp3,Mon anniversaire approche.
6579773,Tu_es_triste__.mp3,Tu es triste ?
6561225,Tom_a_perdu_patience.mp3,Tom a perdu patience.
3444259,Ce_serait_fantastiqu.mp3,Ce serait fantastique.
6586419,Va_chercher_mon_chap.mp3,Va chercher mon chapeau !
6379913,Le_magasin_est_ouver.mp3,Le magasin est ouvert.
6205475,Je_voudrais_devenir_.mp3,Je voudrais devenir vétérinaire.
6562065,Je_suis_sans_argent_.mp3,Je suis sans argent.
6169873,Ce_doit_être_ici_.mp3,Ce doit être ici.
6397782,Tom_est_un_aviateur_.mp3,Tom est un aviateur.
778750,Commandons_deux_bout.mp3,Commandons deux bouteilles.
6379909,Le_magasin_est_fermé.mp3,Le magasin est fermé.
6553689,Tom_ira_loin_.mp3,Tom ira loin.
6154133,Tom_est_vraiment_dou.mp3,Tom est vraiment doué.
6379899,La_boucherie_est_ouv.mp3,La boucherie est ouverte.
6540558,Tom_a_tout_perdu_.mp3,Tom a tout perdu.
6579779,Tom_est_de_faction_.mp3,Tom est de faction.
6393410,Je_travaille_le_lund.mp3,Je travaille le lundi.
6616074,Tom_est_obéissant_.mp3,Tom est obéissant.
6596333,Tom_refuse_de_manger.mp3,Tom refuse de manger.
776424,Cela_est_vrai_aussi_.mp3,Cela est vrai aussi.
6168164,Tom_répare_son_vélo_.mp3,Tom répare son vélo.
6670232,Viens_donc_ici__.mp3,Viens donc ici !
6289593,Tom_s_est_blessé_.mp3,Tom s'est blessé.
6379922,La_pâtisserie_est_fe.mp3,La pâtisserie est fermée.
3433101,Nous_resterons_ensem.mp3,Nous resterons ensemble.
6582229,Tom_se_fait_vieux_.mp3,Tom se fait vieux.
6397784,Tom_est_bûcheron_.mp3,Tom est bûcheron.
6326971,Tom_va_au_lycée_.mp3,Tom va au lycée.
6600629,File_au_lit__.mp3,File au lit !
6154169,Tom_détruit_toujours.mp3,Tom détruit toujours tout.
3446625,Vous_me_décevez_beau.mp3,Vous me décevez beaucoup.
3121337,Allez_au_parc_.mp3,Allez au parc.
6152356,Restez_calme__.mp3,Restez calme !
6626975,Tom_en_veut_une_.mp3,Tom en veut une.
778531,Je_crois_avoir_compr.mp3,Je crois avoir compris.
6572631,Tom_meurt_d_impatien.mp3,Tom meurt d'impatience.
6577894,Essaye_voir__.mp3,Essaye voir !
6568355,Tom_adore_skier_.mp3,Tom adore skier.
6379895,La_boulangerie_est_o.mp3,La boulangerie est ouverte.
6295284,Tom_est_commerçant_.mp3,Tom est commerçant.
6606357,Au_plaisir__.mp3,Au plaisir !
6616066,Tom_a_juste_attendu_.mp3,Tom a juste attendu.
6329977,Marie_est_ma_mère_.mp3,Marie est ma mère.
775990,T_es_dégueulasse__.mp3,T'es dégueulasse !
6173138,Je_le_lui_donne_.mp3,Je le lui donne.
6311962,Tom_était_déjà_ivre_.mp3,Tom était déjà ivre.
6634758,Tom_était_assez_nerv.mp3,Tom était assez nerveux.
3970471,Tom_déteste_les_légu.mp3,Tom déteste les légumes.
6379890,La_boulangerie_est_f.mp3,La boulangerie est fermée.
6637136,Vous_avez_froid__.mp3,Vous avez froid ?
6326995,Tom_va_chez_Marie_.mp3,Tom va chez Marie.
6584735,Laisse_moi_tranquill.mp3,Laisse-moi tranquille !
6673239,Tom_parle_trois_lang.mp3,Tom parle trois langues.
3446626,Tu_me_déçois_vraimen.mp3,Tu me déçois vraiment.
8835278,Tom_est_populaire_.mp3,Tom est populaire.
8325664,Je_rentre_.mp3,Je rentre.
10202199,Elles_vous_aimaient_.mp3,Elles vous aimaient.
7676277,Tom_souffre_.mp3,Tom souffre.
8615126,Tu_es_épuisé_.mp3,Tu es épuisé.
7092208,J_ai_pleuré_.mp3,J'ai pleuré.
9173925,Mets_ton_pyjama__.mp3,Mets ton pyjama !
7077694,Chien_méchant__.mp3,Chien méchant !
7336552,Viens_ici__.mp3,Viens ici !
7738112,Pose_le_là_.mp3,Pose-le là.
7011740,Soyez_patient__.mp3,Soyez patient !
8000181,Tom_hait_Marie_.mp3,Tom hait Marie.
7925637,Tu_devrais_savoir_.mp3,Tu devrais savoir.
7738110,Mets_ça_ici_.mp3,Mets ça ici.
9584056,Tom_est_inéquitable_.mp3,Tom est inéquitable.
9236213,Je_cuisine_quotidien.mp3,Je cuisine quotidiennement.
7570972,Regarde_toi_.mp3,Regarde-toi.
8095273,Soyez_vigilant__.mp3,Soyez vigilant !
6900526,Tom_est_courageux_.mp3,Tom est courageux.
7920084,Écoute_attentivement.mp3,Écoute attentivement !
7489461,Qui_nageait__.mp3,Qui nageait ?
8724782,Tom_est_qualifié_.mp3,Tom est qualifié.
6892037,Tom_est_malpoli_.mp3,Tom est malpoli.
7251229,Traverse_la_rue__.mp3,Traverse la rue !
7738111,Pose_le_ici_.mp3,Pose-le ici.
8130464,Arrête_le_moteur__.mp3,Arrête le moteur !
7022902,Allez___Lève_toi__.mp3,Allez ! Lève-toi !
8267435,En_route__.mp3,En route !
10184668,Viens_à_Boston_.mp3,Viens à Boston.
7738105,Faites_voir__.mp3,Faites voir !
10320126,Vous_devez_revenir_.mp3,Vous devez revenir.
9570087,Tom_sourit_toujours_.mp3,Tom sourit toujours.
7463343,Garde_à_vous__.mp3,Garde-à-vous !
7416866,Tom_aime_cuisiner_.mp3,Tom aime cuisiner.
7925630,Je_viendrai_demain_.mp3,Je viendrai demain.
8396314,L_aventure_commence_.mp3,L'aventure commence.
6817977,Tom_arrivera_bientôt.mp3,Tom arrivera bientôt.
9268755,Arrête_tes_mensonges.mp3,Arrête tes mensonges !
7336533,Va_là_bas__.mp3,Va là-bas !
8056362,Je_vis_ici_.mp3,Je vis ici.
9190757,Tom_dort_profondémen.mp3,Tom dort profondément.
9637640,Merci_mille_fois_.mp3,Merci mille fois.
8647623,Vous_rêvez_.mp3,Vous rêvez.
7092203,Je_nage_.mp3,Je nage.
10338158,Soyons_objectifs_.mp3,Soyons objectifs.
7829103,Au_secours__.mp3,Au secours !
7862411,Attends_moi__.mp3,Attends-moi !
6900541,Tom_est_solide_.mp3,Tom est solide.
7828968,Tom_est_brutal_.mp3,Tom est brutal.
7546747,Crème__.mp3,Crème ?
8589713,Va_te_doucher__.mp3,Va te doucher !
9998894,C_était_mauvais_.mp3,C'était mauvais.
9549957,Nous_travaillons_rap.mp3,Nous travaillons rapidement.
8549726,Va_te_coucher__.mp3,Va te coucher !
9209672,Tom_vit_ici_.mp3,Tom vit ici.
7355682,Je_m_endors_.mp3,Je m'endors.
6679102,Quelle_aventure__.mp3,Quelle aventure !
7553559,Ça_sent_bon__.mp3,Ça sent bon !
7011738,Soyez_patients__.mp3,Soyez patients !
7837086,Tom_est_revenu_.mp3,Tom est revenu.
8325661,J_entre_.mp3,J'entre.
10202198,Ils_vous_aimaient_.mp3,Ils vous aimaient.
7463353,Tourne__.mp3,Tourne !
7676270,Tom_s_adapte_.mp3,Tom s'adapte.
6683613,Tom_est_très_déçu_.mp3,Tom est très déçu.
9624174,Levez_la_main__.mp3,Levez la main !
6828267,Tom_est_surmené_.mp3,Tom est surmené.
10265894,Merci_encore__.mp3,Merci encore !
7850748,Prenez_votre_temps__.mp3,Prenez votre temps !
6684499,Tom_est_naïf_.mp3,Tom est naïf.
7676309,Tom_sent_mauvais_.mp3,Tom sent mauvais.
11467567,Tout_était_prêt_.mp3,Tout était prêt.
8248656,Tu_débloques__.mp3,Tu débloques !
7920081,Maintenant_écoute_at.mp3,Maintenant écoute attentivement.
6842985,Tom_est_infidèle_.mp3,Tom est infidèle.
6900542,Tom_est_vigoureux_.mp3,Tom est vigoureux.
7966315,Tom_était_incertain_.mp3,Tom était incertain.
8371194,Tu_grandis_encore_.mp3,Tu grandis encore.
8046515,Elles_sont_athlétiqu.mp3,Elles sont athlétiques.
7010156,Attention__chien_méc.mp3,"Attention, chien méchant !"
7092246,Tom_a_annulé_.mp3,Tom a annulé.
8255023,C_est_éprouvant_.mp3,C'est éprouvant.
10178757,Je_vous_vois_.mp3,Je vous vois.
6729015,Tom_est_musicien_.mp3,Tom est musicien.
7463357,Voyons_voir_.mp3,Voyons voir.
7792869,Quel_bel_enfant__.mp3,Quel bel enfant !
11494955,Je_suis_Verseau_.mp3,Je suis Verseau.
10568810,Traduis_ces_phrases_.mp3,Traduis ces phrases.
7925640,Je_me_lève_.mp3,Je me lève.
11454628,Nous_adorons_Tom_.mp3,Nous adorons Tom.
8709635,Ils_travaillent_ense.mp3,Ils travaillent ensemble.
8290804,Il_fait_mauvais_.mp3,Il fait mauvais.
9933403,Tom_est_irascible_.mp3,Tom est irascible.
7738115,Mets_ça_là_.mp3,Mets ça là.
7092217,J_aidais_.mp3,J'aidais.
8379670,Lave_tes_pieds__.mp3,Lave tes pieds !
8096089,Quelle_ville_magnifi.mp3,Quelle ville magnifique !
6701463,Tu_devais_séjourner_.mp3,Tu devais séjourner.
10275226,Cela_me_convient_.mp3,Cela me convient.
8195172,Certainement__.mp3,Certainement !
10202111,Ils_m_aiment_.mp3,Ils m'aiment.
10892041,Merci_d_avance__.mp3,Merci d'avance !
10202197,Elles_t_aimaient_.mp3,Elles t'aimaient.
8916671,Je_t_ai_.mp3,Je t'ai.
7570919,Halte__.mp3,Halte !
8337516,Tom_a_pleuré_.mp3,Tom a pleuré.
8116620,Nous_sommes_fous_.mp3,Nous sommes fous.
7778078,Faisons_une_promenad.mp3,Faisons une promenade !
6911802,C_est_futile_.mp3,C'est futile.
6966811,J_aimerais_manger_.mp3,J'aimerais manger.
9944956,Tom_est_professeur_.mp3,Tom est professeur.
10460667,Merci__Tom_.mp3,"Merci, Tom."
7565026,Va_t_en__.mp3,Va-t'en !
8250404,Ça_va_mal_.mp3,Ça va mal.
7092223,Sois_vigilant_.mp3,Sois vigilant.
6710184,Êtes_vous_seul__.mp3,Êtes-vous seul ?
7012202,Sois_content__.mp3,Sois content !
7059395,Tom_est_retraité_.mp3,Tom est retraité.
10307825,Tu_compliques_tout_.mp3,Tu compliques tout.
8290811,Tu_sens_mauvais_.mp3,Tu sens mauvais.
11439230,Enlevez_le_masque_.mp3,Enlevez le masque.
6900525,Tom_est_brave_.mp3,Tom est brave.
6694589,Attendons_un_peu__.mp3,Attendons un peu !
7860311,Desserre_la_vis__.mp3,Desserre la vis !
6900533,Tom_est_présomptueux.mp3,Tom est présomptueux.
9333890,Nous_parlerons_demai.mp3,Nous parlerons demain.
10001316,Ils_t_aiment_.mp3,Ils t'aiment.
9927940,Tom_mange_énormément.mp3,Tom mange énormément.
10121134,Te_voilà__.mp3,Te voilà !
11506006,Tom_tremble_encore_.mp3,Tom tremble encore.
7819304,Tom_vient_ici_.mp3,Tom vient ici.
10202196,Ils_t_aimaient_.mp3,Ils t'aimaient.
8124333,Je_prends_ça_.mp3,Je prends ça.
9005575,Tom_est_interprète_.mp3,Tom est interprète.
10553512,J_ai_obéi_.mp3,J'ai obéi.
6808086,Je_me_repose_.mp3,Je me repose.
7092242,Soyez_vigilant_.mp3,Soyez vigilant.
7583266,Mon_chien_aboie_.mp3,Mon chien aboie.
8124332,C_était_grand_.mp3,C'était grand.
10147597,Merci__docteur_.mp3,"Merci, docteur."
7897776,Soyez_le_bienvenu__.mp3,Soyez le bienvenu !
10656340,Sois_le_bienvenu__.mp3,Sois le bienvenu !
8124324,Je_la_déteste_.mp3,Je la déteste.
8781258,Elle_est_grande_.mp3,Elle est grande.
7099785,Trinquons_à_cela__.mp3,Trinquons à cela !
7489029,La_colombe_roucoule_.mp3,La colombe roucoule.
10194395,C_est_moi__.mp3,C'est moi !
8361219,Elle_est_triste_.mp3,Elle est triste.
6684452,Allez__Tom__bois_ça_.mp3,"Allez, Tom, bois ça !"
7931709,Tom_croyait_rêver_.mp3,Tom croyait rêver.
10307994,Ils_me_suivent_.mp3,Ils me suivent.
8248960,C_est_juste__.mp3,C'est juste !
11237059,À_ton_tour_.mp3,À ton tour.
9226861,Nous_voilà__.mp3,Nous voilà !
6684286,Pourquoi_tu_pleures_.mp3,Pourquoi tu pleures ?
7633918,Tom_est_maigre_.mp3,Tom est maigre.
9584053,Tom_est_injuste_.mp3,Tom est injuste.
10543974,Il_fait_nuageux_.mp3,Il fait nuageux.
8587941,Je_vote_contre_.mp3,Je vote contre.
7489155,Tom_trébucha_.mp3,Tom trébucha.
8835256,C_est_original_.mp3,C'est original.
10546231,La_douleur_empirait_.mp3,La douleur empirait.
8665915,C_est_injuste__.mp3,C'est injuste !
8124315,Mange_avec_nous__.mp3,Mange avec nous !
7315766,Tom_est_assoiffé_.mp3,Tom est assoiffé.
8335342,Nous_vous_aimons_.mp3,Nous vous aimons.
7491973,Prêt__.mp3,Prêt !
8254314,Je_vous_entends_.mp3,Je vous entends.
8879530,Tom_est_surdoué_.mp3,Tom est surdoué.
11494957,Tom_est_Poissons_.mp3,Tom est Poissons.
7757334,Attendez_ici__.mp3,Attendez ici !
7256757,Je_déménage_.mp3,Je déménage.
7677312,Tom_s_enfuit_.mp3,Tom s'enfuit.
9764646,À_ce_soir_.mp3,À ce soir.
9549956,Nous_travaillons_vit.mp3,Nous travaillons vite.
11209577,Range_ton_cahier__.mp3,Range ton cahier !
6935836,Tom_est_épuisé_.mp3,Tom est épuisé.
8747514,Laisse_moi_réfléchir.mp3,Laisse-moi réfléchir !
8329842,Tu_es_intelligent_.mp3,Tu es intelligent.
10282761,Pas_celui_là_.mp3,Pas celui-là.
7711185,Vous_le_trouverez_.mp3,Vous le trouverez.
10202218,Tu_m_aimais_.mp3,Tu m'aimais.
10307826,Vous_compliquez_tout.mp3,Vous compliquez tout.
7774865,C_était_délicieux_.mp3,C'était délicieux.
7485452,Sois_fort__.mp3,Sois fort !
6900529,Tom_est_prétentieux_.mp3,Tom est prétentieux.
10202181,On_l_aime_.mp3,On l'aime.
8266033,Conduisez_lentement_.mp3,Conduisez lentement !
7092240,J_ai_aidé_.mp3,J'ai aidé.
9466477,Mélange_les_cartes__.mp3,Mélange les cartes !
11281230,Prenez_votre_crayon_.mp3,Prenez votre crayon !
7578631,Voici_ma_guitare_.mp3,Voici ma guitare.
8364434,Je_te_suis_.mp3,Je te suis.
6900522,Tom_est_somnambule_.mp3,Tom est somnambule.
10202221,Vous_m_aimiez_.mp3,Vous m'aimiez.
10541883,C_était_flagrant_.mp3,C'était flagrant.
7711198,Ils_le_trouveront_.mp3,Ils le trouveront.
6911885,Je_deviens_fou__.mp3,Je deviens fou !
7633907,Venez_ici_.mp3,Venez ici.
11594121,Regardons_ça_plus_pr.mp3,Regardons-ça plus profondément.
11595195,J_aimerais_que_vous_.mp3,J'aimerais que vous ne le fassiez pas.
11596249,Je_suis_allé_au_conc.mp3,Je suis allé au concert avec Tom.
11595330,Que_diriez_vous_d_al.mp3,Que diriez-vous d'aller pêcher ensemble ?
11594101,Si_tu_veux_y_aller__.mp3,"Si tu veux y aller, vas-y. Si tu ne veux pas, ça me convient aussi."
11595168,Tom_pouvait_entendre.mp3,Tom pouvait entendre le bébé pleurer.
11595340,La_balle_rouge_et_la.mp3,La balle rouge et la balle blanche ont le même poids.
11595325,Je_ne_sais_pas_dans_.mp3,Je ne sais pas dans quelle pièce le criminel est entré.
11595347,J_ai_mal_au_menton_.mp3,J'ai mal au menton.
11595148,Tom_ne_s_amuse_pas_.mp3,Tom ne s'amuse pas.
11595320,Tu_devrais_attendre_.mp3,Tu devrais attendre ici.
11594126,Tu_veux_acheter_quel.mp3,Tu veux acheter quel ordinateur ?
11595331,Que_dirais_tu_d_alle.mp3,Que dirais-tu d'aller pêcher ensemble ?
11595321,Vous_devriez_attendr.mp3,Vous devriez attendre ici.
11596233,Je_vais_rester_ici_a.mp3,Je vais rester ici avec toi.
11595380,Je_suis_déjà_en_trai.mp3,Je suis déjà en train de le faire.
11595338,Le_ballon_rouge_est_.mp3,Le ballon rouge est aussi lourd que le ballon blanc.
11594147,Félicitations_pour_t.mp3,Félicitations pour ton mariage.
11595366,Tom_a_remporté_le_ma.mp3,Tom a remporté le marathon.
11596171,Tom_s_est_amélioré_a.mp3,Tom s'est amélioré au tennis.
11596238,Tu_as_de_l_argent_po.mp3,Tu as de l'argent pour le taxi ?
11595337,La_balle_rouge_est_a.mp3,La balle rouge est aussi lourde que la balle blanche.
11595364,La_voiture_de_Tom_es.mp3,La voiture de Tom est bloquée par la neige.
11595319,Si_on_discutait_en_b.mp3,Si on discutait en buvant un café ?
11594124,Je_ne_savais_pas_que.mp3,Je ne savais pas que Tom avait trois enfants.
11583326,Vous_serez_déçue_.mp3,Vous serez déçue.
11596168,Tom_a_donné_une_répo.mp3,Tom a donné une réponse évasive à Mary.
11595191,Tom_parle_généraleme.mp3,Tom parle généralement en français à Mary.
11595200,Je_ne_suis_pas_le_mê.mp3,Je ne suis pas le même mec que j'étais.
11596252,Je_suis_allée_à_un_c.mp3,Je suis allée à un concert avec Tom.
11595322,Je_ne_peux_pas_me_pe.mp3,Je ne peux pas me permettre de perdre plus mon temps que ça.
11594118,Tom_n_a_pas_parlé_à_.mp3,Tom n'a pas parlé à Mary de ses problèmes d'argent.
11595192,J_ai_proposé_d_aider.mp3,J'ai proposé d'aider Tom à faire ça.
11595172,Nous_devons_nous_rap.mp3,Nous devons nous rappeler de qui nous a aidés.
11595177,Tom_a_dit_qu_il_avai.mp3,Tom a dit qu'il avait pu faire tout ce qu'il devait faire.
11594086,Tom_et_moi_avons_pas.mp3,Tom et moi avons passé l'après-midi à jouer aux échecs.
11595193,Tom_n_a_probablement.mp3,Tom n'a probablement pas oublié comment faire ça.
11595349,Ils_sont_descendus_à.mp3,Ils sont descendus à l'arrêt de bus suivant.
11595188,Tom_aime_écrire_des_.mp3,Tom aime écrire des poèmes.
11594087,Tom_et_moi__on_a_jou.mp3,"Tom et moi, on a joué aux échecs tout l'après-midi."
11595318,Si_on_discutait_en_p.mp3,Si on discutait en prenant un café ?
11595170,Combien_de_fois_est_.mp3,Combien de fois est-ce que Tom s'est marié ?
11595162,J_aime_enseigner_aux.mp3,J'aime enseigner aux enfants.
11595198,J_ai_été_sélectionné.mp3,J'ai été sélectionné.
11595163,Je_ne_veux_pas_te_fa.mp3,Je ne veux pas te faire du mal.
11594062,Je_n_ai_pas_triché_à.mp3,Je n'ai pas triché à l'examen.
11596310,Est_ce_que_tu_t_es_d.mp3,Est-ce que tu t'es déjà fait mordre par ton chien ?
11595323,J_ai_beaucoup_de_res.mp3,J'ai beaucoup de respect pour Tom.
11595151,Tom_est_tombé_par_ha.mp3,Tom est tombé par hasard sur Mary au supermarché.
11596251,Je_suis_allé_à_un_co.mp3,Je suis allé à un concert avec Tom.
11594311,Tom__tu_as_le_même_â.mp3,"Tom, tu as le même âge que moi, non ?"
11595333,On_a_déjeuné_avec_To.mp3,On a déjeuné avec Tom hier.
11595329,Tom_a_mis_ses_chauss.mp3,Tom a mis ses chaussettes à l'envers.
11595344,Il_y_a_un_magasin_de.mp3,Il y a un magasin de jouets dans le voisinage.
11596237,Tu_as_déjà_loué_une_.mp3,Tu as déjà loué une voiture ?
11594123,Ce_train_est_en_reta.mp3,Ce train est en retard.
11596318,Est_ce_que_vous_pour.mp3,Est-ce que vous pourriez répéter la question ?
11594312,Tom_a_le_même_âge_qu.mp3,"Tom a le même âge que moi, non ?"
11595144,Tom_a_un_secret_.mp3,Tom a un secret.
11594120,Voyons_en_détail_.mp3,Voyons en détail.
11595194,J_aimerais_que_tu_ne.mp3,J'aimerais que tu ne le fasses pas.
11596295,Tom_ne_sait_pas_enco.mp3,Tom ne sait pas encore.
11594094,Je_n_ai_pas_pu_achet.mp3,"Je n'ai pas pu acheter le manteau rouge, donc j'ai acheté le bleu."
11594104,Je_n_ai_envie_de_par.mp3,Je n'ai envie de parler à personne.
11595174,Nous_devons_nous_sou.mp3,Nous devons nous souvenir de qui nous a aidés.
11594096,Je_donnerai_un_coup_.mp3,Je donnerai un coup de téléphone à Tom ce soir.
11595317,Tom__je_veux_te_mont.mp3,"Tom, je veux te montrer quelque chose."
11594099,Je_m_inquiète_de_la_.mp3,Je m'inquiète de la toux sèche de ma femme.
11595171,Combien_de_fois_est_.mp3,Combien de fois est-ce que Tom a été marié ?
11594122,J_ai_acheté_un_dicti.mp3,J'ai acheté un dictionnaire.
11596172,Tom_est_devenu_souda.mp3,Tom est devenu soudainement malade.
11594065,Ce_cheval_court_vite.mp3,Ce cheval court vite.
11595154,Ne_lâche_pas_la_cord.mp3,Ne lâche pas la corde avant que je dise que c'est bon.
11595369,Tom_a_gagné_le_marat.mp3,Tom a gagné le marathon.
11595383,Toutes_les_maisons_d.mp3,Toutes les maisons de la ville étaient vides.
11594117,Tu_comptes_aller_en_.mp3,Tu comptes aller en Australie l'été prochain aussi ?
11594060,Moi_aussi_j_ai_une_r.mp3,Moi aussi j'ai une relation amoureuse au travail.
11594070,Je_n_avais_jamais_vu.mp3,Je n'avais jamais vu Tom et John se disputer avant.
11595147,Je_suis_la_prochaine.mp3,Je suis la prochaine.
11594310,Tom_et_Mary_ont_de_t.mp3,Tom et Mary ont de très bons rapports.
11595176,On_doit_se_souvenir_.mp3,On doit se souvenir de qui nous a aidés.
11595178,Quelles_sont_les_cho.mp3,Quelles sont les choses que tu préfères ?
11595328,Il_ne_fait_pas_trop_.mp3,Il ne fait pas trop chaud aujourd'hui.
11596246,Tom_a_caché_le_colli.mp3,Tom a caché le collier qu'il a volé.
11595334,Tu_connais_le_mot_de.mp3,Tu connais le mot de passe de Tom ?
11595358,Tom_est_un_enfant_tr.mp3,Tom est un enfant très introverti.
11594095,Je_donnerai_un_coup_.mp3,Je donnerai un coup de fil à Tom ce soir.
11595166,Quelqu_un_s_est_intr.mp3,Quelqu'un s'est introduit dans notre maison.
11595157,Tom_a_rendu_visite_à.mp3,Tom a rendu visite à Mary hier.
11594078,Je_vous_présente_tou.mp3,Je vous présente toutes mes condoléances.
11595149,C_est_une_diffusion_.mp3,C'est une diffusion en direct.
11594116,Tom_est_radin_.mp3,Tom est radin.
11594125,Je_pensais_que_Tom_e.mp3,Je pensais que Tom et Mary avaient plus de 30 ans.
11594076,Veuillez_accepter_me.mp3,Veuillez accepter mes condoléances.
11594059,Si_Tom_vient_me_voir.mp3,"Si Tom vient me voir, dis-lui que je ne suis pas là."
11595373,J_étais_pauvre_.mp3,J'étais pauvre.
11594089,À_vrai_dire__c_est_c.mp3,"À vrai dire, c'est complètement logique."
11595179,Quelles_sont_les_cho.mp3,Quelles sont les choses que vous préférez ?
11594127,Tom_est_un_moniteur_.mp3,Tom est un moniteur de parachutisme.
11596173,Je_veux_donner_un_co.mp3,Je veux donner un coup de téléphone.
11595342,Le_ballon_rouge_et_l.mp3,Le ballon rouge et le ballon blanc ont le même poids.
11594083,Prenez_ce_médicament.mp3,Prenez ce médicament trois fois par jour pour votre rhume.
11595165,Je_n_ai_pas_assez_d_.mp3,Je n'ai pas assez d'argent pour l'acheter.
11595332,On_a_pris_le_déjeune.mp3,On a pris le déjeuner avec Tom hier.
11595150,Merci_pour_tout__Tom.mp3,"Merci pour tout, Tom."
11596247,Ça_s_est_passé_en_20.mp3,Ça s'est passé en 2013.
11595196,J_ai_été_choisi_.mp3,J'ai été choisi.
11595335,Le_mot_de_passe_de_T.mp3,"Le mot de passe de Tom, tu le connais ?"
11594084,Prends_ce_médicament.mp3,Prends ce médicament trois fois par jour pour ton rhume.
11593985,Tu_fais_du_bon_trava.mp3,"Tu fais du bon travail, toi."
11593971,Ça_te_dirait_d_aller.mp3,Ça te dirait d'aller te balader en voiture maintenant ?
11593973,Tom_a_répondu_de_faç.mp3,Tom a répondu de façon ambiguë à Mary.
11594034,Le_résultat_ne_m_int.mp3,Le résultat ne m'intéresse pas du tout.
11594008,Arrête__sérieusement.mp3,"Arrête, sérieusement."
11593980,Je_me_demande_s_il_n.mp3,Je me demande s'il n'y a pas une meilleure façon.
11594051,Je_ne_peux_pas_bouge.mp3,Je ne peux pas bouger les doigts.
11593972,Tom_a_donné_une_répo.mp3,Tom a donné une réponse évasive à Marie.
11593969,Il_ne_boit_pas_une_g.mp3,Il ne boit pas une goutte d'alcool.
11593975,Tom_a_dit_qu_il_avai.mp3,Tom a dit qu'il avait fait ça lundi.
11594040,Allez_y__vous_pouvez.mp3,"Allez-y, vous pouvez regarder autant que vous voulez."
11593994,J_étais_dans_ce_bus_.mp3,J'étais dans ce bus.
11594006,Tom_a_trois_ans_de_p.mp3,Tom a trois ans de plus que Mary.
11593976,Tom_a_dit_qu_il_l_av.mp3,Tom a dit qu'il l'avait fait lundi.
11593977,J_y_suis_déjà_allé_m.mp3,J'y suis déjà allé mais ce n'est pas aussi bien qu'on le dit.
11594027,Tom_a_retrouvé_les_c.mp3,Tom a retrouvé les clés qu'il pensait avoir perdues.
11593965,__Tu_veux_que_j_étei.mp3,"« Tu veux que j'éteigne le PC ? » « Laisse-le allumé, je m'en sers encore. »"
11594042,Je_n_ai_pas_pris_mon.mp3,Je n'ai pas pris mon petit déjeuner.
11593989,Attends____je_suis_d.mp3,Attends... je suis de ton côté.
11593979,Je_compte_étudier_au.mp3,Je compte étudier aux États-Unis l'année prochaine.
11594050,Tom_aime_plus_Mary_q.mp3,Tom aime plus Mary qu'il aime Alice.
11593966,Je_ne_sais_pas_si_je.mp3,Je ne sais pas si je vais pouvoir t'aider.
11594047,Il_est_jeune_dans_sa.mp3,Il est jeune dans sa tête.
11594046,Quand_on_achète_une_.mp3,"Quand on achète une machine à laver, il faut avant tout mesurer l'endroit où elle sera installée."
11594057,Le_Premier_ministre_.mp3,Le Premier ministre a stipulé qu’il n’instaurerait pas de nouveaux impôts sans l’accord du peuple.
11594015,Je_suis_dans_le_même.mp3,Je suis dans le même état d'esprit.
11594035,Je_ne_suis_pas_du_to.mp3,Je ne suis pas du tout intéressé par le résultat.
11594029,Est_ce_que_ça_vous_p.mp3,Est-ce que ça vous pose un problème si je suis en retard ?
11594022,Ça_fait_combien_de_t.mp3,Ça fait combien de temps que tu as divorcé de Tom ?
11593992,Est_ce_que_tu_manges.mp3,Est-ce que tu manges souvent à l'extérieur ?
11594056,Les_élèves_ont_monté.mp3,Les élèves ont monté un projet qui consiste à donner un bouquet de fleurs aux élèves plus âges qui les ont aidés.
11594048,Pourquoi___Il_n_est_.mp3,Pourquoi ? Il n'est pas ici.
11594043,J_ai_sauté_le_petit_.mp3,J'ai sauté le petit déjeuner.
11593984,Tourne_la_poignée_da.mp3,Tourne la poignée dans le sens des aiguilles d'une montre.
11593990,Attendez____je_suis_.mp3,Attendez... je suis de votre côté.
11594041,Tom__tu_n_as_pas_bie.mp3,"Tom, tu n'as pas bien traduit ici."
11593993,Est_ce_que_tu_manges.mp3,Est-ce que tu manges souvent hors de chez-toi ?
11593974,Où_est_passée_la_phr.mp3,Où est passée la phrase en anglais que j'ai écrite tout à l'heure ?
11594045,Cela_fait_quatre_ans.mp3,Cela fait quatre ans que nous ne nous sommes pas vus.
11594026,Tom_a_retrouvé_la_cl.mp3,Tom a retrouvé la clé qu'il pensait avoir perdue.
11594024,Ça_fait_combien_de_t.mp3,Ça fait combien de temps que Tom et toi êtes divorcés ?
11594010,On_dirait_un_harcele.mp3,On dirait un harceleur.
11594011,Il_ne_faut_pas_l_app.mp3,Il ne faut pas l'approcher.
11594055,Le_sol_est_encore_mo.mp3,Le sol est encore mouillé. Le match va sûrement être annulé.
11594028,Est_ce_que_cela_vous.mp3,Est-ce que cela vous dérange si j'arrive en retard ?
11593964,Je_ne_sais_pas_pourq.mp3,Je ne sais pas pourquoi j'ai mal au ventre.
11594019,Des_soldats_sont_pos.mp3,Des soldats sont postés jour et nuit.
11594033,Je_ne_m_intéresse_pa.mp3,Je ne m'intéresse pas du tout au résultat.
11594039,Allez_y__vous_pouvez.mp3,"Allez-y, vous pouvez jeter un œil librement."
11594049,La_réunion_commencer.mp3,La réunion commencera à 16 heures précises.
11594037,Mais_alors__qui_pren.mp3,"Mais alors, qui prendra soin des enfants ?"
11594023,Cela_fait_combien_de.mp3,Cela fait combien de temps que vous avez divorcé de Tom ?
11594036,Tom___Il_s_est_fait_.mp3,Tom ? Il s'est fait arrêter dans la ville d'à côté.
11593991,Est_ce_que_tu_manges.mp3,Est-ce que tu manges souvent dehors ?
11593995,J_ai_l_impression_qu.mp3,J'ai l'impression qu'ils vont avoir le mal de mer.
11593987,Non_mais__je_suis_de.mp3,"Non mais, je suis de ton côté."
11594044,C_est_plus_rapide_de.mp3,C'est plus rapide de le faire de cette façon.
11594012,Ce_n_est_pas_quelqu_.mp3,Ce n'est pas quelqu'un de fréquentable.
11594020,On_ressent_la_même_c.mp3,On ressent la même chose.
11594025,Cela_fait_combien_de.mp3,Cela fait combien de temps que Tom et vous êtes divorcés ?
11593988,Euh__je_suis_de_votr.mp3,"Euh, je suis de votre côté."
11594038,Mais_alors__qui_s_oc.mp3,"Mais alors, qui s'occupera des enfants ?"
11594030,J_ai_tout_le_temps_f.mp3,J'ai tout le temps faim.
11594021,Mon_cœur_s_est_mis_à.mp3,Mon cœur s'est mis à battre fort.
11593970,Que_diriez_vous_de_f.mp3,Que diriez-vous de faire une balade en voiture maintenant ?
11594017,Tom_s_est_enfui_en_c.mp3,Tom s'est enfui en courant quand il m'a vu.
11594007,Tom_a_trois_ans_de_m.mp3,Tom a trois ans de moins que Mary.
11593978,Un_homme_de_grande_t.mp3,Un homme de grande taille est parti de là-bas à toute vitesse.
181128,Pourquoi_as_tu_fait_.mp3,Pourquoi as-tu fait cela ?
1407068,Allez_vous_en__.mp3,Allez-vous-en !
1271062,Va_t_en__.mp3,Va-t’en !
333269,Ma_télévision_tomba_.mp3,"Ma télévision tomba en panne, donc je dus l’emmener réparer."
745606,Qu_est_ce_qu_il_espè.mp3,Qu’est-ce qu’il espère ?
744203,Qui_a_cassé_la_tasse.mp3,Qui a cassé la tasse ?
1079464,Est_il_allé_là__.mp3,Est-il allé là ?
1156512,Tu_es_malade__.mp3,Tu es malade !
1156517,Vous_êtes_malade__.mp3,Vous êtes malade !
727338,Est_il_arrivé_quelqu.mp3,Est-il arrivé quelque chose ?
1153889,Tom_n_est_il_pas_all.mp3,Tom n’est-il pas allé chez Marie ?
5281900,C_est_combien__.mp3,C’est combien ?
236597,C_est_intéressant__n.mp3,"C’est intéressant, non ?"
333512,C_est_dangereux_de_s.mp3,C’est dangereux de sauter pour monter à bord d’un train en marche.
801117,As_tu_pris_un_bain__.mp3,As-tu pris un bain ?
3270890,Que_puis_je_faire_po.mp3,Que puis-je faire pour vous ?
3800307,Vous_êtes_tous_prêts.mp3,Vous êtes tous prêts ?
3968089,Je_suis_épouvantable.mp3,Je suis épouvantable en maths.
8878201,J_suis_pas_satisfait.mp3,J'suis pas satisfait.
2051767,Je_meurs_.mp3,Je meurs.
1803394,Appelez_moi__.mp3,Appelez-moi !
5391222,On_ne_sait_même_pas_.mp3,On ne sait même pas si c'est vrai.
332527,__Ces_voitures_sont_.mp3,"« Ces voitures sont à vous ? » « Oui, ce sont les miennes. »"
11131,Un_coca__s_il_vous_p.mp3,"Un coca, s'il vous plaît."
134844,Père_dit_toujours___.mp3,Père dit toujours : « Fais de ton mieux. »
333712,__Où_es_tu_allé_____.mp3,« Où es-tu allé ? » « Je suis allé à la gare saluer le départ d’un ami. »
340073,__Peux_tu_me_passer_.mp3,« Peux-tu me passer le sucre ? » « Le voilà. »
373423,Tu_ne_peux_pas_dire_.mp3,Tu ne peux pas dire « Non ».
1996169,Viens__.mp3,Viens !
2077418,Venez__.mp3,Venez !
4437979,Maintenant_laissez_n.mp3,Maintenant laissez-nous.
8010593,Nous_devons_manger_.mp3,Nous devons manger.
7862429,Nous_leur_avons_parl.mp3,Nous leur avons parlé hier.
7839045,Il_n_y_avait_pas_de_.mp3,Il n'y avait pas de journaux.
7830539,Je_sais_que_vous_ête.mp3,Je sais que vous êtes intelligentes.
7327061,Pourquoi_est_ce_que_.mp3,Pourquoi est-ce que vous n'utilisez pas un marteau ?
7079935,Tu_as_été_inutile_.mp3,Tu as été inutile.
6914931,J_aime_l_atmosphère_.mp3,J'aime l'atmosphère de ce restaurant.
6841244,Nous_avons_foi_en_vo.mp3,Nous avons foi en vous.
6668616,C_était_plus_facile_.mp3,C'était plus facile que je le pensais.
6556207,Nous_ne_t_avons_pas_.mp3,Nous ne t'avons pas entendu entrer.
6443889,N_avez_vous_pas_peur.mp3,N'avez-vous pas peur des chiens ?
6400146,Je_n_ai_jamais_regre.mp3,Je n'ai jamais regretté avoir fait cela.
6380812,Ce_manteau_te_va_par.mp3,Ce manteau te va parfaitement.
6285955,Nous_avons_un_long_v.mp3,Nous avons un long voyage devant nous.
6191387,Nous_interviendrons_.mp3,Nous interviendrons.
6153813,Je_ne_savais_pas_que.mp3,Je ne savais pas que tu étais si fatigué.
5955766,Nous_en_parlons_cons.mp3,Nous en parlons constamment.
5662082,Nous_n_attendrons_qu.mp3,Nous n'attendrons que trois heures de plus.
5599852,Je_ne_peux_pas_le_di.mp3,Je ne peux pas le dire à ma famille.
5591340,C_était_à_nous_.mp3,C'était à nous.
5552408,Je_n_ai_pas_de_nom_.mp3,Je n'ai pas de nom.
5487993,Je_ne_suis_pas_payé_.mp3,Je ne suis pas payé pour faire cela.
5405887,Avez_vous_déjà_été_t.mp3,Avez-vous déjà été trahis par une amie ?
5372001,Vous_ne_pouvez_pas_p.mp3,Vous ne pouvez pas partir.
5370554,La_fonction_exponent.mp3,La fonction exponentielle est strictement croissante.
5291286,Je_n_ai_pas_pu_m_éch.mp3,Je n'ai pas pu m'échapper.
4862680,Ça_ne_te_réussit_pas.mp3,Ça ne te réussit pas.
4856915,Il_n_en_vaut_pas_la_.mp3,Il n'en vaut pas la peine.
4779644,Nous_vous_avons_attr.mp3,Nous vous avons attrapé.
4692221,Je_voulais_venir_.mp3,Je voulais venir.
4270022,Arrête_de_te_comport.mp3,Arrête de te comporter comme un taré !
4236626,Je_n_ai_jamais_dit_q.mp3,Je n'ai jamais dit que je ne serais pas heureux.
4196752,Je_connais_le_remède.mp3,Je connais le remède à ce qui vous fait souffrir.
4185827,Je_me_sens_drôle__au.mp3,"Je me sens drôle, aujourd'hui."
3704358,La_mort_ressemble_au.mp3,La mort ressemble au sommeil.
3655635,Les_murs_étaient_pei.mp3,Les murs étaient peints de couleur ocre.
3653021,Vous_en_savez_assez_.mp3,Vous en savez assez.
3590691,Le_cargo_spatial_exp.mp3,Le cargo spatial explosa quelques secondes après le lancement.
3570707,Voulez_vous_vraiment.mp3,Voulez-vous vraiment vivre ce genre de vie ?
3516607,Venez_vous_joindre_à.mp3,Venez vous joindre à nous !
3494205,Je_confonds_souvent_.mp3,Je confonds souvent les voyelles espagnoles.
3432569,Je_vous_serais_recon.mp3,Je vous serais reconnaissant si vous restiez jusqu'à demain.
3430464,Les_plages_sont_moin.mp3,Les plages sont moins encombrées en septembre.
3412200,Je_vous_ai_déjà_sauv.mp3,Je vous ai déjà sauvé la vie deux fois.
3326846,Quel_est_le_salaire_.mp3,Quel est le salaire minimum en Islande ?
3229802,Puis_je_en_avoir_un_.mp3,Puis-je en avoir un également ?
2565670,J_espère_que_vous_êt.mp3,J'espère que vous êtes bien reposé.
2504314,J_ignore_le_chemin_.mp3,J'ignore le chemin.
2470585,Je_veux_te_voir_cet_.mp3,Je veux te voir cet après-midi dans mon bureau.
2426445,Je_suppose_que_je_ne.mp3,Je suppose que je ne refuserais pas des conseils.
2417328,Et_si_elle_dit_non__.mp3,Et si elle dit non ?
2416857,J_ai_ressenti_exacte.mp3,J'ai ressenti exactement la même chose.
2407024,Je_suppose_que_vous_.mp3,Je suppose que vous avez déjà fait vos valises et que vous êtes prêt à partir.
2398121,Je_pense_que_la_vie_.mp3,Je pense que la vie est ce que vous en faites.
2390703,Je_l_ai_mise_quelque.mp3,Je l'ai mise quelque part ici.
2383880,J_apprécie_ce_que_vo.mp3,J'apprécie ce que vous avez fait.
2375456,Je_savais_qu_elles_é.mp3,Je savais qu'elles étaient vos amies.
2334351,Je_déteste_dire_cela.mp3,Je déteste dire cela mais je pense qu'elle a raison.
2315922,Pourquoi_faut_il_dir.mp3,Pourquoi faut-il dire qu'on est honnête ?
2291668,J_admire_ta_persévér.mp3,J'admire ta persévérance et ta détermination.
2286612,Ne_touchez_à_rien_sa.mp3,Ne touchez à rien sans demander !
2222340,Les_filles_ont_glous.mp3,Les filles ont gloussé.
2218655,Elle_semblait_l_appr.mp3,Elle semblait l'apprécier.
2168617,Je_pourrais_payer_en.mp3,Je pourrais payer en cas d'extrême besoin.
2163523,Que_vous_êtes_lourde.mp3,Que vous êtes lourde !
2097421,Tout_le_monde_a_peur.mp3,Tout le monde a peur.
2054922,Je_veux_vraiment_te_.mp3,Je veux vraiment te voir.
2041145,Êtes_vous_encore_en_.mp3,Êtes-vous encore en colère après moi ?
2026669,Je_te_dirai_tout_ce_.mp3,Je te dirai tout ce que tu veux savoir.
1991324,Je_pense_que_tu_as_r.mp3,Je pense que tu as raison.
1939110,Personne_ne_se_souci.mp3,Personne ne se soucie plus de ça.
1927380,Elle_est_occupée_à_l.mp3,"Elle est occupée à l'heure qu'il est, donc elle ne peut pas te parler."
1850181,Ne_vous_fiez_pas_à_c.mp3,Ne vous fiez pas à ce qu'il dit !
1849839,Es_tu_avec_quelqu_un.mp3,Es-tu avec quelqu'un ?
1848630,J_aime_travailler_av.mp3,J'aime travailler avec toi.
1844510,Quand_as_tu_remarqué.mp3,Quand as-tu remarqué ça ?
1840152,Tu_ne_m_as_toujours_.mp3,Tu ne m'as toujours pas dit qui il est.
1783984,Je_pense_que_vous_êt.mp3,Je pense que vous êtes jaloux.
1717005,Ma_cuisine_n_égale_p.mp3,Ma cuisine n'égale pas celle de ma mère.
1680346,Et_nous_avons_démoli.mp3,Et nous avons démoli en un instant ce qui nous avait pris des années à construire.
1635811,Pouvez_vous_le_croir.mp3,Pouvez-vous le croire ?
1557965,Quelle_pointure_fait.mp3,Quelle pointure faites-vous ?
1517454,On_est_pourris_gâtés.mp3,On est pourris gâtés !
1482888,Quoi_que_vous_désiri.mp3,"Quoi que vous désiriez dans la vie, les objectifs, l'ambition et les activités des autres constituent des obstacles essentiels le long de votre chemin."
1473633,Comment_l_écrit_on__.mp3,Comment l'écrit-on ?
1460568,Elle_n_a_pas_voulu_v.mp3,Elle n'a pas voulu vendre le livre.
1453734,Faites_le_calcul_.mp3,Faites le calcul.
1450905,Que_ces_escaliers_so.mp3,Que ces escaliers sont étroits !
1393051,Elle_lui_a_écrit_une.mp3,Elle lui a écrit une longue lettre mais il ne l'a pas lue.
1367525,Elle_aimerait_qu_il_.mp3,Elle aimerait qu'il parte immédiatement.
1349937,Il_est_arrivé_après_.mp3,Il est arrivé après que la cloche a sonné.
1328987,Pourquoi_êtes_vous_v.mp3,Pourquoi êtes-vous venues tôt ?
1293454,La_tempête_a_provoqu.mp3,La tempête a provoqué une panne d'électricité.
1288915,Je_ne_l_ai_fait_que_.mp3,Je ne l'ai fait que pour te satisfaire.
1281024,Tu_ne_peux_pas_juste.mp3,Tu ne peux pas juste venir ici et commencer à donner des ordres aux gens alentour.
1259526,Si_tu_es_fort__je_su.mp3,"Si tu es fort, je suis fort."
1221493,Personne_ne_dit_quoi.mp3,Personne ne dit quoi que ce soit de bien à propos de ce politicien.
1201319,Nous_ne_sommes_pas_o.mp3,Nous ne sommes pas obligés de prendre part à la réunion.
1198567,J_ai_touché_un_sujet.mp3,J'ai touché un sujet dont je n'ai jamais voulu parler.
1189383,Les_toilettes_dans_c.mp3,Les toilettes dans cet hôtel sont de toute première classe !
1181604,Que_voit_il__.mp3,Que voit-il ?
1134345,Je_m_en_cogne_.mp3,Je m'en cogne.
1130175,Ce_que_vous_avez_dit.mp3,"Ce que vous avez dit est vrai, en un sens, mais ça l'a mise en colère."
1099604,Votre_chien_vous_a_t.mp3,Votre chien vous a-t-il jamais mordue ?
1076789,Il_y_a_comme_un_air_.mp3,"Il y a comme un air de rentrée des classes, tu ne trouves pas ?"
1073660,Ouvrez_le_livre_à_la.mp3,Ouvrez le livre à la page neuf.
1046660,En_quel_honneur_vous.mp3,En quel honneur vous êtes-vous mise sur votre trente-et-un ?
1036508,Tu_dois_te_tenir_à_l.mp3,Tu dois te tenir à l'écart de cette bande.
1021671,Faites_moi_savoir_le.mp3,Faites-moi savoir les jours pendant lesquels vous pourrez venir.
1016424,L_actrice_flirtait_a.mp3,L'actrice flirtait avec le metteur en scène.
1000764,Elle_avait_justement.mp3,Elle avait justement ce jour-là de libre.
986506,Pourquoi_ne_portes_t.mp3,Pourquoi ne portes-tu pas de lentilles de contact ?
973716,Mon_cousin_est_un_pe.mp3,Mon cousin est un peu plus âgé que moi.
972442,Elle_n_est_jamais_to.mp3,Elle n'est jamais tombée amoureuse.
971250,On_ne_peut_pas_mélan.mp3,On ne peut pas mélanger l'eau et l'huile.
967180,Ça_m_énerve_d_avoir_.mp3,Ça m'énerve d'avoir laissé passer l'occasion de la rencontrer.
965681,Appelle_moi_si_tu_tr.mp3,Appelle-moi si tu trouves quelque chose.
938343,Elle_n_a_vu_le_film_.mp3,Elle n'a vu le film qu'une seule fois.
919080,Plus_j_y_pense__moin.mp3,"Plus j'y pense, moins je le comprends."
900375,Pour_arriver_à_la_so.mp3,"Pour arriver à la source, on doit nager contre le courant."
882394,Nous_avons_terminé_l.mp3,Nous avons terminé le nettoyage de la salle de classe.
865515,En_dépit_des_critiqu.mp3,"En dépit des critiques, la procédure d'attribution ne sera pas modifiée."
864970,Je_ne_pouvais_conten.mp3,Je ne pouvais contenir ma colère.
589163,Ce_café_sent_bon_.mp3,Ce café sent bon.
566857,Alors_commençons_.mp3,Alors commençons.
530126,Qu_as_tu_d_autre_dan.mp3,Qu'as-tu d'autre dans la poche ?
493190,Petite_cachottière__.mp3,Petite cachottière ! Tu ne m'avais pas dit que tu avais vécu toi aussi à Paris !
479073,Pas_d_argent__pas_de.mp3,"Pas d'argent, pas de travail, pas d'amis. Il était vraiment au bout du rouleau."
464115,Où_se_trouve_ton_pèr.mp3,Où se trouve ton père ?
135972,Je_n_ai_pas_pu_aller.mp3,Je n'ai pas pu aller travailler parce que j'étais malade.
132478,Il_se_préoccupe_beau.mp3,Il se préoccupe beaucoup de sa réputation.
131567,Il_a_acheté_une_pair.mp3,Il a acheté une paire de chaussures.
131392,Il_est_encore_au_lit.mp3,Il est encore au lit.
131087,Il_n_a_pas_été_capab.mp3,Il n'a pas été capable d'ouvrir la boîte.
8912,Je_vous_écouterai_to.mp3,"Je vous écouterai tous, les uns après les autres."
8488,J_ai_bu_un_verre_de_.mp3,J'ai bu un verre de lait ce matin.
5589078,Tom_veille_.mp3,Tom veille.
5392198,Tom_désespérait_.mp3,Tom désespérait.
5321591,Tu_regretteras_.mp3,Tu regretteras.
5317365,Tous_applaudirent_.mp3,Tous applaudirent.
5317360,Tom_partagera_.mp3,Tom partagera.
5185858,Un_instant_.mp3,Un instant.
5184016,Tom_soliloque_.mp3,Tom soliloque.
4449049,Nous_dînons_.mp3,Nous dînons.
4388025,Je_refuserai_.mp3,Je refuserai.
1974689,Soyez_discrets_.mp3,Soyez discrets.
1974687,Tranquillisez_vous_.mp3,Tranquillisez-vous.
1084156,Lève_toi__.mp3,Lève-toi !
1084087,Tu_m_accompagnes__.mp3,Tu m'accompagnes ?
1081544,Explique_le_moi_.mp3,Explique-le-moi.
1081543,Souviens_en_toi_.mp3,Souviens-en-toi.
862084,Elle_est_vague_.mp3,Elle est vague.
750001,Je_suis_banquier_.mp3,Je suis banquier.
672268,Elle_court_.mp3,Elle court.
135431,Ferme_les_yeux_.mp3,Ferme les yeux.
128935,Demandons_au_profess.mp3,Demandons au professeur.
6823037,Il_est_déjà_14_h_30_.mp3,Il est déjà 14 h 30 et Tom n’est pas encore là.
5963214,Je_reviens_à_la_mais.mp3,Je reviens à la maison à 14 h 30.
5919754,Vous_devez_être_ici_.mp3,Vous devez être ici à 14 h 30 au plus tard.
5896017,Tom_a_travaillé_jusq.mp3,Tom a travaillé jusqu’à 14 h 30.
5800972,Tom_savait_qu_il_ser.mp3,Tom savait qu’il serait incapable de finir le rapport avant 14 h 30.
5800968,Tom_savait_qu_il_ne_.mp3,Tom savait qu’il ne serait pas en mesure de terminer le rapport d’ici 14 h 30.
5752770,N_appelle_pas_Tom_ch.mp3,N’appelle pas Tom chez lui après 14 h 30.
5752717,Tom_et_Mary_ont_quit.mp3,Tom et Mary ont quitté le bureau ensemble à 14 h 30.
5741717,Tom_et_Mary_viendron.mp3,Tom et Mary viendront à 14 h 30.
5524402,Nous_avons_quitté_Bo.mp3,Nous avons quitté Boston à 2 h 30 hier.
5524405,Nous_avons_quitté_Bo.mp3,Nous avons quitté Boston à 14 h 30 hier.
5461566,Vous_devez_être_ici_.mp3,Vous devez être ici à 14 h 30 demain après-midi.
5461565,Tu_dois_être_ici_à_1.mp3,Tu dois être ici à 14 h 30 demain après-midi.
5390526,J_ai_un_rendez_vous_.mp3,J’ai un rendez-vous à 14 h 30.
5377471,J_étais_avec_Tom_de_.mp3,J’étais avec Tom de 8 h 30 à 14 h 30.
5375530,Où_étais_tu_à_14_h_3.mp3,Où étais-tu à 14 h 30 lundi après-midi ?
5375529,Où_étiez_vous_à_14_h.mp3,Où étiez-vous à 14 h 30 lundi après-midi ?
5353236,Mes_parents_seront_à.mp3,Mes parents seront à la maison vers 14 h 30.
5324451,J_ai_une_réunion_à_1.mp3,J’ai une réunion à 14 h 30.
3210779,Je_l_aurai_fait_fair.mp3,Je l'aurai fait faire avant 14 h 30.
1088856,La_prêtresse_vaudou_.mp3,"La prêtresse vaudou ricana quand Tom et Mary, perdus dans cette phrase, se demandèrent qui donc, sinon l’auteur, maîtrisait en fait leur destin."
473222,L_ontogenèse_récapit.mp3,L’ontogenèse récapitule la phylogenèse.
4705443,Nous_avons_descendu_.mp3,Nous avons descendu la colline en courant.
3141453,Sont_ils_à_vendre__.mp3,Sont-ils à vendre ?
6892044,Tom_est_impoli_.mp3,Tom est impoli.
6877615,Tom_est_il_paresseux.mp3,Tom est-il paresseux ?
6877614,Est_ce_que_Tom_est_p.mp3,Est-ce que Tom est paresseux ?
6816146,Comportez_vous_comme.mp3,Comportez-vous comme quelqu'un de votre âge.
6816145,Comporte_toi_comme_q.mp3,Comporte-toi comme quelqu'un de ton âge.
6486816,J_ai_fait_du_riz_.mp3,J'ai fait du riz.
6486673,Nous_en_voulons_une_.mp3,Nous en voulons une.
6486672,Nous_en_voulons_un_.mp3,Nous en voulons un.
6473193,C_était_difficile_.mp3,C'était difficile.
6473192,C_était_dur_.mp3,C'était dur.
6471970,Tom_l_a_pris_.mp3,Tom l'a pris.
6468799,Tom_est_chauve_.mp3,Tom est chauve.
6468786,Je_suis_piégé_.mp3,Je suis piégé.
6468705,J_aime_la_bière_.mp3,J'aime la bière.
6468695,Je_suis_nerveux_.mp3,Je suis nerveux.
6468622,Est_ce_Tom__.mp3,Est-ce Tom ?
6465640,Tom_a_refusé_.mp3,Tom a refusé.
6465625,Tom_viendra_.mp3,Tom viendra.
6465624,Tom_va_venir_.mp3,Tom va venir.
6465616,Qui_l_a_dessiné__.mp3,Qui l'a dessiné ?
6465569,Je_ne_suis_pas_Tom_.mp3,Je ne suis pas Tom.
6465484,J_ai_aimé_Tom_.mp3,J'ai aimé Tom.
6465325,Tom_appellera_.mp3,Tom appellera.
6465324,Tom_a_tort_.mp3,Tom a tort.
6465321,Nous_avons_besoin_de.mp3,Nous avons besoin de vous.
6463442,Tom_est_raisonnable_.mp3,Tom est raisonnable.
6463427,Tom_est_chanceux_.mp3,Tom est chanceux.
6463414,Tom_inspira_.mp3,Tom inspira.
6463386,Dites_au_revoir_.mp3,Dites au revoir.
6463385,Dis_au_revoir_.mp3,Dis au revoir.
6463234,Il_pourrait_pleuvoir.mp3,Il pourrait pleuvoir.
6463160,Marchez_lentement_.mp3,Marchez lentement.
6463159,Marche_lentement_.mp3,Marche lentement.
6463144,Restez__s_il_vous_pl.mp3,"Restez, s'il vous plaît."
6463143,Reste__s_il_te_plaît.mp3,"Reste, s'il te plaît."
6463116,Tom_est_réveillé_.mp3,Tom est réveillé.
6463109,Faisons_la_fête_.mp3,Faisons la fête.
6463070,Tom_a_transpiré_.mp3,Tom a transpiré.
6456052,Sont_elles_nouvelles.mp3,Sont-elles nouvelles ?
6456051,Sont_elles_neuves__.mp3,Sont-elles neuves ?
6456050,Sont_ils_neufs__.mp3,Sont-ils neufs ?
6456049,Sont_ils_nouveaux__.mp3,Sont-ils nouveaux ?
6402376,C_était_bon__.mp3,C'était bon ?
6402375,Était_ce_bon__.mp3,Était-ce bon ?
6380953,C_est_dur_.mp3,C'est dur.
6287677,J_étais_troisième_.mp3,J'étais troisième.
6210358,Elle_était_plate_.mp3,Elle était plate.
6210357,Il_était_plat_.mp3,Il était plat.
6186124,C_était_juste_.mp3,C'était juste.
6167078,Cela_a_aidé_.mp3,Cela a aidé.
5946751,Je_suis_au_travail_.mp3,Je suis au travail.
5894700,Tom_est_lent_.mp3,Tom est lent.
5891592,Essayez_de_vous_repo.mp3,Essayez de vous reposer.
5835149,Tom_a_dit_non_.mp3,Tom a dit non.
5835089,Commençons_.mp3,Commençons.
5803836,Mémorisez_la_.mp3,Mémorisez-la.
5803835,Mémorisez_le_.mp3,Mémorisez-le.
5803834,Mémorise_la_.mp3,Mémorise-la.
5803833,Mémorise_le_.mp3,Mémorise-le.
5801002,Tom_est_il_blessé__.mp3,Tom est-il blessé ?
5791978,J_ai_besoin_d_elles_.mp3,J'ai besoin d'elles.
5791977,J_ai_besoin_d_eux_.mp3,J'ai besoin d'eux.
5724175,Tom_s_ennuie_.mp3,Tom s'ennuie.
5724161,Je_ne_crierai_pas_.mp3,Je ne crierai pas.
5724160,Je_ne_pleurerai_pas_.mp3,Je ne pleurerai pas.
5688333,Tom_est_désolé_.mp3,Tom est désolé.
5643996,C_était_long_.mp3,C'était long.
5578712,Je_déteste_le_travai.mp3,Je déteste le travail.
5545288,Je_déteste_le_lait_.mp3,Je déteste le lait.
5545251,J_ai_besoin_de_colle.mp3,J'ai besoin de colle.
5500758,Êtes_vous_chauve__.mp3,Êtes-vous chauve ?
5500756,Êtes_vous_chauves__.mp3,Êtes-vous chauves ?
5500754,Es_tu_chauve__.mp3,Es-tu chauve ?
5490106,Nous_avons_besoin_de.mp3,Nous avons besoin de Tom.
5489575,Arrête_d_essayer_.mp3,Arrête d'essayer.
5482646,Est_ce_que_Tom_est_s.mp3,Est-ce que Tom est sûr ?
5403613,Tu_peux_t_asseoir_.mp3,Tu peux t'asseoir.
5403612,Vous_pouvez_vous_ass.mp3,Vous pouvez vous asseoir.
5371959,Elles_sont_vieilles_.mp3,Elles sont vieilles.
5371958,Ils_sont_vieux_.mp3,Ils sont vieux.
5369569,J_aime_Mary_.mp3,J'aime Mary.
5365730,Dormez_bien_.mp3,Dormez bien.
5365727,Dors_bien_.mp3,Dors bien.
5364432,Tom_est_marrant_.mp3,Tom est marrant.
5364428,Tom_est_rigolo_.mp3,Tom est rigolo.
5364427,Tom_est_drôle_.mp3,Tom est drôle.
5364398,Ignorez_les_.mp3,Ignorez-les.
5364395,Ignore_les_.mp3,Ignore-les.
5364381,Merci_d_arrêter_.mp3,Merci d'arrêter.
5364379,Veuillez_arrêter_.mp3,Veuillez arrêter.
5364370,Arrête__s_il_te_plaî.mp3,"Arrête, s'il te plaît."
5364369,Arrêtez__s_il_vous_p.mp3,"Arrêtez, s'il vous plaît."
5364368,S_il_vous_plaît__arr.mp3,"S'il vous plaît, arrêtez."
5364367,S_il_te_plaît__arrêt.mp3,"S'il te plaît, arrête."
5364319,Tom_s_est_noyé_.mp3,Tom s'est noyé.
5364317,Tom_se_noya_.mp3,Tom se noya.
5350934,On_a_fait_ça_.mp3,On a fait ça.
5350932,Nous_avons_fait_cela.mp3,Nous avons fait cela.
5334717,Tom_va_arrêter_.mp3,Tom va arrêter.
5334712,Tom_va_démissionner_.mp3,Tom va démissionner.
5334636,Je_suis_en_service_.mp3,Je suis en service.
5311665,J_aime_le_lait_.mp3,J'aime le lait.
5299466,Tom_est_seul_.mp3,Tom est seul.
5299462,Tom_est_en_vie_.mp3,Tom est en vie.
5299460,Tom_est_vivant_.mp3,Tom est vivant.
5297902,Écartez_vous_.mp3,Écartez-vous.
5297900,Écarte_toi_.mp3,Écarte-toi.
5297897,Restez_à_l_écart_.mp3,Restez à l'écart.
5297896,Reste_à_l_écart_.mp3,Reste à l'écart.
5294816,Fais_demi_tour_.mp3,Fais demi-tour.
5294806,Faites_demi_tour_.mp3,Faites demi-tour.
5294519,Tom_a_cligné_des_yeu.mp3,Tom a cligné des yeux.
5254223,Je_lis_sur_les_lèvre.mp3,Je lis sur les lèvres.
5150046,C_est_arrivé_.mp3,C'est arrivé.
5066850,Séparons_nous__.mp3,Séparons-nous !
5066849,Divisons_nous__.mp3,Divisons-nous !
5066834,Attendez_nous__.mp3,Attendez-nous !
5064940,Puis_je_commencer__.mp3,Puis-je commencer ?
5064938,Je_me_tenais_là_.mp3,Je me tenais là.
5064937,J_étais_là_.mp3,J'étais là.
5064936,Je_m_y_trouvais_.mp3,Je m'y trouvais.
5064935,J_y_étais_.mp3,J'y étais.
5064931,J_étais_sobre_.mp3,J'étais sobre.
5063630,On_m_a_mis_une_contr.mp3,On m'a mis une contravention.
5063627,Je_me_suis_fait_verb.mp3,Je me suis fait verbaliser.
5063621,On_m_a_collé_une_ame.mp3,On m'a collé une amende.
5063619,On_m_a_mis_une_amend.mp3,On m'a mis une amende.
5063612,J_ai_été_pris_de_ver.mp3,J'ai été pris de vertiges.
5063597,J_ai_commencé_à_m_en.mp3,J'ai commencé à m'ennuyer.
5063538,J_étais_seul_.mp3,J'étais seul.
5063523,Je_suis_fortuné_.mp3,Je suis fortuné.
5060207,J_ai_la_frousse_.mp3,J'ai la frousse.
5060186,Je_suis_affolé_.mp3,Je suis affolé.
5058702,Je_suis_remonté_.mp3,Je suis remonté.
5058692,Je_suis_détendu_.mp3,Je suis détendu.
5058663,Je_reste_.mp3,Je reste.
5058648,Je_suis_touché_.mp3,Je suis touché.
5058643,Je_me_fais_du_souci_.mp3,Je me fais du souci.
5058639,La_tête_me_tournait_.mp3,La tête me tournait.
5058638,J_avais_la_tête_qui_.mp3,J'avais la tête qui tournait.
4965995,Éteignez_le__.mp3,Éteignez-le !
4965994,Éteins_le__.mp3,Éteins-le !
4965989,Je_suis_en_train_de_.mp3,Je suis en train de discuter.
4962137,Tom_est_paresseux_.mp3,Tom est paresseux.
4924017,Vous_êtes_faibles_.mp3,Vous êtes faibles.
4924009,Vous_êtes_raisonnabl.mp3,Vous êtes raisonnables.
4923876,Êtes_vous_occupées__.mp3,Êtes-vous occupées ?
4923875,Êtes_vous_occupés__.mp3,Êtes-vous occupés ?
4904423,Attends_nous__.mp3,Attends-nous !
4901121,Fais_le_moi_savoir__.mp3,Fais-le moi savoir !
4897545,Remets_le_en_place__.mp3,Remets-le en place !
4897474,C_est_laid_.mp3,C'est laid.
4895954,C_est_verrouillé_.mp3,C'est verrouillé.
4864860,Je_suis_tout_à_fait_.mp3,Je suis tout à fait prêt.
4862903,Prenez_tout__.mp3,Prenez tout !
4862902,Prends_tout__.mp3,Prends tout !
4862860,Nous_travaillons_tou.mp3,Nous travaillons tous.
4862856,Nous_arrêtons_tous_.mp3,Nous arrêtons tous.
4862852,Nous_démissionnons_t.mp3,Nous démissionnons tous.
4841796,Je_ne_suis_pas_vieux.mp3,Je ne suis pas vieux.
4841766,Je_ne_suis_pas_gros_.mp3,Je ne suis pas gros.
4805507,Nous_ne_pouvons_pas_.mp3,Nous ne pouvons pas partir.
4805506,Nous_ne_pouvons_pas_.mp3,Nous ne pouvons pas nous y rendre.
4805505,Nous_ne_pouvons_pas_.mp3,Nous ne pouvons pas y aller.
4805504,Nous_ne_pouvons_nous.mp3,Nous ne pouvons nous y rendre.
4805503,Nous_ne_pouvons_y_al.mp3,Nous ne pouvons y aller.
4779859,Nous_le_savons_tous_.mp3,Nous le savons tous.
4779581,Maintenant_nous_atte.mp3,Maintenant nous attendons.
4779556,Sommes_nous_seuls__.mp3,Sommes-nous seuls ?
4777536,Il_nous_faut_essayer.mp3,Il nous faut essayer.
4777532,Il_nous_faut_courir_.mp3,Il nous faut courir.
4777516,Il_nous_faut_agir_.mp3,Il nous faut agir.
4777512,Vous_nous_manquez_.mp3,Vous nous manquez.
4777511,Tu_nous_manques_.mp3,Tu nous manques.
4777501,Nous_nous_en_sommes_.mp3,Nous nous en sommes bien tirés.
4777478,Nous_pouvons_attendr.mp3,Nous pouvons attendre.
4777474,Nous_pouvons_discute.mp3,Nous pouvons discuter.
4777471,Nous_pouvons_nous_re.mp3,Nous pouvons nous rencontrer.
4777470,Nous_sommes_en_colèr.mp3,Nous sommes en colère.
4777460,Nous_commencerons_.mp3,Nous commencerons.
4777457,Nous_nous_tiendrons_.mp3,Nous nous tiendrons debout.
4777456,Nous_tirerons_.mp3,Nous tirerons.
4777454,Nous_sommes_sauvés_.mp3,Nous sommes sauvés.
4777421,Nous_combattrons_.mp3,Nous combattrons.
4777408,Nous_sommes_en_train.mp3,Nous sommes en train de mourir.
4777404,Nous_conduirons_.mp3,Nous conduirons.
4777388,Nous_vérifierons_.mp3,Nous vérifierons.
4777381,Nous_sommes_armés_.mp3,Nous sommes armés.
4777301,Nous_sommes_intellig.mp3,Nous sommes intelligents.
4775650,Nous_sommes_en_avanc.mp3,Nous sommes en avance.
4775630,On_est_fauchés_.mp3,On est fauchés.
4775628,Nous_sommes_fauchés_.mp3,Nous sommes fauchés.
4775626,On_s_emmerde_.mp3,On s'emmerde.
4767862,Je_veux_Mary_.mp3,Je veux Mary.
4767861,Nous_voulons_Tom_.mp3,Nous voulons Tom.
4767850,Tom_rit_.mp3,Tom rit.
4758196,Elle_l_a_frappé_.mp3,Elle l'a frappé.
4758195,Elle_le_frappa_.mp3,Elle le frappa.
4758168,Elle_a_rougi_.mp3,Elle a rougi.
4729941,Elles_sont_mauvaises.mp3,Elles sont mauvaises.
4729940,Ils_sont_mauvais_.mp3,Ils sont mauvais.
4729392,Elles_ont_brûlé_.mp3,Elles ont brûlé.
4729391,Ils_ont_brûlé_.mp3,Ils ont brûlé.
4729365,Elles_se_sont_enlacé.mp3,Elles se sont enlacées.
4729364,Ils_se_sont_enlacés_.mp3,Ils se sont enlacés.
4729357,Elles_ont_obéi_.mp3,Elles ont obéi.
4729354,Ils_ont_obéi_.mp3,Ils ont obéi.
4729345,Elles_ont_souri_.mp3,Elles ont souri.
4729344,Ils_ont_souri_.mp3,Ils ont souri.
4693525,Je_le_tenterai_.mp3,Je le tenterai.
4693450,J_y_vais_maintenant_.mp3,J'y vais maintenant.
4693447,J_irai_voir_.mp3,J'irai voir.
4693432,Je_me_lèverai_.mp3,Je me lèverai.
4682071,Je_suis_tellement_ra.mp3,Je suis tellement rassasié.
4681994,Je_suppose_que_non_.mp3,Je suppose que non.
4681993,J_imagine_que_non_.mp3,J'imagine que non.
4681907,J_ai_dit_stop_.mp3,J'ai dit stop.
4681784,J_ai_à_nouveau_gagné.mp3,J'ai à nouveau gagné.
4681771,Je_l_ai_lavée_.mp3,Je l'ai lavée.
4681770,Je_l_ai_lavé_.mp3,Je l'ai lavé.
4681730,J_étais_ivre_.mp3,J'étais ivre.
4681707,J_étais_sans_le_sou_.mp3,J'étais sans le sou.
4681642,Je_paie_des_impôts_.mp3,Je paie des impôts.
4679777,Il_me_faut_de_la_nou.mp3,Il me faut de la nourriture.
4679029,Je_suis_mécontent_.mp3,Je suis mécontent.
4678975,Je_suis_bourré_.mp3,Je suis bourré.
4678968,Je_suis_sincère_.mp3,Je suis sincère.
4678966,Je_suis_choqué_.mp3,Je suis choqué.
4678948,Je_suis_égoïste_.mp3,Je suis égoïste.
4678917,Je_suis_voyant_.mp3,Je suis voyant.
4678907,Je_suis_populaire_.mp3,Je suis populaire.
4678881,J_annulerai_.mp3,J'annulerai.
4678871,Je_m_en_sortirai_.mp3,Je m'en sortirai.
4678867,Je_crierai_.mp3,Je crierai.
4678811,Je_suis_fiancé_.mp3,Je suis fiancé.
4678801,Je_fais_la_diète_.mp3,Je fais la diète.
4678766,Je_le_déciderai_.mp3,Je le déciderai.
4678765,J_en_déciderai_.mp3,J'en déciderai.
4678753,Je_suis_prudent_.mp3,Je suis prudent.
4678743,Je_les_veux_.mp3,Je les veux.
4678741,Moi_je_veux_ça_.mp3,Moi je veux ça.
4678727,J_adore_la_vie_.mp3,J'adore la vie.
4678725,J_ai_du_vin_.mp3,J'ai du vin.
4678699,Je_suis_pensionné_.mp3,Je suis pensionné.
4678696,Je_suis_retraité_.mp3,Je suis retraité.
4678692,J_y_assisterai_.mp3,J'y assisterai.
4678633,Je_m_en_suis_remis_.mp3,Je m'en suis remis.
4678629,Je_me_suis_remis_.mp3,Je me suis remis.
4655551,Vous_êtes_minces_.mp3,Vous êtes minces.
4655549,Vous_êtes_mince_.mp3,Vous êtes mince.
4655548,Tu_es_mince_.mp3,Tu es mince.
4655494,Tu_es_sauve_.mp3,Tu es sauve.
4655493,Vous_êtes_sauves_.mp3,Vous êtes sauves.
4655492,Vous_êtes_sauve_.mp3,Vous êtes sauve.
4655491,Vous_êtes_sauf_.mp3,Vous êtes sauf.
4655490,Vous_êtes_saufs_.mp3,Vous êtes saufs.
4655489,Tu_es_sauf_.mp3,Tu es sauf.
4655488,Vous_êtes_en_sécurit.mp3,Vous êtes en sécurité.
4655487,Tu_es_en_sécurité_.mp3,Tu es en sécurité.
4655481,Tu_es_grossière_.mp3,Tu es grossière.
4655480,Vous_êtes_grossières.mp3,Vous êtes grossières.
4655479,Vous_êtes_grossière_.mp3,Vous êtes grossière.
4655478,Vous_êtes_grossiers_.mp3,Vous êtes grossiers.
4655476,Tu_es_grossier_.mp3,Tu es grossier.
4655475,Vous_êtes_riches_.mp3,Vous êtes riches.
4655474,Vous_êtes_riche_.mp3,Vous êtes riche.
4655473,Tu_es_riche_.mp3,Tu es riche.
4654503,Vous_êtes_sympas_.mp3,Vous êtes sympas.
4654501,Vous_êtes_sympa_.mp3,Vous êtes sympa.
4654485,Tu_es_perdue_.mp3,Tu es perdue.
4654484,Tu_es_perdu_.mp3,Tu es perdu.
4654478,Vous_êtes_paresseuse.mp3,Vous êtes paresseuse.
4654477,Vous_êtes_paresseuse.mp3,Vous êtes paresseuses.
4654475,Vous_êtes_paresseux_.mp3,Vous êtes paresseux.
4654474,Tu_es_paresseuse_.mp3,Tu es paresseuse.
4654472,Tu_es_paresseux_.mp3,Tu es paresseux.
4654443,T_es_bonne_.mp3,T'es bonne.
4654442,T_es_bon_.mp3,T'es bon.
4654088,Vous_êtes_libre_.mp3,Vous êtes libre.
4654087,Vous_êtes_libres_.mp3,Vous êtes libres.
4654086,Tu_es_libre_.mp3,Tu es libre.
4654043,Tu_vas_bien_.mp3,Tu vas bien.
4654016,Vous_êtes_justes_.mp3,Vous êtes justes.
4654015,Vous_êtes_juste_.mp3,Vous êtes juste.
4654014,Tu_es_juste_.mp3,Tu es juste.
4653966,T_es_décontracté_.mp3,T'es décontracté.
4653964,T_es_sympa_.mp3,T'es sympa.
4653872,Vous_êtes_de_retour_.mp3,Vous êtes de retour.
4653871,Tu_es_de_retour_.mp3,Tu es de retour.
4653702,Vous_vous_êtes_évano.mp3,Vous vous êtes évanouie.
4653698,Vous_vous_êtes_évano.mp3,Vous vous êtes évanoui.
4653682,Vous_avez_triché_.mp3,Vous avez triché.
4653681,Tu_as_triché_.mp3,Tu as triché.
4626039,Piochez_une_carte__.mp3,Piochez une carte !
4626038,Pioche_une_carte__.mp3,Pioche une carte !
4626007,Quelle_perte__.mp3,Quelle perte !
4625997,Allez_marcher__.mp3,Allez marcher !
4625996,Va_marcher__.mp3,Va marcher !
4625976,Croquez__.mp3,Croquez !
4625975,Prenez_une_bouchée__.mp3,Prenez une bouchée !
4625974,Prends_une_bouchée__.mp3,Prends une bouchée !
4625973,Croque__.mp3,Croque !
4625966,Choisis_une_date__.mp3,Choisis une date !
4625965,Choisissez_une_date_.mp3,Choisissez une date !
4625962,Faites_une_liste__.mp3,Faites une liste !
4625961,Fais_une_liste__.mp3,Fais une liste !
4625938,Faites_un_souhait__.mp3,Faites un souhait !
4625937,Fais_un_souhait__.mp3,Fais un souhait !
4599647,Tu_es_gentille_.mp3,Tu es gentille.
4599645,Tu_es_gentil_.mp3,Tu es gentil.
4595759,Je_dois_me_cacher_.mp3,Je dois me cacher.
4594207,Suis_je_amoureux__.mp3,Suis-je amoureux ?
4593110,Je_m_ennuyais_.mp3,Je m'ennuyais.
4593072,Je_suis_patient_.mp3,Je suis patient.
4591539,Qui_s_est_échappé__.mp3,Qui s'est échappé ?
4585803,Je_suis_en_train_de_.mp3,Je suis en train de danser.
4579586,Je_veux_ceci_.mp3,Je veux ceci.
4578574,Ils_l_ont_eue_.mp3,Ils l'ont eue.
4578573,Ils_l_ont_eu_.mp3,Ils l'ont eu.
4578520,Reste_à_l_intérieur_.mp3,Reste à l'intérieur !
4547477,Est_ce_prêt__.mp3,Est-ce prêt ?
4547447,Est_ce_fatal__.mp3,Est-ce fatal ?
4547443,Est_ce_sale__.mp3,Est-ce sale ?
4547434,Est_ce_clair__.mp3,Est-ce clair ?
4547433,Est_ce_propre__.mp3,Est-ce propre ?
4547327,C_est_gros_.mp3,C'est gros.
4451091,Je_suis_méticuleux_.mp3,Je suis méticuleux.
4450843,Est_ce_que_Tom_est_i.mp3,Est-ce que Tom est ici ?
4434999,Les_deux_me_plaisent.mp3,Les deux me plaisent.
4431261,J_y_étais_prêt_.mp3,J'y étais prêt.
4321545,On_a_besoin_de_toi_.mp3,On a besoin de toi.
4274086,Réveille_Tom__.mp3,Réveille Tom !
4266473,Je_vends_des_voiture.mp3,Je vends des voitures.
4234727,Où_étais_je__.mp3,Où étais-je ?
4234726,Où_en_étais_je__.mp3,Où en étais-je ?
3792968,Ai_je_eu_tort__.mp3,Ai-je eu tort ?
3792967,Avais_je_tort__.mp3,Avais-je tort ?
3720081,Je_déteste_le_poisso.mp3,Je déteste le poisson.
3693045,Il_y_a_du_nouveau__.mp3,Il y a du nouveau ?
3686193,Où_est_Tom__.mp3,Où est Tom ?
3669945,Arrêtez_de_pleurer__.mp3,Arrêtez de pleurer !
3669944,Arrête_de_pleurer__.mp3,Arrête de pleurer !
3669707,Je_suis_en_train_de_.mp3,Je suis en train de travailler.
3669668,Travaillez_lentement.mp3,Travaillez lentement !
3669667,Travaille_lentement_.mp3,Travaille lentement !
3666036,Restez_au_lit__.mp3,Restez au lit !
3666035,Reste_au_lit__.mp3,Reste au lit !
3647449,Je_ne_suis_pas_un_me.mp3,Je ne suis pas un menteur.
3647340,Personne_n_est_parti.mp3,Personne n'est parti.
3647339,Personne_ne_partit_.mp3,Personne ne partit.
3647307,Dis_simplement_non__.mp3,Dis simplement non !
3647306,Dites_simplement_non.mp3,Dites simplement non !
3645550,Buvons__.mp3,Buvons !
3642705,Quelle_équipe__.mp3,Quelle équipe !
3634424,J_apprécie_le_jazz_.mp3,J'apprécie le jazz.
3634423,J_aime_le_riz_.mp3,J'aime le riz.
3634413,Je_les_apprécie_.mp3,Je les apprécie.
3633569,J_aime_le_bleu_.mp3,J'aime le bleu.
3566810,J_ai_des_yeux_.mp3,J'ai des yeux.
3559286,Vous_êtes_faible_.mp3,Vous êtes faible.
3557677,Je_hais_les_chiens_.mp3,Je hais les chiens.
3557676,Je_déteste_les_chien.mp3,Je déteste les chiens.
3499402,Tom_est_dérangé_.mp3,Tom est dérangé.
3473085,Est_ce_que_Tom_va_bi.mp3,Est-ce que Tom va bien ?
3468985,Je_suis_excité_.mp3,Je suis excité.
3400059,Quel_taudis__.mp3,Quel taudis !
3356612,Où_est_elle__.mp3,Où est-elle ?
3273231,J_ai_été_engagé_.mp3,J'ai été engagé.
3211672,Tom_est_ivre_.mp3,Tom est ivre.
3211671,Tom_est_saoul_.mp3,Tom est saoul.
3211554,Tom_est_tout_seul_.mp3,Tom est tout seul.
3209600,Nous_apprécions_Tom_.mp3,Nous apprécions Tom.
3209599,Nous_aimons_Tom_.mp3,Nous aimons Tom.
3209598,Nous_aimons_bien_Tom.mp3,Nous aimons bien Tom.
3139270,Célébrons_.mp3,Célébrons.
3113004,Je_suis_furieux_.mp3,Je suis furieux.
3053793,Je_changerai_.mp3,Je changerai.
3052655,Tom_est_malade_menta.mp3,Tom est malade mental.
3029768,C_est_à_elle_.mp3,C'est à elle.
2879119,Pose_le__.mp3,Pose-le !
2879118,Laisse_le__.mp3,Laisse-le !
2859943,Tom_est_grand_.mp3,Tom est grand.
2839260,Tom_écoute_.mp3,Tom écoute.
2661071,Je_ne_suis_pas_fou_.mp3,Je ne suis pas fou.
2497467,Jamais_je_ne_l_empor.mp3,Jamais je ne l'emporte.
2497466,Je_ne_gagne_jamais_.mp3,Je ne gagne jamais.
2497423,Je_n_ai_jamais_parié.mp3,Je n'ai jamais parié.
2497422,Je_ne_parie_jamais_.mp3,Je ne parie jamais.
2482627,J_ai_besoin_de_temps.mp3,J'ai besoin de temps.
2482626,Il_me_faut_du_temps_.mp3,Il me faut du temps.
2482625,C_est_ce_qu_il_me_fa.mp3,C'est ce qu'il me faut.
2482622,Il_me_faut_ça_.mp3,Il me faut ça.
2482615,Il_m_en_faut_plus_.mp3,Il m'en faut plus.
2482614,Il_m_en_faut_davanta.mp3,Il m'en faut davantage.
2482611,J_ai_mis_la_main_des.mp3,J'ai mis la main dessus.
2482609,Je_l_ai_cloué_.mp3,Je l'ai cloué.
2482608,C_est_dans_la_poche_.mp3,C'est dans la poche !
2482589,Je_dois_obéir_.mp3,Je dois obéir.
2482588,Il_me_faut_obéir_.mp3,Il me faut obéir.
2482553,J_ai_mis_le_souk_.mp3,J'ai mis le souk.
2482549,J_ai_mis_la_pagaille.mp3,J'ai mis la pagaille.
2482542,J_ai_foiré_.mp3,J'ai foiré.
2482429,J_apprécie_ceci_.mp3,J'apprécie ceci.
2468062,Je_le_sais_.mp3,Je le sais.
2468061,Je_sais_ça_.mp3,Je sais ça.
2460101,Je_fredonne_.mp3,Je fredonne.
2460017,Tom_a_changé_.mp3,Tom a changé.
2460008,Qui_a_triché__.mp3,Qui a triché ?
2433555,J_ai_du_liquide_.mp3,J'ai du liquide.
2433212,J_ai_de_la_nourritur.mp3,J'ai de la nourriture.
2433139,Je_les_déteste_.mp3,Je les déteste.
2432974,Je_déteste_le_golf_.mp3,Je déteste le golf.
2427508,Je_veux_du_temps_.mp3,Je veux du temps.
2427462,Je_veux_de_la_soupe_.mp3,Je veux de la soupe.
2427365,Je_veux_la_mienne_.mp3,Je veux la mienne.
2427364,Je_veux_le_mien_.mp3,Je veux le mien.
2427354,Je_veux_des_œufs_.mp3,Je veux des œufs.
2427348,Je_veux_des_enfants_.mp3,Je veux des enfants.
2427343,Je_veux_du_liquide_.mp3,Je veux du liquide.
2427318,J_ai_veillé_.mp3,J'ai veillé.
2426399,J_ai_été_contrarié_.mp3,J'ai été contrarié.
2426398,Je_me_suis_fâché_.mp3,Je me suis fâché.
2373667,Je_suis_perplexe_.mp3,Je suis perplexe.
2321816,C_est_faible_.mp3,C'est faible.
2310620,J_ai_merdé_.mp3,J'ai merdé.
2285496,Je_suis_béni_.mp3,Je suis béni.
2285495,J_ai_les_chocottes_.mp3,J'ai les chocottes.
2285483,Je_suis_en_train_de_.mp3,Je suis en train de conduire.
2284692,Il_fait_plus_chaud_.mp3,Il fait plus chaud.
2284691,C_est_plus_chaud_.mp3,C'est plus chaud.
2251665,Je_me_rends_.mp3,Je me rends.
2226566,Nous_avons_rompu_.mp3,Nous avons rompu.
2226564,Nous_avons_éclaté_de.mp3,Nous avons éclaté de rire.
2226559,Nous_nous_séparâmes_.mp3,Nous nous séparâmes.
2221432,Je_ne_suis_pas_timid.mp3,Je ne suis pas timide.
2218686,Quel_naze__.mp3,Quel naze !
2206202,Je_l_emporte_.mp3,Je l'emporte.
2206201,Je_gagne_.mp3,Je gagne.
2200702,J_ai_eu_du_bol_.mp3,J'ai eu du bol.
2190367,C_est_super_.mp3,C'est super.
2190291,C_est_ironique_.mp3,C'est ironique.
2190216,C_est_urgent_.mp3,C'est urgent.
2190179,C_est_bête_.mp3,C'est bête.
2190081,C_est_sage_.mp3,C'est sage.
2186750,Sommes_nous_fauchés_.mp3,Sommes-nous fauchés ?
2161360,Je_l_achèterai_.mp3,Je l'achèterai.
2109628,Nous_sommes_désolés_.mp3,Nous sommes désolés.
2109615,Nous_sommes_coincés_.mp3,Nous sommes coincés.
2109610,Nous_sommes_fatigués.mp3,Nous sommes fatigués.
2109608,Nous_sommes_jumeaux_.mp3,Nous sommes jumeaux.
2109568,Nous_avons_promis_.mp3,Nous avons promis.
2109560,Nous_nous_en_souveno.mp3,Nous nous en souvenons.
2109559,Nous_nous_souvenons_.mp3,Nous nous souvenons.
2109545,Nous_avons_survécu_.mp3,Nous avons survécu.
2109542,Nous_survécûmes_.mp3,Nous survécûmes.
2109513,Nous_danserons_.mp3,Nous danserons.
2109492,Nous_partagerons_.mp3,Nous partagerons.
2109451,Est_ce_la_vôtre__.mp3,Est-ce la vôtre ?
2109450,Est_ce_la_tienne__.mp3,Est-ce la tienne ?
2109449,Est_ce_le_tien__.mp3,Est-ce le tien ?
2109448,Est_ce_le_vôtre__.mp3,Est-ce le vôtre ?
2102180,Personne_n_est_mort_.mp3,Personne n'est mort.
2084348,Je_suis_trop_gros_.mp3,Je suis trop gros.
1980397,Vous_êtes_givrées__.mp3,Vous êtes givrées !
1980396,Vous_êtes_givrés__.mp3,Vous êtes givrés !
1980394,Vous_êtes_givrée__.mp3,Vous êtes givrée !
1980391,Vous_êtes_givré__.mp3,Vous êtes givré !
1980389,T_es_givrée__.mp3,T'es givrée !
1980387,T_es_givré__.mp3,T'es givré !
1980384,Vous_êtes_dingues__.mp3,Vous êtes dingues !
1980382,Vous_êtes_dingue__.mp3,Vous êtes dingue !
1980379,T_es_dingue__.mp3,T'es dingue !
1942214,S_il_vous_plaît__cha.mp3,"S'il vous plaît, chantez !"
1942211,S_il_te_plaît__chant.mp3,"S'il te plaît, chante !"
1942210,Chantez__je_vous_pri.mp3,"Chantez, je vous prie !"
1924397,Je_hais_le_sable_.mp3,Je hais le sable.
1924396,Je_déteste_le_sable_.mp3,Je déteste le sable.
1895032,C_est_du_poison_.mp3,C'est du poison.
1882251,J_ai_eu_tort_.mp3,J'ai eu tort.
1882249,J_eus_tort_.mp3,J'eus tort.
1882247,J_avais_tort_.mp3,J'avais tort.
1845906,Prenez_une_carte_.mp3,Prenez une carte.
1845905,Prends_une_carte_.mp3,Prends une carte.
1844484,Qu_y_avait_il__.mp3,Qu'y avait-il ?
1844483,De_quoi_s_agissait_i.mp3,De quoi s'agissait-il ?
1844482,Qu_est_ce_que_c_étai.mp3,Qu'est-ce que c'était ?
1844481,Qu_était_ce__.mp3,Qu'était-ce ?
1842758,J_ai_honte_.mp3,J'ai honte.
1815946,Je_ne_suis_pas_un_hé.mp3,Je ne suis pas un héros.
1801969,Laissez_moi_parler_.mp3,Laissez-moi parler.
1801949,J_adore_les_enfants_.mp3,J'adore les enfants.
1800643,Laissez_moi_vous_aid.mp3,Laissez-moi vous aider !
1800642,Laisse_moi_t_aider__.mp3,Laisse-moi t'aider !
1800098,Nous_nous_sommes_sép.mp3,Nous nous sommes séparés.
1793176,Prends_place__.mp3,Prends place !
1793175,Prenez_place__.mp3,Prenez place !
1792110,Je_t_ai_aimée_.mp3,Je t'ai aimée.
1792109,Je_t_ai_aimé_.mp3,Je t'ai aimé.
1792108,Je_t_aimais_.mp3,Je t'aimais.
1784687,Je_vous_ai_sauvés_.mp3,Je vous ai sauvés.
1784685,Je_vous_ai_sauvées_.mp3,Je vous ai sauvées.
1784684,Je_vous_ai_sauvée_.mp3,Je vous ai sauvée.
1784682,Je_vous_ai_sauvé_.mp3,Je vous ai sauvé.
1784681,Je_t_ai_sauvée_.mp3,Je t'ai sauvée.
1784680,Je_t_ai_sauvé_.mp3,Je t'ai sauvé.
1776460,Qu_est_ce_là__.mp3,Qu'est-ce là ?
1737715,Quelle_pagaille__.mp3,Quelle pagaille !
1737714,Quel_bordel__.mp3,Quel bordel !
1722466,Personne_ne_vint_.mp3,Personne ne vint.
1721724,Je_suis_gavé_.mp3,Je suis gavé.
1684734,Est_ce_légal__.mp3,Est-ce légal ?
1679317,Cela_passera_t_il__.mp3,Cela passera-t-il ?
1679316,Cela_ira_t_il__.mp3,Cela ira-t-il ?
1675421,Êtes_vous_perdue__.mp3,Êtes-vous perdue ?
1675420,Es_tu_perdue__.mp3,Es-tu perdue ?
1658104,J_étais_naïf_.mp3,J'étais naïf.
1658101,J_ai_été_naïf_.mp3,J'ai été naïf.
1658098,J_ai_été_crédule_.mp3,J'ai été crédule.
1658097,J_étais_crédule_.mp3,J'étais crédule.
1633880,Nous_nous_ennuyons_.mp3,Nous nous ennuyons.
1630026,Continuez_à_essayer_.mp3,Continuez à essayer.
1630024,Continue_à_essayer_.mp3,Continue à essayer.
1511133,Pas_un_geste__.mp3,Pas un geste !
1482965,Je_devrais_y_aller_.mp3,Je devrais y aller.
1482964,Je_devrais_partir_.mp3,Je devrais partir.
1462325,Vous_me_faites_mal_.mp3,Vous me faites mal.
1462324,Tu_me_fais_mal_.mp3,Tu me fais mal.
1461712,Devrais_je_partir__.mp3,Devrais-je partir ?
1461711,Devrais_je_y_aller__.mp3,Devrais-je y aller ?
1453695,Nous_y_sommes_.mp3,Nous y sommes.
1407090,Vous_êtes_en_retard_.mp3,Vous êtes en retard.
1407088,Tu_es_en_retard_.mp3,Tu es en retard.
1407083,C_est_la_mienne_.mp3,C'est la mienne.
1407082,C_est_le_mien_.mp3,C'est le mien.
1331452,Pile_à_l_heure__.mp3,Pile à l'heure !
1331440,Tout_juste__.mp3,Tout juste !
1331436,Moins_une__.mp3,Moins une !
1331430,Pile_poil__.mp3,Pile poil !
1331417,Bien_calculé__.mp3,Bien calculé !
1313933,Y_a_t_il_quelqu_un_d.mp3,Y a-t-il quelqu'un dans la maison ?
1313931,Y_a_t_il_quelqu_un__.mp3,Y a-t-il quelqu'un ?
1313930,Quelqu_un_est_il_là_.mp3,Quelqu'un est-il là ?
1313573,Veuillez_venir_.mp3,Veuillez venir.
1313571,Venez__je_vous_prie_.mp3,"Venez, je vous prie."
1313569,S_il_te_plait__viens.mp3,"S'il te plait, viens."
1313567,Viens__s_il_te_plait.mp3,"Viens, s'il te plait."
1313563,La_vie_est_amusante_.mp3,La vie est amusante.
1313561,C_est_mon_emploi_.mp3,C'est mon emploi.
1313560,C_est_mon_métier_.mp3,C'est mon métier.
1313557,J_irai_le_chercher_.mp3,J'irai le chercher.
1313556,Je_vais_aller_le_che.mp3,Je vais aller le chercher.
1302575,J_ai_du_temps_.mp3,J'ai du temps.
1300842,J_y_suis_allé_aussi_.mp3,J'y suis allé aussi.
1300841,J_y_suis_allé__égale.mp3,"J'y suis allé, également."
1293486,Regardez_autour_de_v.mp3,Regardez autour de vous.
1293485,Regarde_autour_de_to.mp3,Regarde autour de toi.
1260189,C_est_un_renard_.mp3,C'est un renard.
1250768,Êtes_vous_à_la_maiso.mp3,Êtes-vous à la maison ?
1250766,Es_tu_à_la_maison__.mp3,Es-tu à la maison ?
1250760,Êtes_vous_chez_moi__.mp3,Êtes-vous chez moi ?
1250757,Êtes_vous_chez_nous_.mp3,Êtes-vous chez nous ?
1250754,Es_tu_chez_moi__.mp3,Es-tu chez moi ?
1250751,Es_tu_chez_nous__.mp3,Es-tu chez nous ?
1250747,Êtes_vous_chez_vous_.mp3,Êtes-vous chez vous ?
1250744,Es_tu_chez_toi__.mp3,Es-tu chez toi ?
1243791,Es_tu_occupée__.mp3,Es-tu occupée ?
1243790,Es_tu_occupé__.mp3,Es-tu occupé ?
1243789,Êtes_vous_occupée__.mp3,Êtes-vous occupée ?
1243788,Êtes_vous_occupé__.mp3,Êtes-vous occupé ?
1190536,Je_sens_le_gaz_.mp3,Je sens le gaz.
1181159,Es_tu_malade__.mp3,Es-tu malade ?
1170187,A_t_il_raison__.mp3,A-t-il raison ?
1159532,Vous_appartient_il__.mp3,Vous appartient-il ?
1159124,Vous_y_rendrez_vous_.mp3,Vous y rendrez-vous ?
1159123,T_y_rendras_tu__.mp3,T'y rendras-tu ?
1159122,Iras_tu__.mp3,Iras-tu ?
1159121,Irez_vous__.mp3,Irez-vous ?
1159113,Es_tu_sourde__.mp3,Es-tu sourde ?
1159111,Êtes_vous_sourde__.mp3,Êtes-vous sourde ?
1157539,Quel_malheur__.mp3,Quel malheur !
1157520,Quel_cinglé__.mp3,Quel cinglé !
1153666,Qui_êtes_vous__.mp3,Qui êtes-vous ?
1153665,Qui_es_tu__.mp3,Qui es-tu ?
1153412,Je_lis_.mp3,Je lis.
1141334,On_m_a_saqué_.mp3,On m'a saqué.
1141333,J_ai_été_viré_.mp3,J'ai été viré.
1140607,Dansons_.mp3,Dansons.
1140526,J_ai_été_licencié_.mp3,J'ai été licencié.
1140506,Je_l_essayerai_.mp3,Je l'essayerai.
1121506,J_apprécie_cela_.mp3,J'apprécie cela.
1121505,J_aime_cela_.mp3,J'aime cela.
1121177,Tu_es_bonne_.mp3,Tu es bonne.
1121176,Tu_es_bon_.mp3,Tu es bon.
1121175,Vous_êtes_bonnes_.mp3,Vous êtes bonnes.
1121174,Vous_êtes_bons_.mp3,Vous êtes bons.
1121173,Vous_êtes_bonne_.mp3,Vous êtes bonne.
1121171,Vous_êtes_bon_.mp3,Vous êtes bon.
1119164,J_arriverai_à_entrer.mp3,J'arriverai à entrer.
1118943,On_s_y_met__.mp3,On s'y met !
1116859,Je_devais_y_aller_.mp3,Je devais y aller.
1112217,Ce_n_est_pas_bon_.mp3,Ce n'est pas bon.
1112215,C_est_pas_bon_.mp3,C'est pas bon.
1112183,Vous_êtes_vous_bless.mp3,Vous êtes-vous blessées ?
1112182,Vous_êtes_vous_bless.mp3,Vous êtes-vous blessés ?
1112181,Vous_êtes_vous_bless.mp3,Vous êtes-vous blessée ?
1112180,Vous_êtes_vous_bless.mp3,Vous êtes-vous blessé ?
1112179,Êtes_vous_blessée__.mp3,Êtes-vous blessée ?
1112178,Êtes_vous_blessées__.mp3,Êtes-vous blessées ?
1112177,Êtes_vous_blessés__.mp3,Êtes-vous blessés ?
1112176,Êtes_vous_blessé__.mp3,Êtes-vous blessé ?
1112173,Es_tu_blessé__.mp3,Es-tu blessé ?
1112172,T_es_tu_blessé__.mp3,T'es-tu blessé ?
1112155,Êtes_vous_sourd__.mp3,Êtes-vous sourd ?
1112153,Es_tu_sourd__.mp3,Es-tu sourd ?
1112106,Ça_ne_sert_à_rien_.mp3,Ça ne sert à rien.
1098718,Il_est_là_.mp3,Il est là.
1084010,Quel_boulet__.mp3,Quel boulet !
1071348,C_est_exact_.mp3,C'est exact.
1054096,Je_serai_présent_.mp3,Je serai présent.
1000766,J_étais_ému_.mp3,J'étais ému.
987754,Je_m_y_oppose_.mp3,Je m'y oppose.
987753,J_y_suis_opposé_.mp3,J'y suis opposé.
970080,Je_ne_suis_pas_trist.mp3,Je ne suis pas triste.
962548,Je_veux_davantage_.mp3,Je veux davantage.
962547,J_en_veux_davantage_.mp3,J'en veux davantage.
885684,À_qui_est_ce__.mp3,À qui est-ce ?
883800,Dommage__.mp3,Dommage !
829101,Tu_es_fou__.mp3,Tu es fou !
803633,Laisse_moi_parler_.mp3,Laisse-moi parler.
800534,J_habite_ici_.mp3,J'habite ici.
791155,Vous_êtes_malade__.mp3,Vous êtes malade !
759531,J_ai_la_dalle_.mp3,J'ai la dalle.
723148,C_est_minable_.mp3,C'est minable.
646658,Faisons_le_.mp3,Faisons-le.
575124,Dépêchons_nous_.mp3,Dépêchons-nous.
564437,C_est_quoi__ça__.mp3,"C'est quoi, ça ?"
564436,C_est_quoi__.mp3,C'est quoi ?
546633,Je_suis_sidéré_.mp3,Je suis sidéré.
514471,C_est_une_poupée_.mp3,C'est une poupée.
510709,Commençons__.mp3,Commençons !
464800,Es_tu_perdu__.mp3,Es-tu perdu ?
464798,Êtes_vous_perdues__.mp3,Êtes-vous perdues ?
464797,Êtes_vous_perdus__.mp3,Êtes-vous perdus ?
464796,Êtes_vous_perdu__.mp3,Êtes-vous perdu ?
463990,J_ai_confiance_en_to.mp3,J'ai confiance en toi.
459811,Repose_toi_.mp3,Repose-toi.
459810,Reposez_vous_.mp3,Reposez-vous.
459079,J_aime_les_gâteaux_.mp3,J'aime les gâteaux.
457739,Je_me_fie_à_toi_.mp3,Je me fie à toi.
453692,Tu_dois_t_en_aller_.mp3,Tu dois t'en aller.
452847,J_ai_dit_ça_.mp3,J'ai dit ça.
452302,Tu_dois_partir_.mp3,Tu dois partir.
440770,J_aime_les_chats_.mp3,J'aime les chats.
435467,J_aime_les_maths_.mp3,J'aime les maths.
429278,Je_suis_marié_.mp3,Je suis marié.
427776,Je_suis_en_bonne_san.mp3,Je suis en bonne santé.
421775,La_télé_est_allumée_.mp3,La télé est allumée.
404356,Quelle_plaie_.mp3,Quelle plaie.
330832,C_est_cassé_.mp3,C'est cassé.
135241,Es_tu_sûr__.mp3,Es-tu sûr ?
135171,Je_suis_si_heureux_.mp3,Je suis si heureux.
129651,Le_temps_est_couvert.mp3,Le temps est couvert.
127846,J_étais_fatigué_.mp3,J'étais fatigué.
127763,J_ai_confiance_en_lu.mp3,J'ai confiance en lui.
15286,Es_tu_occupé__.mp3,Es-tu occupé ?
14818,J_aime_le_rock_.mp3,J'aime le rock.
13849,Je_suis_à_la_maison_.mp3,Je suis à la maison.
10191,Tout_est_calme_.mp3,Tout est calme.
9149,L_argent_est_roi_.mp3,L'argent est roi.
7555,J_aime_les_chiens_.mp3,J'aime les chiens.
7244,J_adore_le_golf_.mp3,J'adore le golf.
7230,Je_skie_souvent_.mp3,Je skie souvent.
7064,Je_suis_au_régime_.mp3,Je suis au régime.
6948,Je_suis_boulanger_.mp3,Je suis boulanger.
6818,J_ai_vu_un_chien_.mp3,J'ai vu un chien.
6810,J_ai_eu_de_la_chance.mp3,J'ai eu de la chance.
6733,J_allais_à_la_maison.mp3,J'allais à la maison.
6031,À_qui_le_tour__.mp3,À qui le tour ?
3574,Je_meurs_de_faim__.mp3,Je meurs de faim !
3509,Personne_n_est_venu_.mp3,Personne n'est venu.
3252,Je_suis_curieux_.mp3,Je suis curieux.
6701376,Ne_quittez_pas__.mp3,Ne quittez pas !
6683692,Avez_vous_chaud__.mp3,Avez-vous chaud ?
6683691,As_tu_chaud__.mp3,As-tu chaud ?
6469506,Faites_le__tout_simp.mp3,"Faites-le, tout simplement !"
6469505,Fais_le__tout_simple.mp3,"Fais-le, tout simplement !"
6468693,Tom_a_t_il_mangé__.mp3,Tom a-t-il mangé ?
6468692,Est_ce_que_Tom_a_man.mp3,Est-ce que Tom a mangé ?
6468610,Tom_paiera_.mp3,Tom paiera.
6468605,Allez_avec_Tom_.mp3,Allez avec Tom.
6468604,Va_avec_Tom_.mp3,Va avec Tom.
6465644,Habillez_vous_.mp3,Habillez-vous.
6465643,Habille_toi_.mp3,Habille-toi.
6465601,Ne_vous_battez_pas_.mp3,Ne vous battez pas.
6465581,Est_ce_bleu__.mp3,Est-ce bleu ?
6465535,Sentez_ceci_.mp3,Sentez ceci.
6465534,Sens_ça_.mp3,Sens ça.
6465531,Ne_souriez_pas_.mp3,Ne souriez pas.
6465530,Ne_souris_pas_.mp3,Ne souris pas.
6465505,Tom_est_en_sécurité_.mp3,Tom est en sécurité.
6465291,Qui_est_resté__.mp3,Qui est resté ?
6463395,Ne_trichez_pas_.mp3,Ne trichez pas.
6463393,Ne_triche_pas_.mp3,Ne triche pas.
6463302,Est_il_l_heure__.mp3,Est-il l'heure ?
6463294,Reste_sur_tes_gardes.mp3,Reste sur tes gardes.
6463292,Restez_sur_vos_garde.mp3,Restez sur vos gardes.
6463276,Commence_ici_.mp3,Commence ici.
6463267,Regardez_à_nouveau_.mp3,Regardez à nouveau.
6463266,Regarde_encore_.mp3,Regarde encore.
6463242,Ne_paniquez_pas__.mp3,Ne paniquez pas !
6463241,Ne_panique_pas__.mp3,Ne panique pas !
6463138,Goûtez_ceci_.mp3,Goûtez ceci.
6463137,Goûte_ça_.mp3,Goûte ça.
6463135,Finissez_ceci_.mp3,Finissez ceci.
6463134,Finis_ça_.mp3,Finis ça.
6463096,Nous_sommes_paresseu.mp3,Nous sommes paresseux.
6463073,Tom_a_obéi_.mp3,Tom a obéi.
6463072,Tom_obéit_.mp3,Tom obéit.
6463069,La_bière_est_bonne_.mp3,La bière est bonne.
6462995,Qui_l_a__.mp3,Qui l'a ?
6462982,Restez_près_.mp3,Restez près.
6462980,Reste_près_.mp3,Reste près.
6201118,Tom_fume_.mp3,Tom fume.
6201102,Tom_peint_.mp3,Tom peint.
6000263,Tom_est_il_malade__.mp3,Tom est-il malade ?
6000262,Est_ce_que_Tom_est_m.mp3,Est-ce que Tom est malade ?
5999284,Permettez_moi_d_essa.mp3,Permettez-moi d'essayer.
5834933,Je_mange_beaucoup_.mp3,Je mange beaucoup.
5822316,Mettez_vous_à_l_abri.mp3,Mettez-vous à l'abri !
5822315,Mets_toi_à_l_abri__.mp3,Mets-toi à l'abri !
5803757,Tom_est_resté_.mp3,Tom est resté.
5783231,Tom_est_nouveau_.mp3,Tom est nouveau.
5662094,Qui_m_a_vu__.mp3,Qui m'a vu ?
5576224,Nous_nagerons_.mp3,Nous nagerons.
5555281,Je_ne_puis_gagner_.mp3,Je ne puis gagner.
5555278,Je_ne_peux_pas_gagne.mp3,Je ne peux pas gagner.
5555275,Je_ne_peux_gagner_.mp3,Je ne peux gagner.
5416342,Je_ne_peux_pas_mange.mp3,Je ne peux pas manger.
5375570,Ça_s_est_bien_passé_.mp3,Ça s'est bien passé.
5370996,Tom_va_pleurer_.mp3,Tom va pleurer.
5365839,Tom_aida_.mp3,Tom aida.
5365838,Tom_a_aidé_.mp3,Tom a aidé.
5365735,L_amour_fait_mal_.mp3,L'amour fait mal.
5365733,L_amour_blesse_.mp3,L'amour blesse.
5364440,Tom_est_rapide_.mp3,Tom est rapide.
5364437,Tom_est_joyeux_.mp3,Tom est joyeux.
5364435,Tom_est_heureux_.mp3,Tom est heureux.
5364434,Tom_est_content_.mp3,Tom est content.
5364426,Tom_est_à_la_maison_.mp3,Tom est à la maison.
5364424,Tom_est_ici_.mp3,Tom est ici.
5364419,Tom_est_là_.mp3,Tom est là.
5364339,Tom_est_sourd_.mp3,Tom est sourd.
5364314,Tom_oublia_.mp3,Tom oublia.
5364313,Tom_a_oublié_.mp3,Tom a oublié.
5364307,Tom_sauta_.mp3,Tom sauta.
5364305,Tom_regarda_.mp3,Tom regarda.
5364302,Tom_a_regardé_.mp3,Tom a regardé.
5298175,Reste_éveillé_.mp3,Reste éveillé.
5298173,Reste_debout_.mp3,Reste debout.
5294858,Tom_est_d_accord_.mp3,Tom est d'accord.
5294855,Tom_boit_.mp3,Tom boit.
5293637,C_est_bon_marché_.mp3,C'est bon marché.
5265928,Fais_ton_boulot_.mp3,Fais ton boulot.
5265439,Tom_soupira_.mp3,Tom soupira.
5265438,Tom_ronfle_.mp3,Tom ronfle.
5265436,Tom_bailla_.mp3,Tom bailla.
5265431,Tom_hocha_la_tête_.mp3,Tom hocha la tête.
5227117,Tom_conduit_.mp3,Tom conduit.
5156530,Attends_un_peu_.mp3,Attends un peu.
5065682,Je_me_sentais_bien_.mp3,Je me sentais bien.
5065680,Je_me_suis_senti_en_.mp3,Je me suis senti en sécurité.
5063566,J_ai_ressenti_de_la_.mp3,J'ai ressenti de la peur.
5017581,J_ai_demandé_à_Tom_.mp3,J'ai demandé à Tom.
4992879,Prenez_la_boîte_.mp3,Prenez la boîte.
4992878,Prends_la_boîte_.mp3,Prends la boîte.
4904496,Discutons__.mp3,Discutons !
4904407,Laissez_nous_sortir_.mp3,Laissez-nous sortir !
4904406,Laisse_nous_sortir__.mp3,Laisse-nous sortir !
4897458,Cherche_le__.mp3,Cherche-le !
4895881,Il_est_tôt_.mp3,Il est tôt.
4893989,Fais_le_donc__.mp3,Fais-le donc !
4862838,Nous_mourons_tous_.mp3,Nous mourons tous.
4779748,Nous_pouvons_l_empor.mp3,Nous pouvons l'emporter.
4779747,Nous_pouvons_gagner_.mp3,Nous pouvons gagner.
4779612,Nous_le_voulons_.mp3,Nous le voulons.
4779593,Qui_sommes_nous__.mp3,Qui sommes-nous ?
4779577,Nous_sommes_nous_ren.mp3,Nous sommes-nous rencontrés ?
4779572,Pouvons_nous_arrêter.mp3,Pouvons-nous arrêter ?
4779566,Pouvons_nous_donner_.mp3,Pouvons-nous donner un coup de main ?
4779565,Pouvons_nous_venir__.mp3,Pouvons-nous venir ?
4779561,Sommes_nous_en_sécur.mp3,Sommes-nous en sécurité ?
4779559,Sommes_nous_perdus__.mp3,Sommes-nous perdus ?
4777477,Nous_pouvons_tenter_.mp3,Nous pouvons tenter.
4694615,Il_est_jeune_.mp3,Il est jeune.
4694614,Il_a_du_vin_.mp3,Il a du vin.
4694579,Il_est_devenu_vieux_.mp3,Il est devenu vieux.
4693203,Je_ne_m_y_suis_pas_r.mp3,Je ne m'y suis pas rendu.
4693200,Je_n_y_suis_pas_allé.mp3,Je n'y suis pas allé.
4679167,Je_me_sens_en_sécuri.mp3,Je me sens en sécurité.
4679134,J_ai_séché_.mp3,J'ai séché.
4679110,Je_l_ai_attrapée_.mp3,Je l'ai attrapée.
4679109,Je_l_ai_attrapé_.mp3,Je l'ai attrapé.
4679094,Je_sais_danser_.mp3,Je sais danser.
4679061,Je_l_ai_brûlée_.mp3,Je l'ai brûlée.
4679059,Je_l_ai_enterrée_.mp3,Je l'ai enterrée.
4679058,Je_l_ai_enterré_.mp3,Je l'ai enterré.
4678625,Je_l_ai_confessé_.mp3,Je l'ai confessé.
4678623,J_ai_confessé_.mp3,J'ai confessé.
4625991,Fais_un_petit_somme_.mp3,Fais un petit somme !
4625950,Jetez_un_œil__.mp3,Jetez un œil !
4625949,Jette_un_œil__.mp3,Jette un œil !
4625948,Regardez__.mp3,Regardez !
4625947,Regarde__.mp3,Regarde !
4625945,Prends_une_bière__.mp3,Prends une bière !
4625944,Prends_toi_un_siège_.mp3,Prends-toi un siège !
4625943,Lance_une_pièce__.mp3,Lance une pièce !
4602616,Il_s_est_levé_.mp3,Il s'est levé.
4547467,Est_ce_chouette__.mp3,Est-ce chouette ?
4547461,Est_ce_difficile__.mp3,Est-ce difficile ?
4547446,Est_ce_fait__.mp3,Est-ce fait ?
4366797,C_est_qui__.mp3,C’est qui ?
4189529,Comment_ça_va__.mp3,Comment ça va ?
3972064,Tom_est_chez_lui_.mp3,Tom est chez lui.
3679641,Faites_le_comme_il_f.mp3,Faites-le comme il faut !
3679640,Fais_le_comme_il_fau.mp3,Fais-le comme il faut !
3668577,C_est_un_menteur_.mp3,C'est un menteur.
3530944,Je_ne_peux_le_dire_.mp3,Je ne peux le dire.
3530943,Je_ne_puis_le_dire_.mp3,Je ne puis le dire.
3430342,Suis_je_idiot__.mp3,Suis-je idiot ?
3375038,Tom_est_faible_.mp3,Tom est faible.
3289386,Parlez_avec_moi_.mp3,Parlez avec moi.
3222404,Dites_____s_il_vous_.mp3,Dites : « s'il vous plaît ».
2950045,Commencez_ici_.mp3,Commencez ici.
2946526,Pardonne_Tom_.mp3,Pardonne Tom.
2884094,Tu_as_gagné__.mp3,Tu as gagné !
2884093,Vous_avez_gagné__.mp3,Vous avez gagné !
2807098,Tom_triche_.mp3,Tom triche.
2801430,Tom_est_libre_.mp3,Tom est libre.
2769048,L_as_tu_emporté__.mp3,L'as-tu emporté ?
2769047,L_avez_vous_emporté_.mp3,L'avez-vous emporté ?
2769045,As_tu_vaincu__.mp3,As-tu vaincu ?
2748478,Sais_tu_faire_du_ski.mp3,Sais-tu faire du ski ?
2727298,Laissez_moi_essayer_.mp3,Laissez-moi essayer.
2723492,Je_mange_du_pain_.mp3,Je mange du pain.
2720047,Je_l_ai_brûlé_.mp3,Je l'ai brûlé.
2716604,Cuisinez_pour_moi_.mp3,Cuisinez pour moi.
2709266,Je_pourrais_essayer_.mp3,Je pourrais essayer.
2565828,Arrêtez_de_mentir_.mp3,Arrêtez de mentir.
2464951,Ne_compte_pas_sur_mo.mp3,Ne compte pas sur moi.
2464934,Ça_vous_a_fait_mal__.mp3,Ça vous a fait mal ?
2464927,Camouflez_le_.mp3,Camouflez-le.
2464926,Couvrez_le_.mp3,Couvrez-le.
2416688,Je_me_sens_faible_.mp3,Je me sens faible.
2416681,Je_me_sens_déprimé_.mp3,Je me sens déprimé.
2415948,Je_me_suis_entraîné_.mp3,Je me suis entraîné.
2415913,Je_mange_seul_.mp3,Je mange seul.
2397216,C_est_important_.mp3,C'est important.
2397214,Ça_compte_.mp3,Ça compte.
2397213,Ça_importe_.mp3,Ça importe.
2397179,C_est_gentil_.mp3,C'est gentil.
2397178,C_est_mignon_.mp3,C'est mignon.
2396884,Regarde_le__.mp3,Regarde-le !
2396882,Regardez_le__.mp3,Regardez-le !
2370589,Je_me_sens_perdu_.mp3,Je me sens perdu.
2285416,C_est_drôle_.mp3,C'est drôle.
2285411,Ça_marchera_.mp3,Ça marchera.
2285409,Ça_fonctionnera_.mp3,Ça fonctionnera.
2193175,Comment_il_va__.mp3,Comment il va ?
2190232,C_est_silencieux_.mp3,C'est silencieux.
2190208,Prions__.mp3,Prions !
2114342,Sois_raisonnable__.mp3,Sois raisonnable !
2114341,Soyez_raisonnables__.mp3,Soyez raisonnables !
2114340,Soyez_raisonnable__.mp3,Soyez raisonnable !
2114321,Sois_impitoyable__.mp3,Sois impitoyable !
2114320,Soyez_impitoyables__.mp3,Soyez impitoyables !
2114319,Soyez_impitoyable__.mp3,Soyez impitoyable !
2114312,Sois_ponctuelle__.mp3,Sois ponctuelle !
2114311,Sois_ponctuel__.mp3,Sois ponctuel !
2114310,Soyez_ponctuel__.mp3,Soyez ponctuel !
2114309,Soyez_ponctuels__.mp3,Soyez ponctuels !
2114308,Soyez_ponctuelle__.mp3,Soyez ponctuelle !
2114307,Soyez_ponctuelles__.mp3,Soyez ponctuelles !
2113335,Tenez_vous_prêtes__.mp3,Tenez-vous prêtes !
2113334,Tenez_vous_prêts__.mp3,Tenez-vous prêts !
2113333,Tenez_vous_prête__.mp3,Tenez-vous prête !
2113332,Tenez_vous_prêt__.mp3,Tenez-vous prêt !
2113331,Tiens_toi_prête__.mp3,Tiens-toi prête !
2113330,Soyez_prêtes__.mp3,Soyez prêtes !
2113329,Soyez_prêts__.mp3,Soyez prêts !
2113328,Soyez_prête__.mp3,Soyez prête !
2113327,Soyez_prêt__.mp3,Soyez prêt !
2113326,Sois_prête__.mp3,Sois prête !
2113325,Tiens_toi_prêt__.mp3,Tiens-toi prêt !
2113324,Sois_prêt__.mp3,Sois prêt !
2113320,Sois_miséricordieux_.mp3,Sois miséricordieux !
2113319,Sois_miséricordieuse.mp3,Sois miséricordieuse !
2113318,Soyez_miséricordieux.mp3,Soyez miséricordieux !
2113317,Soyez_miséricordieus.mp3,Soyez miséricordieuse !
2113315,Soyez_clémentes__.mp3,Soyez clémentes !
2113313,Soyez_clémente__.mp3,Soyez clémente !
2113312,Soyez_cléments__.mp3,Soyez cléments !
2113311,Soyez_clément__.mp3,Soyez clément !
2113310,Sois_clémente__.mp3,Sois clémente !
2113307,Sois_clément__.mp3,Sois clément !
2113304,Sois_amical__.mp3,Sois amical !
2113303,Sois_amicale__.mp3,Sois amicale !
2113302,Soyez_amical__.mp3,Soyez amical !
2113301,Soyez_amicale__.mp3,Soyez amicale !
2113300,Soyez_amicaux__.mp3,Soyez amicaux !
2113299,Soyez_amicales__.mp3,Soyez amicales !
2113297,Soyez_discrètes__.mp3,Soyez discrètes !
2113296,Soyez_discrets__.mp3,Soyez discrets !
2113295,Soyez_discrète__.mp3,Soyez discrète !
2113294,Soyez_discret__.mp3,Soyez discret !
2113293,Sois_discrète__.mp3,Sois discrète !
2113292,Sois_discret__.mp3,Sois discret !
2113291,Sois_créatif__.mp3,Sois créatif !
2113290,Sois_créative__.mp3,Sois créative !
2113288,Soyez_créatif__.mp3,Soyez créatif !
2113287,Soyez_créative__.mp3,Soyez créative !
2113286,Soyez_créatifs__.mp3,Soyez créatifs !
2113285,Soyez_créatives__.mp3,Soyez créatives !
2113258,Demandez_à_n_importe.mp3,Demandez à n'importe qui !
2113257,Demande_à_n_importe_.mp3,Demande à n'importe qui !
2077457,Ne_jubile_pas__.mp3,Ne jubile pas !
2077456,Ne_jubilez_pas__.mp3,Ne jubilez pas !
2077450,Taillez_vous__.mp3,Taillez-vous !
1996251,Ne_partez_pas__.mp3,Ne partez pas !
1996249,Ne_pars_pas__.mp3,Ne pars pas !
1958821,Es_tu_triste__.mp3,Es-tu triste ?
1958238,Cela_peut_il_attendr.mp3,Cela peut-il attendre ?
1927919,Comme_c_est_curieux_.mp3,Comme c'est curieux !
1924505,Je_me_suis_senti_idi.mp3,Je me suis senti idiot.
1852401,Attendez_une_seconde.mp3,Attendez une seconde !
1852400,Attends_une_seconde_.mp3,Attends une seconde !
1850141,Sauvez_vous__.mp3,Sauvez-vous !
1842807,Je_ne_parviens_pas_à.mp3,Je ne parviens pas à voir.
1842805,Je_n_arrive_pas_à_vo.mp3,Je n'arrive pas à voir.
1803604,Aidez_moi_à_sortir_.mp3,Aidez-moi à sortir.
1803603,Aide_moi_à_sortir_.mp3,Aide-moi à sortir.
1803452,Prends_place_.mp3,Prends place.
1803450,Prenez_place_.mp3,Prenez place.
1776458,Ne_riez_pas_.mp3,Ne riez pas.
1776457,Ne_ris_pas_.mp3,Ne ris pas.
1719439,Quelle_journée__.mp3,Quelle journée !
1684549,J_arrive_à_le_faire_.mp3,J'arrive à le faire.
1684548,Je_peux_y_parvenir_.mp3,Je peux y parvenir.
1684547,Je_peux_y_arriver_.mp3,Je peux y arriver.
1672984,Ne_tirez_pas__.mp3,Ne tirez pas !
1672982,Ne_tire_pas__.mp3,Ne tire pas !
1658134,Parlez_moi__.mp3,Parlez-moi !
1658133,Parle_moi__.mp3,Parle-moi !
1643838,Tom_va_bien_.mp3,Tom va bien.
1628636,Reste_malin__.mp3,Reste malin !
1586561,Il_est_endormi_.mp3,Il est endormi.
1555857,Détends_toi_.mp3,Détends-toi.
1554065,Viens_le_chercher_.mp3,Viens le chercher.
1554064,Arrivez_vous_à_voir_.mp3,Arrivez-vous à voir ?
1554063,Arrives_tu_à_voir__.mp3,Arrives-tu à voir ?
1554037,Avons_nous_terminé__.mp3,Avons-nous terminé ?
1495926,Est_ce_que_tu_es_Tom.mp3,Est-ce que tu es Tom ?
1495923,Êtes_vous_Tom__.mp3,Êtes-vous Tom ?
1491572,Soyez_vous_même_.mp3,Soyez vous-même.
1491571,Sois_toi_même_.mp3,Sois toi-même.
1486008,Détendez_vous_.mp3,Détendez-vous.
1471227,Laisse_moi_mourir_.mp3,Laisse-moi mourir.
1446933,Allez_à_la_maison__m.mp3,"Allez à la maison, maintenant."
1446932,Allez_chez_vous__mai.mp3,"Allez chez vous, maintenant."
1446925,Va_à_la_maison__main.mp3,"Va à la maison, maintenant."
1446924,Va_chez_nous__mainte.mp3,"Va chez nous, maintenant."
1446923,Va_chez_toi__mainten.mp3,"Va chez toi, maintenant."
1313552,Je_suis_plus_grand_.mp3,Je suis plus grand.
1313551,Il_a_des_tripes_.mp3,Il a des tripes.
1309178,Il_n_est_pas_là_.mp3,Il n'est pas là.
1308992,Il_n_est_pas_à_l_int.mp3,Il n'est pas à l'intérieur.
1308985,Il_n_est_pas_chez_lu.mp3,Il n'est pas chez lui.
1302572,Laissez_moi_payer_.mp3,Laissez-moi payer.
1291381,Tu_peux_me_compter_d.mp3,Tu peux me compter dans le nombre.
1291359,Laissez_moi_sortir__.mp3,Laissez-moi sortir !
1291357,Restez_tranquille__.mp3,Restez tranquille !
1291352,Êtes_vous_folle__.mp3,Êtes-vous folle ?
1291351,Es_tu_folle__.mp3,Es-tu folle ?
1291350,Êtes_vous_fou__.mp3,Êtes-vous fou ?
1259578,Il_est_haï_.mp3,Il est haï.
1222900,Augmentez_le_.mp3,Augmentez-le.
1222899,Augmente_le_.mp3,Augmente-le.
1222898,Montez_le_.mp3,Montez-le.
1222896,Monte_le_.mp3,Monte-le.
1197640,Étudiez_avec_applica.mp3,Étudiez avec application.
1197639,Étudie_avec_applicat.mp3,Étudie avec application.
1159398,Je_vous_prie_de_m_ex.mp3,Je vous prie de m'excuser.
1158571,Qui_est_là__.mp3,Qui est là ?
1147175,Pouvons_nous_parler_.mp3,Pouvons-nous parler ?
1144450,Il_devint_vieux_.mp3,Il devint vieux.
1135518,Il_se_dressa_.mp3,Il se dressa.
1134692,Cuisine_pour_moi_.mp3,Cuisine pour moi.
1121067,Je_mange_des_fruits_.mp3,Je mange des fruits.
1112026,Continue_en_avant_.mp3,Continue en avant.
1111978,Ne_le_faites_pas__.mp3,Ne le faites pas !
1111977,Ne_le_fais_pas__.mp3,Ne le fais pas !
1086386,Qui_a_téléphoné__.mp3,Qui a téléphoné ?
1076643,Restez_tranquilles_.mp3,Restez tranquilles.
1076642,Restez_tranquille_.mp3,Restez tranquille.
1071285,Ne_pars_pas__.mp3,Ne pars pas !
1071284,Ne_t_en_va_pas__.mp3,Ne t'en va pas !
1021627,Refaites_le__.mp3,Refaites-le !
1021625,Faites_le_à_nouveau_.mp3,Faites-le à nouveau !
1021624,Faites_le_de_nouveau.mp3,Faites-le de nouveau !
1021623,Fais_le_à_nouveau__.mp3,Fais-le à nouveau !
1021617,Fais_le_de_nouveau__.mp3,Fais-le de nouveau !
1021616,Refais_le__.mp3,Refais-le !
1002965,Il_peut_lire_.mp3,Il peut lire.
998651,Je_peux_le_faire_.mp3,Je peux le faire.
945671,Nous_y_voilà__.mp3,Nous y voilà !
890290,Je_suis_cuisinier_.mp3,Je suis cuisinier.
863545,Ne_fumez_pas_.mp3,Ne fumez pas.
825119,Ce_n_est_rien_.mp3,Ce n'est rien.
728150,Aucun_problème_.mp3,Aucun problème.
716558,Ne_vous_inquiétez_pa.mp3,Ne vous inquiétez pas.
679463,Va_dormir__.mp3,Va dormir !
588044,Regarde_moi_.mp3,Regarde-moi.
538408,Laissez_moi_voir_.mp3,Laissez-moi voir.
495011,Ne_vous_en_faites_pa.mp3,Ne vous en faites pas.
495009,Ne_t_en_fais_pas_.mp3,Ne t'en fais pas.
467953,Faites_le_entrer_.mp3,Faites-le entrer.
467952,Laissez_le_entrer_.mp3,Laissez-le entrer.
467951,Laisse_le_entrer_.mp3,Laisse-le entrer.
465948,T_inquiète_.mp3,T'inquiète.
465921,Je_me_sens_bien_.mp3,Je me sens bien.
457527,Le_temps_s_enfuit_.mp3,Le temps s'enfuit.
457315,Fais_le_entrer_.mp3,Fais-le entrer.
429827,Tu_es_nouveau__.mp3,Tu es nouveau ?
402746,Comment_est_la_vie__.mp3,Comment est la vie ?
394991,Nous_voici__.mp3,Nous voici !
237220,Pas_de_problème_.mp3,Pas de problème.
133512,Il_se_mit_debout_.mp3,Il se mit debout.
133336,Il_était_occupé_.mp3,Il était occupé.
131603,Il_sait_nager_.mp3,Il sait nager.
129554,Ne_crie_pas_.mp3,Ne crie pas.
128585,T_inquiète_pas_.mp3,T'inquiète pas.
128524,Sois_sérieux_.mp3,Sois sérieux.
15362,Il_peut_venir_.mp3,Il peut venir.
15000,N_y_prête_pas_attent.mp3,N'y prête pas attention.
14703,J_y_suis_également_a.mp3,J'y suis également allé.
13583,Fais_le_encore_une_f.mp3,Fais-le encore une fois !
12437,Ramasse_le_.mp3,Ramasse-le.
11619,Nous_voilà__.mp3,Nous voilà !
10718,J_arrive_.mp3,J'arrive.
8742,Comment_vas_tu__.mp3,Comment vas-tu ?
7070,Je_l_ai_acheté_.mp3,Je l'ai acheté.
3094,Qu_est_ce_que_c_est_.mp3,Qu'est-ce que c'est ?
6906634,Tom_a_rencontré_Mary.mp3,Tom a rencontré Mary quand il était à Boston.
6878490,Tom_quittera_Boston_.mp3,Tom quittera Boston demain.
6878267,La_famille_de_Tom_es.mp3,La famille de Tom est à Boston.
6878145,Je_parie_que_tu_conn.mp3,Je parie que tu connais le français.
6876775,Je_ne_savais_pas_que.mp3,Je ne savais pas que Tom venait de Boston.
6876229,Tom_part_à_14_30_cet.mp3,Tom part à 14:30 cet après-midi.
6876111,Je_veux_enseigner_le.mp3,Je veux enseigner le français.
6875011,Je_prévois_de_déména.mp3,Je prévois de déménager à Boston.
6863870,Tom_a_vécu_la_moitié.mp3,Tom a vécu la moitié de sa vie à Boston.
6846662,Est_ce_que_Tom_va_à_.mp3,Est-ce que Tom va à Boston ?
6846661,Tom_étudie_t_il_le_f.mp3,Tom étudie-t-il le français ?
6845950,Ça_s_est_passé_à_Bos.mp3,Ça s'est passé à Boston.
6845915,Tom_est_resté_quelqu.mp3,Tom est resté quelques jours à Boston.
6843591,Vous_auriez_dû_reste.mp3,Vous auriez dû rester à Boston.
6843590,Tu_aurais_dû_rester_.mp3,Tu aurais dû rester à Boston.
6843575,Ils_nous_attendent_d.mp3,Ils nous attendent demain à 14 h 30.
6836392,Tom_est_censé_appele.mp3,Tom est censé appeler vers quatorze heures trente.
6836387,Tom_est_censé_appele.mp3,Tom est censé appeler vers deux heures et demie.
6829041,Combien_de_temps_ête.mp3,Combien de temps êtes-vous restée à Boston ?
6829040,Combien_de_temps_ête.mp3,Combien de temps êtes-vous restées à Boston ?
6829037,Combien_de_temps_ête.mp3,Combien de temps êtes-vous resté à Boston ?
6829036,Combien_de_temps_es_.mp3,Combien de temps es-tu restée à Boston ?
6829035,Combien_de_temps_es_.mp3,Combien de temps es-tu resté à Boston ?
6821072,J_ai_été_à_Boston_po.mp3,J'ai été à Boston pour Tom.
6763256,Tom_enseigne_t_il_to.mp3,Tom enseigne-t-il toujours le français ?
6736892,Ma_petite_amie_vient.mp3,Ma petite amie vient de Boston.
6736805,Étais_tu_réveillée_à.mp3,Étais-tu réveillée à 2 h 30 hier soir ?
6736803,Étiez_vous_réveillé_.mp3,Étiez-vous réveillé à 2 h 30 hier soir ?
6736802,Étiez_vous_réveillés.mp3,Étiez-vous réveillés à 2 h 30 la nuit dernière ?
6736801,Étiez_vous_réveillée.mp3,Étiez-vous réveillée à 2 h 30 hier soir ?
6736800,Étiez_vous_réveillée.mp3,Étiez-vous réveillées à 2 h 30 la nuit dernière ?
6736799,Étais_tu_réveillé_à_.mp3,Étais-tu réveillé à 2 h 30 la nuit dernière ?
6734465,Je_ne_suis_pas_bon_e.mp3,Je ne suis pas bon en français.
6714907,Tom_déménage_à_Bosto.mp3,Tom déménage à Boston.
6712310,Je_me_suis_senti_tri.mp3,Je me suis senti triste.
6712110,Tom_est_supposé_renc.mp3,Tom est supposé rencontrer Marie à 2 h 30.
6688763,Tom_ne_visitera_pas_.mp3,Tom ne visitera pas Boston.
6685196,Tom_a_appris_le_fran.mp3,Tom a appris le français.
6668584,J_ai_vécu_à_Boston_l.mp3,J'ai vécu à Boston la majeure partie de ma vie.
6637469,Je_suis_resté_à_Bost.mp3,Je suis resté à Boston pendant trois ans.
6637452,Nous_étions_à_Boston.mp3,Nous étions à Boston l'hiver dernier.
6637391,Peux_tu_attendre_jus.mp3,Peux-tu attendre jusqu'à 14 h 30 cette après-midi ?
6637390,Pouvez_vous_attendre.mp3,Pouvez-vous attendre jusqu'à 14 h 30 cet après-midi ?
6634930,Tom_aime_apprendre_l.mp3,Tom aime apprendre le français.
6631644,Pourquoi_tiens_tu_à_.mp3,Pourquoi tiens-tu à aller à Boston ?
6631642,Pour_quelle_raison_v.mp3,Pour quelle raison voulez-vous vous rendre à Boston ?
6631641,Pourquoi_veux_tu_all.mp3,Pourquoi veux-tu aller à Boston ?
6599395,Où_étais_tu_hier_à_1.mp3,Où étais-tu hier à 14 h 30 ?
6599394,Où_étiez_vous_hier_à.mp3,Où étiez-vous hier à 14 h 30 ?
6599390,Nous_ferions_mieux_d.mp3,Nous ferions mieux de faire cela avant 14 h 30.
6586688,Nous_ne_sommes_pas_r.mp3,Nous ne sommes pas restés à Boston.
6578421,Regarde_donc__.mp3,Regarde donc !
6572656,Pourquoi_étudie_t_on.mp3,Pourquoi étudie-t-on le français ?
6572654,Pourquoi_étudions_no.mp3,Pourquoi étudions-nous le français ?
6572573,Je_suis_le_professeu.mp3,Je suis le professeur de français de Tom.
6572055,J_étais_à_Boston_lun.mp3,J'étais à Boston lundi dernier.
6572040,J_ai_visité_Boston_l.mp3,J'ai visité Boston le mois dernier.
6568852,Peut_être_que_Tom_n_.mp3,Peut-être que Tom n'ira pas à Boston.
6560290,Venez_seules__.mp3,Venez seules !
6560289,Venez_seule__.mp3,Venez seule !
6560288,Venez_seuls__.mp3,Venez seuls !
6560287,Venez_seul__.mp3,Venez seul !
6560286,Viens_seule__.mp3,Viens seule !
6560285,Viens_seul__.mp3,Viens seul !
6556235,J_ai_de_merveilleux_.mp3,J'ai de merveilleux souvenirs de Boston.
6545459,Elle_l_a_rencontré_p.mp3,Elle l'a rencontré pour la première fois à Boston.
6543234,Tom_a_promis_d_être_.mp3,Tom a promis d'être là avant 2h30.
6536685,J_ai_appris_le_franç.mp3,J'ai appris le français à l'école.
6487209,Je_ne_veux_pas_quitt.mp3,Je ne veux pas quitter Boston.
6474230,J_ai_pris_rendez_vou.mp3,J'ai pris rendez-vous chez le docteur lundi à 14 h 30.
6468882,Sais_tu_compter_en_f.mp3,Sais-tu compter en français ?
6468875,Je_n_irai_pas_.mp3,Je n'irai pas.
6468740,J_envie_Tom_.mp3,J'envie Tom.
6468707,Arrêtez_les_.mp3,Arrêtez-les.
6468694,J_ai_frappé_Tom_.mp3,J'ai frappé Tom.
6468620,Attrapez_Tom_.mp3,Attrapez Tom.
6468619,Attrape_Tom_.mp3,Attrape Tom.
6468599,Vérifiez_cela_.mp3,Vérifiez cela.
6468598,Sois_à_l_heure_.mp3,Sois à l'heure.
6468597,Soyez_à_l_heure_.mp3,Soyez à l'heure.
6468589,Vas_y_maintenant_.mp3,Vas-y maintenant.
6468588,Allez_y_maintenant_.mp3,Allez-y maintenant.
6468587,Va__maintenant_.mp3,"Va, maintenant."
6465633,Faites_confiance_à_T.mp3,Faites confiance à Tom.
6465632,Fais_confiance_à_Tom.mp3,Fais confiance à Tom.
6465621,Suis_Tom_.mp3,Suis Tom.
6465619,Suivez_Tom_.mp3,Suivez Tom.
6465578,Aidez_Tom_.mp3,Aidez Tom.
6465577,Aide_Tom_.mp3,Aide Tom.
6465553,Demandez_leur_.mp3,Demandez-leur.
6465552,Demande_leur_.mp3,Demande-leur.
6465527,Aimes_tu_Boston__.mp3,Aimes-tu Boston ?
6465526,Aimez_vous_Boston__.mp3,Aimez-vous Boston ?
6465510,Je_dois_étudier_le_f.mp3,Je dois étudier le français.
6465509,Apporte_à_manger_.mp3,Apporte à manger.
6465508,Apportez_de_la_nourr.mp3,Apportez de la nourriture.
6465506,Tom_savait_.mp3,Tom savait.
6465478,Est_ce_du_bon_frança.mp3,Est-ce du bon français ?
6465462,J_essaye_d_apprendre.mp3,J'essaye d'apprendre le français.
6465343,Réfléchissez_vous_en.mp3,Réfléchissez-vous en français ?
6465337,Je_rêve_en_français_.mp3,Je rêve en français.
6465320,Sauvez_Tom_.mp3,Sauvez Tom.
6465319,Sauve_Tom_.mp3,Sauve Tom.
6465290,Le_français_de_Tom_e.mp3,Le français de Tom est parfait.
6465275,Sont_ils_en_train_de.mp3,Sont-ils en train de parler français ?
6465274,Sont_elles_en_train_.mp3,Sont-elles en train de parler français ?
6465272,Parlent_ils_français.mp3,Parlent-ils français ?
6465203,Je_sais_un_peu_parle.mp3,Je sais un peu parler français.
6463425,Tom_parle_toujours_f.mp3,Tom parle toujours français.
6463423,Faites_le_maintenant.mp3,Faites-le maintenant.
6463420,C_est_Tom_.mp3,C'est Tom.
6463392,Qui_est_tombé__.mp3,Qui est tombé ?
6463390,Tom_pleura_.mp3,Tom pleura.
6463389,Embrasse_Tom_.mp3,Embrasse Tom.
6463365,Je_suis_en_colère_.mp3,Je suis en colère.
6463364,Je_suis_énervé_.mp3,Je suis énervé.
6463343,Est_ce_chaud__.mp3,Est-ce chaud ?
6463318,Nous_sommes_allés_à_.mp3,Nous sommes allés à Boston.
6463315,Restez_ici_.mp3,Restez ici.
6463308,Elle_est_allée_avec_.mp3,Elle est allée avec lui à Boston.
6463307,Je_ne_comprends_pas_.mp3,Je ne comprends pas le français.
6463305,Gardez_ceci_.mp3,Gardez ceci.
6463304,Garde_ça_.mp3,Garde ça.
6463288,Écris_tu_en_français.mp3,Écris-tu en français ?
6463286,Écrivez_vous_en_fran.mp3,Écrivez-vous en français ?
6463280,La_famille_de_Tom_vi.mp3,La famille de Tom vit à Boston.
6463264,Tom_travaille_à_Bost.mp3,Tom travaille à Boston.
6463254,Regardez_ici_.mp3,Regardez ici.
6463253,Regarde_ici_.mp3,Regarde ici.
6463251,Peux_tu_m_enseigner_.mp3,Peux-tu m'enseigner le français ?
6463248,Pouvez_vous_m_enseig.mp3,Pouvez-vous m'enseigner le français ?
6463239,Fais_un_câlin_à_Tom_.mp3,Fais un câlin à Tom.
6463167,Où_est_Boston__.mp3,Où est Boston ?
6463162,Poursuivez_.mp3,Poursuivez.
6463161,Continuez_.mp3,Continuez.
6463156,Ne_chantez_pas_.mp3,Ne chantez pas.
6463155,Ne_chante_pas_.mp3,Ne chante pas.
6463150,Est_il_difficile_d_a.mp3,Est-il difficile d'apprendre le français ?
6463149,Pousse_toi_.mp3,Pousse-toi.
6463148,Poussez_vous_.mp3,Poussez-vous.
6463147,Bouge_de_là_.mp3,Bouge de là.
6463145,Je_veux_aller_à_Bost.mp3,Je veux aller à Boston.
6463142,Je_parle_français_et.mp3,Je parle français et anglais.
6463114,Boston_me_manque_.mp3,Boston me manque.
6463108,Oubliez_Tom_.mp3,Oubliez Tom.
6463107,Oublie_Tom_.mp3,Oublie Tom.
6463099,Je_vais_parler_.mp3,Je vais parler.
6463098,Je_parlerai_.mp3,Je parlerai.
6463093,Ne_saute_pas__.mp3,Ne saute pas !
6463091,Répondez_à_Tom_.mp3,Répondez à Tom.
6463090,Réponds_à_Tom_.mp3,Réponds à Tom.
6463083,J_ai_écrit_une_lettr.mp3,J'ai écrit une lettre en français.
6463063,C_est_ici_.mp3,C'est ici.
6463059,Tom_est_fou_.mp3,Tom est fou.
6463057,Tom_est_triste_.mp3,Tom est triste.
6463053,Tom_m_a_parlé_en_fra.mp3,Tom m'a parlé en français.
6463052,Détestez_vous_encore.mp3,Détestez-vous encore le français ?
6463050,Détestes_tu_toujours.mp3,Détestes-tu toujours le français ?
6463043,Trouvez_Tom_.mp3,Trouvez Tom.
6463042,Trouve_Tom_.mp3,Trouve Tom.
6463040,C_est_l_heure_.mp3,C'est l'heure.
6463039,Signez_ceci_.mp3,Signez ceci.
6463038,Signe_ça_.mp3,Signe ça.
6463032,Il_est_8_h_30_.mp3,Il est 8 h 30.
6463031,Il_est_huit_heures_t.mp3,Il est huit heures trente.
6463017,Tom_est_professeur_d.mp3,Tom est professeur de français.
6463016,Tom_est_enseignant_d.mp3,Tom est enseignant de français.
6463001,Informez_en_Tom_.mp3,Informez-en Tom.
6462999,Dis_le_à_Tom_.mp3,Dis-le à Tom.
6462996,J_apprends_le_frança.mp3,J'apprends le français maintenant.
6462985,Je_suis_propre_.mp3,Je suis propre.
6461733,Tom_a_dit_que_Mary_n.mp3,Tom a dit que Mary n'était pas à Boston.
6455925,Combien_de_temps_all.mp3,Combien de temps allez-vous rester à Boston ?
6455924,Combien_de_temps_vas.mp3,Combien de temps vas-tu rester à Boston ?
6454535,J_ai_travaillé_à_Bos.mp3,J'ai travaillé à Boston pendant trois ans.
6454527,Votre_vol_part_à_14_.mp3,Votre vol part à 14 h 30.
6454526,Ton_vol_part_à_14_h_.mp3,Ton vol part à 14 h 30.
6454495,Je_parle_un_peu_fran.mp3,Je parle un peu français.
6454480,J_ai_un_oncle_qui_vi.mp3,J'ai un oncle qui vit à Boston.
6452635,Nous_étions_censés_n.mp3,Nous étions censés nous rencontrer à 14 h 30.
6452609,Que_faites_vous_à_Bo.mp3,Que faites-vous à Boston ?
6452608,Que_fais_tu_à_Boston.mp3,Que fais-tu à Boston ?
6443913,Je_vis_à_Boston_avec.mp3,Je vis à Boston avec ma famille.
6402490,Je_vis_à_Boston_depu.mp3,Je vis à Boston depuis 1995.
6402447,J_ai_beaucoup_d_amis.mp3,J'ai beaucoup d'amis à Boston.
6385287,Je_dois_aller_cherch.mp3,Je dois aller chercher mon fils à 14 h 30.
6380931,J_aimerais_étudier_à.mp3,J'aimerais étudier à Boston.
6367970,Je_vais_à_Boston_pou.mp3,Je vais à Boston pour les vacances.
6367916,Je_suis_à_Boston_tou.mp3,Je suis à Boston toute cette semaine.
6363591,Je_savais_que_j_aura.mp3,Je savais que j'aurais dû rester à Boston.
6324570,C_est_à_nous_.mp3,C'est à nous.
6324568,C_est_la_nôtre_.mp3,C'est la nôtre.
6324567,C_est_le_nôtre_.mp3,C'est le nôtre.
6309497,Je_préfère_écrire_en.mp3,Je préfère écrire en français.
6309481,Commençons_à_14_h_30.mp3,Commençons à 14 h 30.
6309480,Commençons_à_2_h_30_.mp3,Commençons à 2 h 30.
6307873,Les_prix_sont_plus_b.mp3,Les prix sont plus bas à Boston.
6307803,Je_vis_actuellement_.mp3,Je vis actuellement à Boston.
6292294,Combien_de_temps_Tom.mp3,Combien de temps Tom sera-t-il à Boston ?
6283042,J_étais_à_Boston_en_.mp3,J'étais à Boston en octobre.
6283021,J_ai_quelques_amis_à.mp3,J'ai quelques amis à Boston.
6276978,J_ai_fait_la_même_ch.mp3,J'ai fait la même chose à Boston.
6201169,Tom_marche_.mp3,Tom marche.
6201097,Tom_muera_.mp3,Tom muera.
6166982,J_étais_en_train_de_.mp3,J'étais en train de penser à Boston.
6166981,Je_pensais_à_Boston_.mp3,Je pensais à Boston.
6134202,Je_suis_arrivé_à_Bos.mp3,Je suis arrivé à Boston hier.
6076389,J_ai_étudié_à_Boston.mp3,J'ai étudié à Boston.
6069287,Je_dois_y_être_à_2_h.mp3,Je dois y être à 2 h 30.
6069286,Je_dois_être_là_bas_.mp3,Je dois être là-bas à 14 h 30.
6030623,Tom_et_Mary_ne_sont_.mp3,Tom et Mary ne sont plus à Boston.
6016204,Je_veux_aller_à_Bost.mp3,Je veux aller à Boston avec Tom.
6008472,Mes_petits_enfants_v.mp3,Mes petits-enfants vivent à Boston.
6000336,Je_t_entends_.mp3,Je t'entends.
5896016,Tom_a_travaillé_jusq.mp3,Tom a travaillé jusqu’à 2 h 30.
5865659,Nous_quittons_Boston.mp3,Nous quittons Boston.
5857706,J_ai_écouté_.mp3,J'ai écouté.
5857612,Je_suis_coincé_à_Bos.mp3,Je suis coincé à Boston.
5857565,Vivre_à_Boston_nous_.mp3,Vivre à Boston nous manquera.
5835094,J_irai_à_Boston_pour.mp3,J'irai à Boston pour être avec ma famille.
5835001,Tom_a_dit_que_vous_é.mp3,Tom a dit que vous étiez à Boston.
5834931,Je_suis_sourd_.mp3,Je suis sourd.
5834930,Je_suis_rapide_.mp3,Je suis rapide.
5834928,Je_me_suis_détendu_.mp3,Je me suis détendu.
5834926,Je_suis_vivant_.mp3,Je suis vivant.
5834925,Je_suis_en_vie_.mp3,Je suis en vie.
5833095,Quand_arriverons_nou.mp3,Quand arriverons-nous à Boston ?
5830085,Tom_ne_connaît_pas_l.mp3,Tom ne connaît pas le français.
5830082,Tom_devrait_apprendr.mp3,Tom devrait apprendre le français.
5830079,Ce_n_est_pas_du_fran.mp3,Ce n'est pas du français.
5830077,Ça_n_est_pas_françai.mp3,Ça n'est pas français.
5830076,Cela_n_est_pas_franç.mp3,Cela n'est pas français.
5830070,Le_français_n_est_pa.mp3,Le français n'est pas difficile.
5830067,Tom_m_a_enseigné_le_.mp3,Tom m'a enseigné le français.
5830061,Je_devrais_apprendre.mp3,Je devrais apprendre le français.
5830057,Ton_français_est_exc.mp3,Ton français est excellent.
5830055,Votre_français_est_e.mp3,Votre français est excellent.
5803019,Porte_le_.mp3,Porte-le.
5801583,J_arrêterai_.mp3,J'arrêterai.
5688409,Tom_a_parlé_.mp3,Tom a parlé.
5600970,Je_suis_alité_.mp3,Je suis alité.
5600968,Je_suis_au_lit_.mp3,Je suis au lit.
5576225,Je_nagerai_.mp3,Je nagerai.
5558925,J_ai_été_blessé_.mp3,J'ai été blessé.
5494662,Ne_vous_précipitez_p.mp3,Ne vous précipitez pas.
5494661,Ne_te_précipite_pas_.mp3,Ne te précipite pas.
5375632,Il_me_faut_de_l_air_.mp3,Il me faut de l'air.
5375631,J_ai_besoin_d_air_.mp3,J'ai besoin d'air.
5365835,Attrapez_le_.mp3,Attrapez-le.
5364359,Dis_bonjour_.mp3,Dis bonjour.
5324593,Tom_partit_.mp3,Tom partit.
5298161,Prenez_ça_.mp3,Prenez ça.
5298158,Prends_ça_.mp3,Prends ça.
5294854,Menottez_le_.mp3,Menottez-le.
5293657,Demandons_.mp3,Demandons.
5293642,Achète_toi_une_vie__.mp3,Achète-toi une vie !
5293635,Tom_tricote_.mp3,Tom tricote.
5293634,Tom_sait_.mp3,Tom sait.
5265433,Nous_savons_.mp3,Nous savons.
5262088,Apportez_du_vin_.mp3,Apportez du vin.
5262086,Apporte_du_vin_.mp3,Apporte du vin.
5150048,Ça_aide_.mp3,Ça aide.
5066634,Je_me_suis_mis_à_avo.mp3,Je me suis mis à avoir chaud.
5065447,Suis_je_en_retard__.mp3,Suis-je en retard ?
5065437,Je_suis_plus_rapide_.mp3,Je suis plus rapide.
5064950,Je_partirai_.mp3,Je partirai.
5063650,Je_les_rencontrai_.mp3,Je les rencontrai.
5063649,Je_les_ai_rencontrée.mp3,Je les ai rencontrées.
5063648,Je_les_ai_rencontrés.mp3,Je les ai rencontrés.
5063646,J_ai_préparé_du_thé_.mp3,J'ai préparé du thé.
5063580,Je_resterai_debout_.mp3,Je resterai debout.
5063574,J_ai_ressenti_de_la_.mp3,J'ai ressenti de la tristesse.
5063564,Je_l_ai_cassée_.mp3,Je l'ai cassée.
5063563,Je_l_ai_cassé_.mp3,Je l'ai cassé.
5063548,Suis_je_engagé__.mp3,Suis-je engagé ?
5063546,Suis_je_le_premier__.mp3,Suis-je le premier ?
5063545,Suis_je_en_avance__.mp3,Suis-je en avance ?
5063543,Suis_je_en_train_de_.mp3,Suis-je en train de mourir ?
5063541,Suis_je_clair__.mp3,Suis-je clair ?
5063532,Je_suis_en_train_de_.mp3,Je suis en train de déménager.
5063522,Je_suis_faible_.mp3,Je suis faible.
5060199,Je_suis_humble_.mp3,Je suis humble.
5060194,Je_suis_gourmand_.mp3,Je suis gourmand.
5060192,Je_suis_cupide_.mp3,Je suis cupide.
5060190,Je_suis_tatillon_.mp3,Je suis tatillon.
5060189,Je_suis_difficile_.mp3,Je suis difficile.
5060181,Je_suis_en_premier_.mp3,Je suis en premier.
5060175,Je_suis_connu_.mp3,Je suis connu.
5058708,Je_suis_en_train_de_.mp3,Je suis en train de payer.
5058672,Je_suis_reposé_.mp3,Je suis reposé.
5058665,Je_suis_ruiné_.mp3,Je suis ruiné.
5050011,Salut__les_mecs__.mp3,"Salut, les mecs !"
5049994,Allez_doucement__.mp3,Allez doucement !
5049993,Va_doucement__.mp3,Va doucement !
5013857,Ça_fait_mal_.mp3,Ça fait mal.
4965986,N_attendez_pas__.mp3,N'attendez pas !
4965985,N_attends_pas__.mp3,N'attends pas !
4963427,Ne_demande_pas__.mp3,Ne demande pas !
4961541,Ne_bougez_pas__.mp3,Ne bougez pas !
4910708,Je_suis_à_vous_.mp3,Je suis à vous.
4910707,Je_suis_à_toi_.mp3,Je suis à toi.
4904369,Pardonne_nous__.mp3,Pardonne-nous !
4895917,Essaie_le__.mp3,Essaie-le !
4869053,C_est_qui__Tom__.mp3,"C’est qui, Tom ?"
4863003,Elle_crie_.mp3,Elle crie.
4779662,Avons_nous_gagné__.mp3,Avons-nous gagné ?
4767876,Comment_va_Tom__.mp3,Comment va Tom ?
4767874,Comment_Tom_va_t_il_.mp3,Comment Tom va-t-il ?
4767843,Préviens_Tom_.mp3,Préviens Tom.
4767842,Avertis_Tom_.mp3,Avertis Tom.
4767841,Ignorez_Tom_.mp3,Ignorez Tom.
4767840,Ignore_Tom_.mp3,Ignore Tom.
4765913,Tom_a_gagné_.mp3,Tom a gagné.
4765912,Tom_a_perdu_.mp3,Tom a perdu.
4729360,Ils_sont_partis_.mp3,Ils sont partis.
4729359,Elles_ont_perdu_.mp3,Elles ont perdu.
4722682,Ah_bon__.mp3,Ah bon ?
4693446,J_entrerai_.mp3,J'entrerai.
4682002,C_est_moi_qui_l_ai_é.mp3,C'est moi qui l'ai écrit.
4682001,Je_l_ai_écrit_.mp3,Je l'ai écrit.
4681976,J_imagine_.mp3,J'imagine.
4681960,J_en_ai_confectionné.mp3,J'en ai confectionné deux.
4681959,J_en_ai_fait_deux_.mp3,J'en ai fait deux.
4681904,Je_suis_chauve_.mp3,Je suis chauve.
4681901,Je_suis_grassouillet.mp3,Je suis grassouillet.
4681899,Je_suis_flasque_.mp3,Je suis flasque.
4681788,Je_fais_de_l_exercic.mp3,Je fais de l'exercice.
4681747,J_étais_perdu_.mp3,J'étais perdu.
4681742,J_ai_été_en_retard_.mp3,J'ai été en retard.
4681740,J_étais_en_retard_.mp3,J'étais en retard.
4681702,Je_n_étais_pas_là_.mp3,Je n'étais pas là.
4681692,Je_l_ai_essayé_.mp3,Je l'ai essayé.
4679104,Je_peux_attendre_.mp3,Je peux attendre.
4679103,Je_peux_rester_.mp3,Je peux rester.
4679008,Je_suis_dur_.mp3,Je suis dur.
4679006,Je_suis_ordonné_.mp3,Je suis ordonné.
4678978,Je_suis_sournois_.mp3,Je suis sournois.
4678946,Je_suis_en_sécurité_.mp3,Je suis en sécurité.
4678885,Je_partirais_.mp3,Je partirais.
4678870,J_obéirai_.mp3,J'obéirai.
4678868,J_abandonnerai_.mp3,J'abandonnerai.
4678856,Je_marcherai_.mp3,Je marcherai.
4678772,Je_suis_chanceux_.mp3,Je suis chanceux.
4678706,J_ai_perdu_.mp3,J'ai perdu.
4678650,Je_le_refuse_.mp3,Je le refuse.
4678641,J_ai_crié_.mp3,J'ai crié.
4654453,Tout_le_monde_à_bord.mp3,Tout le monde à bord!
4653692,Vous_conduisez_.mp3,Vous conduisez.
4594744,Je_le_suppose_.mp3,Je le suppose.
4594074,Je_sais_chanter_.mp3,Je sais chanter.
4593077,Je_suis_honnête_.mp3,Je suis honnête.
4591892,Je_vivrai_.mp3,Je vivrai.
4580483,Ne_bouge_pas__.mp3,Ne bouge pas !
4579493,Reste_ici__.mp3,Reste ici !
4551990,Tom_va_t_il_bien__.mp3,Tom va-t-il bien ?
4551989,Est_ce_que_Tom_va_bi.mp3,Est-ce que Tom va bien ?
4533882,Ne_bouge_plus__.mp3,Ne bouge plus !
4488630,Sois_réaliste__.mp3,Sois réaliste !
4479269,Fais_moi_rire_.mp3,Fais-moi rire.
4435911,J_ai_couru_à_la_mais.mp3,J'ai couru à la maison.
4426371,Je_suis_laid_.mp3,Je suis laid.
4339669,Tom_a_menti_.mp3,Tom a menti.
4339668,Tom_a_payé_.mp3,Tom a payé.
4320476,Regarde_ça_.mp3,Regarde ça.
4221828,C_est_moi_qui_l_ai_f.mp3,C'est moi qui l'ai fait.
4221827,J_ai_fait_cela_.mp3,J'ai fait cela.
3846612,Je_t_aime_bien_.mp3,Je t'aime bien.
3835813,Je_refuse_.mp3,Je refuse.
3812362,Mais_ouais__.mp3,Mais ouais !
3797421,Tom_ment_.mp3,Tom ment.
3660516,Venez_là_.mp3,Venez là.
3646768,J_ai_dit_oui_.mp3,J'ai dit oui.
3641693,J_adore_le_thé_.mp3,J'adore le thé.
3640827,J_irai_.mp3,J'irai.
3634362,Je_l_ai_apprécié_.mp3,Je l'ai apprécié.
3634361,J_ai_aimé_ça_.mp3,J'ai aimé ça.
3400479,Je_rigole__.mp3,Je rigole !
3225649,Elle_est_ici_.mp3,Elle est ici.
2966164,Appelez_Tom_.mp3,Appelez Tom.
2966163,Appelle_Tom_.mp3,Appelle Tom.
2798957,Tom_est_en_colère_.mp3,Tom est en colère.
2734948,Je_suis_normal_.mp3,Je suis normal.
2708372,Je_suis_timide_.mp3,Je suis timide.
2586246,Est_ce_que_c_est_vou.mp3,Est-ce que c'est vous ?
2560147,Je_vois_Tom_.mp3,Je vois Tom.
2527549,Je_les_vis_.mp3,Je les vis.
2527548,Je_les_ai_vus_.mp3,Je les ai vus.
2527547,Je_les_ai_vues_.mp3,Je les ai vues.
2527546,J_ai_vu_cela_.mp3,J'ai vu cela.
2527499,Je_m_assis_.mp3,Je m'assis.
2482421,J_apprécie_l_art_.mp3,J'apprécie l'art.
2460108,Je_me_cache_.mp3,Je me cache.
2459922,Tom_est_venu_.mp3,Tom est venu.
2459920,Qui_est_venu__.mp3,Qui est venu ?
2443538,Je_dois_courir_.mp3,Je dois courir.
2443537,Il_me_faut_courir_.mp3,Il me faut courir.
2433576,J_ai_échoué_.mp3,J'ai échoué.
2429982,J_ai_reçu_de_l_aide_.mp3,J'ai reçu de l'aide.
2422821,Je_le_réparai_.mp3,Je le réparai.
2422820,Je_la_réparai_.mp3,Je la réparai.
2422819,Je_l_ai_réparée_.mp3,Je l'ai réparée.
2422818,Je_l_ai_réparé_.mp3,Je l'ai réparé.
2420648,Je_me_fais_vraiment_.mp3,Je me fais vraiment du souci.
2415947,Je_t_envie_.mp3,Je t'envie.
2415946,Je_vous_envie_.mp3,Je vous envie.
2397718,J_ai_été_bon_.mp3,J'ai été bon.
2397717,Je_fus_bon_.mp3,Je fus bon.
2350845,Fais_gaffe__.mp3,Fais gaffe !
2300035,Je_suis_du_même_avis.mp3,Je suis du même avis.
2292515,J_ai_décroché_.mp3,J'ai décroché.
2285511,Tenez_vous_tranquill.mp3,Tenez-vous tranquille !
2285510,Tiens_toi_tranquille.mp3,Tiens-toi tranquille !
2285485,Je_conduis_.mp3,Je conduis.
2285478,J_en_suis_sûr_.mp3,J'en suis sûr.
2285472,Je_l_ai_emporté_.mp3,Je l'ai emporté.
2285466,J_ai_gagné_.mp3,J'ai gagné.
2285421,C_est_rigolo_.mp3,C'est rigolo.
2264035,Laisse_moi_y_aller__.mp3,Laisse-moi y aller !
2215243,Suis_je_gros__.mp3,Suis-je gros ?
2190378,Aide_nous__.mp3,Aide-nous !
2190255,C_est_la_sienne_.mp3,C'est la sienne.
2190151,C_est_le_sien_.mp3,C'est le sien.
2163960,Puis_je_y_aller__.mp3,Puis-je y aller ?
2163959,Puis_je_partir__.mp3,Puis-je partir ?
2144545,Ne_pleure_pas__.mp3,Ne pleure pas !
2134243,Je_me_porte_bien_.mp3,Je me porte bien.
2109573,Nous_avons_perdu_.mp3,Nous avons perdu.
2109572,Nous_perdîmes_.mp3,Nous perdîmes.
2109541,Nous_nous_entretînme.mp3,Nous nous entretînmes.
2109533,Nous_avons_discuté_.mp3,Nous avons discuté.
2092670,Demande_à_n_importe_.mp3,Demande à n'importe qui.
2083708,À_la_bonne_heure__.mp3,À la bonne heure !
2077438,Employez_ceci__.mp3,Employez ceci !
2077436,Épousez_moi__.mp3,Épousez-moi !
2077430,Lâchez_vous__.mp3,Lâchez-vous !
2077428,Descendez__.mp3,Descendez !
2077426,Continuez_à_rouler__.mp3,Continuez à rouler !
2077415,Soyez_gentille__.mp3,Soyez gentille !
2077414,Soyez_gentil__.mp3,Soyez gentil !
2077413,Sois_gentille__.mp3,Sois gentille !
2013783,Demande_à_Tom_.mp3,Demande à Tom.
2008100,Nous_l_avons_vue_.mp3,Nous l'avons vue.
2005264,Pouvons_nous_partir_.mp3,Pouvons-nous partir ?
2005260,Qui_est_mort__.mp3,Qui est mort ?
2005257,Ai_je_gagné__.mp3,Ai-je gagné ?
1999784,Tom_est_en_train_de_.mp3,Tom est en train de travailler.
1996330,Je_dois_partir_.mp3,Je dois partir.
1996239,Ne_meurs_pas__.mp3,Ne meurs pas !
1996217,Écrivez_moi__.mp3,Écrivez-moi !
1996204,Regardez_moi__.mp3,Regardez-moi !
1996197,Regardez_nous__.mp3,Regardez-nous !
1996190,Utilisez_ceci_.mp3,Utilisez ceci.
1985736,Tom_est_mort_.mp3,Tom est mort.
1973493,Revenez__.mp3,Revenez !
1973460,Venez_chez_moi__.mp3,Venez chez moi !
1973445,Venez_bientôt__.mp3,Venez bientôt !
1973444,Viens_bientôt__.mp3,Viens bientôt !
1973434,Laissez_le_tomber__.mp3,Laissez-le tomber !
1973431,Laissez_tomber__.mp3,Laissez tomber !
1973320,Trouvez_un_emploi__.mp3,Trouvez un emploi !
1973318,Trouve_un_emploi__.mp3,Trouve un emploi !
1973304,Allez_le_chercher__.mp3,Allez le chercher !
1973298,Attrapez_ça__.mp3,Attrapez ça !
1973295,Tenez_bon__.mp3,Tenez bon !
1973026,Tiens_ceci__.mp3,Tiens ceci !
1973025,Tenez_ceci__.mp3,Tenez ceci !
1964420,Elles_nagèrent_.mp3,Elles nagèrent.
1964419,Ils_nagèrent_.mp3,Ils nagèrent.
1958824,Appelle_à_la_maison_.mp3,Appelle à la maison !
1935639,Laissez_moi_m_en_all.mp3,Laissez-moi m'en aller !
1935638,Laisse_moi_m_en_alle.mp3,Laisse-moi m'en aller !
1927914,Gardez_le__.mp3,Gardez-le !
1927909,Prends_le__.mp3,Prends-le !
1927908,Dites_moi__.mp3,Dites-moi !
1922200,Essayez_ceci__.mp3,Essayez ceci !
1922192,Essayez_en__.mp3,Essayez-en !
1922168,Appelez_nous__.mp3,Appelez-nous !
1921930,Il_est_temps__.mp3,Il est temps !
1916607,Sois_gentil_.mp3,Sois gentil.
1916598,Soyez_justes__.mp3,Soyez justes !
1916597,Soyez_juste__.mp3,Soyez juste !
1916590,Sois_calme__.mp3,Sois calme !
1908791,Je_le_trouvai_.mp3,Je le trouvai.
1883863,J_adorais_ça_.mp3,J'adorais ça.
1852254,Restez_en_arrière__.mp3,Restez en arrière !
1850045,Arrêtez_ça__.mp3,Arrêtez ça !
1850043,Soyez_prudentes__.mp3,Soyez prudentes !
1850041,Soyez_prudente__.mp3,Soyez prudente !
1849921,Attendez_un_peu__.mp3,Attendez un peu !
1849916,Restez_allongés__imm.mp3,"Restez allongés, immobiles !"
1849915,Restez_allongée__imm.mp3,"Restez allongée, immobile !"
1849912,Restez_allongé__immo.mp3,"Restez allongé, immobile !"
1849911,Reste_allongée__immo.mp3,"Reste allongée, immobile !"
1845932,Allez_vous_échauffer.mp3,Allez vous échauffer !
1845925,Dépêchez_vous_d_alle.mp3,Dépêchez-vous d'aller chez vous !
1845924,Dépêche_toi_d_aller_.mp3,Dépêche-toi d'aller chez toi !
1845914,Restez_baissé_.mp3,Restez baissé.
1845913,Reste_baissé_.mp3,Reste baissé.
1845896,Attendez_là_.mp3,Attendez là.
1845895,Attendez_ici_.mp3,Attendez ici.
1845894,Attends_là_.mp3,Attends là.
1845892,Attends_ici_.mp3,Attends ici.
1843065,Je_l_ai_fait_.mp3,Je l'ai fait.
1842640,Êtes_vous_debout__.mp3,Êtes-vous debout ?
1839359,Je_me_suis_senti_mal.mp3,Je me suis senti mal.
1830978,Je_suis_touché__.mp3,Je suis touché !
1619343,Elles_ont_gagné_.mp3,Elles ont gagné.
1619342,Ils_ont_gagné_.mp3,Ils ont gagné.
1619341,Elles_gagnèrent_.mp3,Elles gagnèrent.
1619340,Ils_gagnèrent_.mp3,Ils gagnèrent.
1613749,Formidable__.mp3,Formidable !
1602205,Aide_moi__.mp3,Aide-moi !
1527267,Signez_ici_.mp3,Signez ici.
1521177,Ne_vous_tracassez_pa.mp3,Ne vous tracassez pas.
1521175,Ne_te_tracasse_pas_.mp3,Ne te tracasse pas.
1521174,Vous_tracassez_pas_.mp3,Vous tracassez pas.
1521173,Te_tracasse_pas_.mp3,Te tracasse pas.
1485923,Me_revoilà_.mp3,Me revoilà.
1416041,Allons__.mp3,Allons !
1330216,Prends_soin_de_toi__.mp3,Prends soin de toi !
1313593,Essaie_de_nouveau_.mp3,Essaie de nouveau.
1313545,Ne_parlez_pas__.mp3,Ne parlez pas !
1313541,Je_sais_courir_.mp3,Je sais courir.
1313539,N_entrez_pas_.mp3,N'entrez pas.
1291405,Il_raccrocha_.mp3,Il raccrocha.
1275473,Venez_ici__.mp3,Venez ici !
1188061,Je_travaillerai_.mp3,Je travaillerai.
1181615,Oubliez__.mp3,Oubliez !
1181614,Oublie_le__.mp3,Oublie-le !
1181613,Oublie__.mp3,Oublie !
1181577,Je_suis_certain_.mp3,Je suis certain.
1170083,Ferme_la__.mp3,Ferme-la !
1158356,Restez_là__.mp3,Restez là !
1158349,Calmez_vous__.mp3,Calmez-vous !
1153645,Je_le_veux_.mp3,Je le veux.
1148020,J_ai_trente_ans_.mp3,J'ai trente ans.
1133775,Je_suis_fainéant_.mp3,Je suis fainéant.
1133774,Je_suis_paresseux_.mp3,Je suis paresseux.
1130015,Désolé__.mp3,Désolé !
1121073,Je_suis_gros_.mp3,Je suis gros.
1121071,Je_suis_gras_.mp3,Je suis gras.
1112336,Le_voici_.mp3,Le voici.
1112303,Vérifie_ça_.mp3,Vérifie ça.
1103548,Regarde_moi__.mp3,Regarde-moi !
1098785,Lis_ceci_.mp3,Lis ceci.
1076641,Reste_tranquille_.mp3,Reste tranquille.
1074488,Elle_pleura_.mp3,Elle pleura.
1046824,Pardonnez_moi_.mp3,Pardonnez-moi.
1043643,Pour_sûr_.mp3,Pour sûr.
991614,Suis_moi_.mp3,Suis-moi.
972095,Je_suis_ivre_.mp3,Je suis ivre.
967179,Ne_mens_pas_.mp3,Ne mens pas.
966399,Bonne_chance_.mp3,Bonne chance.
956472,Casse_toi_.mp3,Casse-toi.
950226,Signe_ici_.mp3,Signe ici.
942309,Je_suis_calme_.mp3,Je suis calme.
934633,Les_chiens_aboient_.mp3,Les chiens aboient.
928547,À_tes_souhaits__.mp3,À tes souhaits !
926433,Magnifique__.mp3,Magnifique !
920649,Je_m_en_suis_bien_so.mp3,Je m'en suis bien sorti.
896851,J_en_fais_usage_.mp3,J'en fais usage.
896705,Voyons_voir__.mp3,Voyons voir !
896702,Regarde_derrière__.mp3,Regarde derrière !
886122,Lève_toi_.mp3,Lève-toi.
883064,Choisis_en_une_.mp3,Choisis-en une.
883063,Choisis_en_un_.mp3,Choisis-en un.
872706,Laisse_faire_.mp3,Laisse faire.
862202,Ouvre_.mp3,Ouvre.
844993,Dégage__.mp3,Dégage !
827301,Je_te_hais_.mp3,Je te hais.
821565,Il_est_vieux_.mp3,Il est vieux.
806046,J_ai_raison_.mp3,J'ai raison.
795731,Garde_ton_sang_froid.mp3,Garde ton sang-froid.
795730,Garde_ton_calme_.mp3,Garde ton calme.
795728,Reste_calme_.mp3,Reste calme.
794536,Il_est_trois_heures_.mp3,Il est trois heures et demie.
788882,Je_te_déteste_.mp3,Je te déteste.
788104,J_ai_besoin_de_vous_.mp3,J'ai besoin de vous.
781003,J_ai_été_malade_.mp3,J'ai été malade.
764606,Ainsi_soit_il_.mp3,Ainsi soit-il.
761130,Je_me_sens_mal_.mp3,Je me sens mal.
745250,Assez__.mp3,Assez !
722690,Ne_quittez_pas_.mp3,Ne quittez pas.
711240,Grouille__.mp3,Grouille !
628256,Je_suis_rassasié__.mp3,Je suis rassasié !
628205,C_est_vrai__.mp3,C'est vrai !
591724,Je_suis_revenu_.mp3,Je suis revenu.
585174,Entre_.mp3,Entre.
575837,Vous_avez_essayé_.mp3,Vous avez essayé.
575836,Tu_as_essayé_.mp3,Tu as essayé.
565954,Embrassez_moi_.mp3,Embrassez-moi.
565943,Embrasse_moi_.mp3,Embrasse-moi.
560653,Essayez_de_nouveau_.mp3,Essayez de nouveau.
532360,Va_voir_ailleurs_si_.mp3,Va voir ailleurs si j'y suis !
531271,Je_le_vis_.mp3,Je le vis.
519939,Je_suis_repu__.mp3,Je suis repu !
495941,Oubliez_le_.mp3,Oubliez-le.
495940,Oublie_le_.mp3,Oublie-le.
488750,J_essaierai_.mp3,J'essaierai.
484290,Lâchez_moi__.mp3,Lâchez-moi !
477741,C_est_ça_.mp3,C'est ça.
473057,Regarde_derrière_toi.mp3,Regarde derrière toi !
469786,J_ai_froid_.mp3,J'ai froid.
468625,Nous_avons_chaud_.mp3,Nous avons chaud.
465012,Tourne_à_gauche_.mp3,Tourne à gauche.
463521,Aidez_moi_.mp3,Aidez-moi.
463491,Lâche_moi__.mp3,Lâche-moi !
463490,Laissez_moi_partir__.mp3,Laissez-moi partir !
463489,Laisse_moi_partir__.mp3,Laisse-moi partir !
461371,Ne_bouge_pas_.mp3,Ne bouge pas.
461370,Ne_bougez_pas_.mp3,Ne bougez pas.
457991,Qui_s_en_préoccupe__.mp3,Qui s'en préoccupe ?
440075,Entrez__.mp3,Entrez !
428130,Aide_moi_.mp3,Aide-moi.
427849,J_ai_vomi_.mp3,J'ai vomi.
426718,Fais_attention__.mp3,Fais attention !
425747,J_y_vais_.mp3,J’y vais.
423591,Je_la_connais_.mp3,Je la connais.
405497,Je_me_tire_.mp3,Je me tire.
403910,Va_te_faire_foutre__.mp3,Va te faire foutre !
400311,Laisse_tomber_.mp3,Laisse tomber.
374631,Ça_alors__.mp3,Ça alors !
354356,Taisez_vous__.mp3,Taisez-vous !
354219,Restez_calme_.mp3,Restez calme.
338203,J_ai_sommeil__.mp3,J'ai sommeil !
332233,Réveille_toi__.mp3,Réveille-toi !
330352,Je_suis_sérieux__.mp3,Je suis sérieux !
181335,Voilà_cinq_dollars_.mp3,Voilà cinq dollars.
139646,Allons_y__.mp3,Allons-y !
135870,Répondez_moi_.mp3,Répondez-moi.
135525,Faites_attention__.mp3,Faites attention !
135244,Vraiment__.mp3,Vraiment ?
134239,Elle_pleurait_.mp3,Elle pleurait.
130539,Il_essaye_.mp3,Il essaye.
128393,Sortez__.mp3,Sortez !
15733,Défense_d_entrer_.mp3,Défense d'entrer.
15441,Je_vais_essayer_.mp3,Je vais essayer.
14672,Pas_touche__.mp3,Pas touche !
14218,Attention__.mp3,Attention !
14216,Ouvre_moi__.mp3,Ouvre-moi !
13850,Je_suis_célibataire_.mp3,Je suis célibataire.
13640,Il_est_tard_.mp3,Il est tard.
13107,Parfait__.mp3,Parfait !
12910,Quelle_profondeur__.mp3,Quelle profondeur ?
12815,Vas_y_.mp3,Vas-y.
11610,Entre_donc__.mp3,Entre donc !
11608,Allez__.mp3,Allez !
11240,Viens_ici_.mp3,Viens ici.
10459,Excuse_moi_.mp3,Excuse-moi.
10149,C_est_affreux__.mp3,C'est affreux !
9390,Amuse_toi_bien__.mp3,Amuse-toi bien !
9336,Tout_va_bien_.mp3,Tout va bien.
8745,Courage__.mp3,Courage !
8509,Je_pars_maintenant_.mp3,Je pars maintenant.
3699,Trop_tard_.mp3,Trop tard.
3525,Je_suis_fatigué__.mp3,Je suis fatigué !
3250,Je_t_aime__.mp3,Je t'aime !
5830026,Tom_parla_en_françai.mp3,Tom parla en français.
5830022,Apprenez_vous_le_fra.mp3,Apprenez-vous le français ?
5830017,Tom_aime_t_il_le_fra.mp3,Tom aime-t-il le français ?
5830016,Elles_parlent_toutes.mp3,Elles parlent toutes français.
5830015,Ils_parlent_tous_fra.mp3,Ils parlent tous français.
5829997,Tom_parle_rarement_f.mp3,Tom parle rarement français.
5829996,Tom_apprend_il_le_fr.mp3,Tom apprend-il le français ?
5829994,Tom_parle_un_françai.mp3,Tom parle un français parfait.
5829987,Tom_parle_à_peine_le.mp3,Tom parle à peine le français.
5829981,Tom_a_adoré_enseigne.mp3,Tom a adoré enseigner le français.
5829978,Parlons_en_français_.mp3,Parlons en français.
5829975,Arrivez_vous_à_lire_.mp3,Arrivez-vous à lire le français ?
5829972,Peux_tu_lire_le_fran.mp3,Peux-tu lire le français ?
5829969,Je_dois_apprendre_le.mp3,Je dois apprendre le français.
5829968,Tom_m_enseigne_le_fr.mp3,Tom m'enseigne le français.
5829963,Nous_apprenons_le_fr.mp3,Nous apprenons le français.
5829961,Qui_vous_a_enseigné_.mp3,Qui vous a enseigné le français ?
5829960,Qui_t_a_enseigné_le_.mp3,Qui t'a enseigné le français ?
5829959,Je_parle_déjà_frança.mp3,Je parle déjà français.
5829958,J_aime_étudier_le_fr.mp3,J'aime étudier le français.
5829957,Apprenez_moi_le_fran.mp3,"Apprenez-moi le français, s'il vous plaît."
5829956,Apprends_moi_le_fran.mp3,"Apprends-moi le français, s'il te plaît."
5829953,Répondez_en_français.mp3,"Répondez en français, s'il vous plaît."
5829951,Réponds_en_français_.mp3,"Réponds en français, s'il te plaît."
5829936,Tom_parle_t_il_franç.mp3,Tom parle-t-il français ?
5829934,J_ai_étudié_le_franç.mp3,J'ai étudié le français.
5829932,Le_pain_français_est.mp3,Le pain français est délicieux.
5829930,Nous_avons_appris_le.mp3,Nous avons appris le français.
5829928,Nous_avons_étudié_le.mp3,Nous avons étudié le français.
5829926,Tom_parla_français_.mp3,Tom parla français.
5829921,Tom_comprend_le_fran.mp3,Tom comprend le français.
5825507,J_ai_déménagé_à_Bost.mp3,J'ai déménagé à Boston le printemps dernier.
5822306,J_apprends_désormais.mp3,J'apprends désormais le français.
5822133,Tom_a_une_sœur_à_Bos.mp3,Tom a une sœur à Boston.
5819648,Je_sais_que_j_aurais.mp3,Je sais que j'aurais dû rester à Boston.
5816458,Tom_n_a_jamais_voulu.mp3,Tom n'a jamais voulu vivre à Boston.
5804769,Je_serai_à_Boston_ce.mp3,Je serai à Boston ce week-end.
5804472,Tom_est_journaliste_.mp3,Tom est journaliste à Boston.
5804351,J_ai_passé_mes_vacan.mp3,J'ai passé mes vacances à Boston.
5803088,Je_préfère_être_ici_.mp3,Je préfère être ici plutôt qu'à Boston.
5802965,Tom_est_maintenant_à.mp3,"Tom est maintenant à Boston, n'est-ce pas ?"
5802957,Tom_a_un_magasin_à_B.mp3,Tom a un magasin à Boston.
5802955,Tom_a_déménagé_à_Bos.mp3,Tom a déménagé à Boston.
5802869,Je_partirai_demain_p.mp3,Je partirai demain pour Boston.
5801905,Tom_voulait_aller_à_.mp3,Tom voulait aller à Boston.
5801835,Amuse_toi_bien_à_Bos.mp3,Amuse-toi bien à Boston.
5801817,Savais_tu_que_Tom_ét.mp3,Savais-tu que Tom était mort à Boston ?
5800778,Ils_vivaient_tous_de.mp3,Ils vivaient tous deux à Boston.
5799821,Tom_a_visité_Boston_.mp3,Tom a visité Boston le mois dernier.
5798881,Tom_est_allé_à_Bosto.mp3,Tom est allé à Boston il y a une semaine.
5794158,Tom_est_sûrement_né_.mp3,Tom est sûrement né à Boston.
5794157,Tom_est_probablement.mp3,Tom est probablement né à Boston.
5792005,Dans_quel_pays_se_si.mp3,Dans quel pays se situe Boston ?
5791964,Tom_n_aimerait_pas_B.mp3,Tom n'aimerait pas Boston.
5791938,Les_Jackson_ont_démé.mp3,Les Jackson ont déménagé à Boston.
5762795,Votre_français_est_p.mp3,Votre français est parfait.
5762794,Ton_français_est_par.mp3,Ton français est parfait.
5762791,Votre_français_s_amé.mp3,Votre français s'améliore.
5762790,Ton_français_s_améli.mp3,Ton français s'améliore.
5762787,Apprendre_le_françai.mp3,Apprendre le français demande du temps.
5762782,Tom_nous_apprend_le_.mp3,Tom nous apprend le français.
5762780,Tom_nous_enseigne_le.mp3,Tom nous enseigne le français.
5762776,Est_ce_que_c_est_dif.mp3,"Est-ce que c'est difficile, le français ?"
5762775,Le_français_est_il_d.mp3,Le français est-il difficile ?
5762767,Parlez_français__s_i.mp3,"Parlez français, s'il vous plaît."
5762765,Parle_français__s_il.mp3,"Parle français, s'il te plaît."
5762761,Tom_enseigne_le_fran.mp3,Tom enseigne le français.
5752769,N_appelez_pas_Tom_ch.mp3,N'appelez pas Tom chez lui après 2h30.
5752697,Je_n_habitais_pas_à_.mp3,Je n'habitais pas à Boston l'année dernière.
5730063,Ce_train_est_à_desti.mp3,Ce train est à destination de Boston.
5724302,Peut_être_devriez_vo.mp3,Peut-être devriez-vous aller à Boston.
5724301,Tu_devrais_peut_être.mp3,Tu devrais peut-être aller à Boston.
5708057,Je_retournerai_à_Bos.mp3,Je retournerai à Boston.
5707603,Nous_voulons_acheter.mp3,Nous voulons acheter une maison à Boston.
5706269,Je_sais_que_vous_dev.mp3,Je sais que vous devez retourner à Boston.
5706268,Je_sais_que_tu_dois_.mp3,Je sais que tu dois retourner à Boston.
5702745,Elles_parlent_en_fra.mp3,Elles parlent en français.
5702744,Ils_parlent_en_franç.mp3,Ils parlent en français.
5700058,Tom_est_mort_lundi__.mp3,"Tom est mort lundi, à Boston."
5690246,Tom_et_Mary_ont_pris.mp3,Tom et Mary ont pris l'avion pour Boston.
5689721,Tom_est_en_train_de_.mp3,Tom est en train de rentrer à Boston.
5688254,Tom_est_le_meilleur_.mp3,Tom est le meilleur batteur de Boston.
5685933,Notre_quartier_génér.mp3,Notre quartier général est à Boston.
5685856,Avez_vous_été_à_Bost.mp3,Avez-vous été à Boston ?
5685855,As_tu_été_à_Boston__.mp3,As-tu été à Boston ?
5671488,Tom_a_beaucoup_d_ami.mp3,Tom a beaucoup d'amis à Boston.
5665639,J_ai_rêvé_que_j_étai.mp3,J'ai rêvé que j'étais de nouveau à Boston.
5659933,J_ai_toujours_voulu_.mp3,J'ai toujours voulu aller à Boston.
5655393,J_aimerais_visiter_B.mp3,"J'aimerais visiter Boston, un jour."
5653805,Tom_ne_vit_même_pas_.mp3,Tom ne vit même pas à Boston.
5653802,Tom_n_habite_même_pa.mp3,Tom n'habite même pas à Boston.
5653688,Je_suis_content_d_êt.mp3,Je suis content d'être parti de Boston.
5649446,Je_ne_pense_pas_que_.mp3,Je ne pense pas que Tom soit à Boston.
5649029,J_ai_rencontré_Tom_à.mp3,J'ai rencontré Tom à son bureau à Boston.
5647304,Nous_n_avons_jamais_.mp3,Nous n'avons jamais été à Boston.
5627679,Je_suis_allé_à_Bosto.mp3,Je suis allé à Boston voir Tom.
5627655,Je_sais_que_Tom_est_.mp3,Je sais que Tom est allé à Boston.
5610658,J_ai_appris_le_franç.mp3,J'ai appris le français par moi-même.
5603434,Tom_parle_français_.mp3,Tom parle français.
5600941,J_apprécie_la_cuisin.mp3,J'apprécie la cuisine française.
5599854,Tom_ne_sait_pas_que_.mp3,Tom ne sait pas que Mary est à Boston.
5598283,Tom_a_conduit_Marie_.mp3,Tom a conduit Marie à Boston.
5597721,Nous_ne_retournerons.mp3,Nous ne retournerons pas à Boston.
5592674,Tom_est_il_professeu.mp3,Tom est-il professeur de français?
5591258,Tom_vient_de_revenir.mp3,Tom vient de revenir de Boston.
5589142,Nous_retournons_à_Bo.mp3,Nous retournons à Boston.
5576639,Tom_aime_vivre_à_Bos.mp3,Tom aime vivre à Boston.
5551857,Tom_étudie_aussi_le_.mp3,Tom étudie aussi le français.
5503517,Tom_resta_à_Boston_p.mp3,Tom resta à Boston pendant trois jours.
5503516,Tom_est_resté_à_Bost.mp3,Tom est resté à Boston pendant trois jours.
5494656,Je_connais_un_peu_de.mp3,Je connais un peu de français.
5490090,Tom_étudie_à_Boston_.mp3,Tom étudie à Boston.
5487103,J_apprends_le_frança.mp3,J'apprends le français à l'école.
5461660,Tom_sera_à_Boston_l_.mp3,Tom sera à Boston l'année prochaine.
5458260,Tom_était_à_Boston_l.mp3,Tom était à Boston le mois dernier.
5458240,J_ai_déjà_acheté_mon.mp3,J'ai déjà acheté mon ticket pour Boston.
5441262,Nous_sommes_allés_à_.mp3,Nous sommes allés à Boston en bus.
5434807,On_peut_parler_franç.mp3,On peut parler français ?
5434806,Peut_on_parler_franç.mp3,Peut-on parler français ?
5434787,Pouvons_nous_parler_.mp3,Pouvons-nous parler français ?
5420094,J_étudie_toujours_le.mp3,J'étudie toujours le français.
5420024,Qui_est_votre_profes.mp3,Qui est votre professeur de français ?
5420023,Qui_est_ton_professe.mp3,Qui est ton professeur de français ?
5411231,Tom_acheta_une_maiso.mp3,Tom acheta une maison à Boston.
5411229,Tom_a_acheté_une_mai.mp3,Tom a acheté une maison à Boston.
5407226,Quand_êtes_vous_arri.mp3,Quand êtes-vous arrivée à Boston ?
5407224,Quand_êtes_vous_arri.mp3,Quand êtes-vous arrivées à Boston ?
5407219,Quand_êtes_vous_arri.mp3,Quand êtes-vous arrivé à Boston ?
5407217,Quand_es_tu_arrivée_.mp3,Quand es-tu arrivée à Boston ?
5407216,Quand_êtes_vous_arri.mp3,Quand êtes-vous arrivés à Boston ?
5407214,Quand_es_tu_arrivé_à.mp3,Quand es-tu arrivé à Boston ?
5399538,Je_veux_que_vous_all.mp3,Je veux que vous alliez à Boston.
5399536,Je_veux_que_tu_aille.mp3,Je veux que tu ailles à Boston.
5391274,J_ai_visité_Boston_t.mp3,J'ai visité Boston trois fois.
5391239,Je_voudrais_étudier_.mp3,Je voudrais étudier le français.
5391237,J_aimerais_étudier_l.mp3,J'aimerais étudier le français.
5391197,Nous_devrions_peut_ê.mp3,Nous devrions peut-être aller à Boston.
5390523,J_ai_un_rendez_vous_.mp3,J'ai un rendez-vous à 14:30.
5386450,J_adorerais_visiter_.mp3,J'adorerais visiter Boston.
5386446,Tom_m_a_dit_que_tu_é.mp3,Tom m'a dit que tu étais à Boston.
5385497,Qui_connaissez_vous_.mp3,Qui connaissez-vous à Boston ?
5385495,Qui_connais_tu_à_Bos.mp3,Qui connais-tu à Boston ?
5382924,Ce_n_est_pas_loin_de.mp3,Ce n'est pas loin de Boston.
5382912,Il_neige_à_Boston_.mp3,Il neige à Boston.
5381937,Tu_aimes_Boston__pas.mp3,"Tu aimes Boston, pas vrai ?"
5381936,Tu_aimes_Boston__hei.mp3,"Tu aimes Boston, hein ?"
5381931,Tu_aimes_Boston__non.mp3,"Tu aimes Boston, non ?"
5381208,Tom_vit_maintenant_p.mp3,Tom vit maintenant près de Boston.
5380308,Tom_sera_à_Boston_pe.mp3,Tom sera à Boston pendant une semaine.
5377472,J_étais_avec_Tom_de_.mp3,J'étais avec Tom de 20h30 à 2h30.
5375534,J_ai_appris_un_peu_d.mp3,J'ai appris un peu de français.
5372011,J_étudie_le_français.mp3,J'étudie le français à l'école.
5369620,Mes_enfants_habitent.mp3,Mes enfants habitent à Boston.
5369619,Mes_enfants_vivent_à.mp3,Mes enfants vivent à Boston.
5369461,Nous_ne_vivons_pas_à.mp3,Nous ne vivons pas à Boston.
5367270,On_était_à_Boston_.mp3,On était à Boston.
5367269,Nous_étions_à_Boston.mp3,Nous étions à Boston.
5366556,Tom_a_vécu_à_Boston_.mp3,Tom a vécu à Boston pendant longtemps.
5366554,Tous_mes_enfants_viv.mp3,Tous mes enfants vivent à Boston.
5366543,Tom_a_probablement_é.mp3,Tom a probablement été à Boston.
5366542,J_aimerais_aller_à_B.mp3,J'aimerais aller à Boston un jour.
5364542,Tom_a_un_ami_qui_vit.mp3,Tom a un ami qui vit à Boston.
5364515,Tom_vivait_à_Boston_.mp3,"Tom vivait à Boston avant, n'est-ce pas ?"
5359224,Étudions_le_français.mp3,Étudions le français.
5359108,As_tu_déjà_habité_à_.mp3,As-tu déjà habité à Boston ?
5359107,As_tu_déjà_vécu_à_Bo.mp3,As-tu déjà vécu à Boston ?
5359106,Avez_vous_déjà_habit.mp3,Avez-vous déjà habité à Boston ?
5359105,Avez_vous_déjà_vécu_.mp3,Avez-vous déjà vécu à Boston ?
5350916,C_est_arrivé_quand_T.mp3,C'est arrivé quand Tom était à Boston.
5350902,Tom_vit_actuellement.mp3,Tom vit actuellement à Boston.
5350872,J_ai_une_réunion_à_2.mp3,J'ai une réunion à 2h30.
5344239,Tom_n_est_pas_allé_à.mp3,Tom n'est pas allé à Boston.
5340376,Avez_vous_grandi_à_B.mp3,Avez-vous grandi à Boston ?
5331529,Tom_vient_de_rentrer.mp3,Tom vient de rentrer à Boston aujourd'hui.
5331515,Je_suis_né_à_Boston_.mp3,Je suis né à Boston en 1995.
5329181,Je_devrais_arriver_à.mp3,Je devrais arriver à Boston d'ici l'heure du déjeuner.
5326381,Quand_es_tu_revenu_d.mp3,Quand es-tu revenu de Boston ?
5324583,Tom_habite_et_travai.mp3,Tom habite et travaille à Boston.
5324582,Tom_vit_et_travaille.mp3,Tom vit et travaille à Boston.
5324503,Je_partirai_de_Bosto.mp3,Je partirai de Boston ce soir.
5324502,Je_quitterai_Boston_.mp3,Je quitterai Boston ce soir.
5318967,Tom_habitait_à_Bosto.mp3,Tom habitait à Boston.
5315558,Tom_a_également_une_.mp3,Tom a également une maison à Boston.
5302763,J_apprends_aussi_le_.mp3,J'apprends aussi le français.
5302762,J_apprends_également.mp3,J'apprends également le français.
5302711,Je_vais_à_Boston_pou.mp3,Je vais à Boston pour trois mois.
5301080,Je_ne_veux_pas_retou.mp3,Je ne veux pas retourner à Boston.
5301041,J_ai_séjourné_chez_T.mp3,J'ai séjourné chez Tom à Boston.
5297904,Seras_tu_à_Boston_ce.mp3,Seras-tu à Boston ce week-end ?
5297903,Serez_vous_à_Boston_.mp3,Serez-vous à Boston ce week-end ?
5297892,Je_me_suis_perdu_dan.mp3,Je me suis perdu dans Boston.
5289132,Je_veux_retourner_à_.mp3,Je veux retourner à Boston.
5286131,J_ai_eu_un_A_en_fran.mp3,J’ai eu un A en français.
5268607,Vous_ne_parlez_pas_f.mp3,Vous ne parlez pas français ?
5268606,Tu_ne_parles_pas_fra.mp3,Tu ne parles pas français ?
5136753,J_ai_visité_Boston_.mp3,J'ai visité Boston.
5070981,Il_neige_toujours_à_.mp3,Il neige toujours à Boston.
5034335,Je_préférais_être_à_.mp3,Je préférais être à Boston.
5013831,Tom_a_été_tué_à_Bost.mp3,Tom a été tué à Boston.
4992918,Votre_français_est_b.mp3,Votre français est bon.
4992916,Ton_français_est_bon.mp3,Ton français est bon.
4904055,Pourquoi_devrais_je_.mp3,Pourquoi devrais-je apprendre le français ?
4845503,Est_ce_que_Tom_habit.mp3,Est-ce que Tom habite à Boston ?
4845497,J_aime_visiter_Bosto.mp3,J'aime visiter Boston.
4827585,Est_ce_que_Tom_est_d.mp3,Est-ce que Tom est de Boston ?
4827584,Tom_est_il_de_Boston.mp3,Tom est-il de Boston ?
4827579,Combien_d_années_Tom.mp3,Combien d'années Tom a-t-il été à Boston ?
4827508,Tom_n_est_rentré_qu_.mp3,Tom n'est rentré qu'après 02h30 ce matin.
4827504,Tom_n_est_rentré_à_l.mp3,Tom n'est rentré à la maison qu'après 02h30 ce matin.
4811789,Tom_vit_à_Boston_.mp3,Tom vit à Boston.
4811788,J_aime_beaucoup_Bost.mp3,J'aime beaucoup Boston.
4797520,Mes_enfants_sont_nés.mp3,Mes enfants sont nés à Boston.
4779821,Nous_parlons_françai.mp3,Nous parlons français.
4779601,Nous_étudions_le_fra.mp3,Nous étudions le français.
4760205,Elle_parlait_couramm.mp3,Elle parlait couramment français.
4757810,Tom_a_conduit_sa_voi.mp3,Tom a conduit sa voiture jusqu'à Boston.
4745084,Tom_parle_couramment.mp3,Tom parle couramment français.
4636201,Aimes_tu_le_français.mp3,Aimes-tu le français ?
4604682,J_aimerais_aller_à_B.mp3,J'aimerais aller à Boston avec toi.
4599509,Comprends_tu_le_fran.mp3,Comprends-tu le français ?
4592093,Je_suis_en_train_d_a.mp3,Je suis en train d'apprendre le français.
4592082,Je_suis_enseignant_e.mp3,Je suis enseignant en français.
4551220,Aucune_d_entre_elles.mp3,Aucune d'entre elles ne connaît le français.
4551219,Aucun_d_entre_eux_ne.mp3,Aucun d'entre eux ne connaît le français.
4550669,Nous_parlons_tous_fr.mp3,Nous parlons tous français.
4550292,Apprendre_le_françai.mp3,Apprendre le français est utile.
4546899,Tom_a_parlé_de_Bosto.mp3,Tom a parlé de Boston.
4546898,Tom_parla_de_Boston_.mp3,Tom parla de Boston.
4526941,Quelqu_un_peut_il_me.mp3,"Quelqu'un peut-il me réveiller à 2:30, s'il vous plaît ?"
4488669,Je_suis_arrivé_à_Bos.mp3,Je suis arrivé à Boston hier après-midi.
4101249,Je_suis_allé_à_Bosto.mp3,Je suis allé à Boston de nombreuses fois.
4080894,Tom_a_dit_qu_il_aime.mp3,Tom a dit qu'il aimerait visiter Boston.
4080892,Tom_veut_venir_à_Bos.mp3,Tom veut venir à Boston avec nous.
4080888,Tom_veut_venir_avec_.mp3,Tom veut venir avec nous à Boston.
4080886,Quand_est_ce_que_tu_.mp3,Quand est-ce que tu reviens à Boston ?
4080884,Je_savais_qu_on_aura.mp3,Je savais qu'on aurait dû rester à Boston.
4080882,Tom_a_acheté_un_terr.mp3,Tom a acheté un terrain près de Boston.
4080881,T_es_arrivé_quand_à_.mp3,T'es arrivé quand à Boston ?
4080876,Tom_veut_acheter_une.mp3,Tom veut acheter une maison à Boston.
4080853,Je_veux_que_tu_aille.mp3,Je veux que tu ailles à Boston avec Tom.
4080852,Tom_a_passé_une_sema.mp3,Tom a passé une semaine à Boston.
4080850,Il_fait_froid_à_Bost.mp3,Il fait froid à Boston là ?
4076792,Est_ce_que_Tom_a_aim.mp3,Est-ce que Tom a aimé Boston?
4076787,Tom_a_acheté_une_jol.mp3,Tom a acheté une jolie maison à Boston.
4076786,Tom_a_vendu_sa_maiso.mp3,Tom a vendu sa maison à Boston.
3956213,Je_possède_quelques_.mp3,Je possède quelques livres en français.
3951762,Nous_allons_à_Boston.mp3,Nous allons à Boston le plus souvent possible.
3931818,Tom_parle_couramment.mp3,Tom parle couramment le français.
3882332,Tom_m_a_dit_que_vous.mp3,Tom m'a dit que vous étiez à Boston.
3847125,Tom_a_déménagé_à_Bos.mp3,Tom a déménagé à Boston il y a trois ans.
3693014,Combien_de_temps_ête.mp3,Combien de temps êtes-vous restés à Boston ?
3673604,Tom_a_une_maison_à_B.mp3,Tom a une maison à Boston.
3660383,Je_veux_voir_Boston_.mp3,Je veux voir Boston.
3659844,Aimez_vous_le_vin_fr.mp3,Aimez-vous le vin français ?
3659843,Aimes_tu_le_vin_fran.mp3,Aimes-tu le vin français ?
3646432,J_enseigne_le_frança.mp3,J'enseigne le français.
3641711,J_adore_le_français_.mp3,J'adore le français.
3597516,Le_français_de_Tom_s.mp3,Le français de Tom s'améliore.
3529022,Tom_parle_aussi_le_f.mp3,Tom parle aussi le français.
3469957,Tom_m_a_promis_d_êtr.mp3,Tom m'a promis d'être là avant deux heures et demie.
3452281,Il_ne_fait_pas_toujo.mp3,Il ne fait pas toujours froid à Boston.
3450299,Comment_s_est_passé_.mp3,Comment s'est passé le voyage jusqu'à Boston?
3346852,J_ai_appris_le_franç.mp3,J'ai appris le français à Paris.
3289069,Tom_était_à_Boston_c.mp3,Tom était à Boston cette année-là.
3279454,Apprends_tu_le_franç.mp3,Apprends-tu le français ?
3235630,Ne_parlez_vous_pas_f.mp3,Ne parlez-vous pas français ?
3235629,Ne_parles_tu_pas_le_.mp3,Ne parles-tu pas le français ?
3217562,Tom_était_il_à_Bosto.mp3,Tom était-il à Boston hier ?
3217559,Est_ce_que_Tom_était.mp3,Est-ce que Tom était à Boston hier ?
3217437,Il_y_a_beaucoup_de_p.mp3,Il y a beaucoup de parcs à Boston.
3217436,Il_y_a_beaucoup_de_p.mp3,Il y a beaucoup de parcs dans Boston.
3163042,Tom_a_quelques_amis_.mp3,Tom a quelques amis à Boston.
2991936,Êtes_vous_à_Boston__.mp3,Êtes-vous à Boston ?
2991898,À_ce_moment__Thomas_.mp3,"À ce moment, Thomas était à Boston."
2884009,J_aime_parler_en_fra.mp3,J’aime parler en français.
2835056,Tom_est_impatient_de.mp3,Tom est impatient de vivre à Boston.
2737121,Pourquoi_étudies_tu_.mp3,Pourquoi étudies-tu le français ?
2707089,Je_parle_français_.mp3,Je parle français.
2691259,Je_ne_parle_pas_fran.mp3,Je ne parle pas français.
2678042,J_étudie_le_français.mp3,J'étudie le français chez moi.
2619984,Tom_étudie_le_frança.mp3,Tom étudie le français.
2580607,Savez_vous_bien_parl.mp3,Savez-vous bien parler français ?
2580604,Parlez_vous_bien_le_.mp3,Parlez-vous bien le français ?
2575150,J_aime_le_français_.mp3,J'aime le français.
2526804,Je_suis_à_Boston_.mp3,Je suis à Boston.
2504224,Je_ne_connais_pas_si.mp3,Je ne connais pas si bien Boston.
2490230,Je_ne_connais_person.mp3,Je ne connais personne à Boston.
2465077,Je_pense_que_Tom_a_d.mp3,Je pense que Tom a dit qu'il venait de Boston.
2465023,Je_pense_que_Tom_est.mp3,Je pense que Tom est né à Boston.
2465009,Je_pense_que_nous_de.mp3,Je pense que nous devons retourner à Boston.
2403197,Tu_parles_le_françai.mp3,"Tu parles le français, n'est-ce pas ?"
2403195,Vous_parlez_le_franç.mp3,"Vous parlez le français, n'est-ce pas ?"
2389429,Je_ne_veux_plus_vivr.mp3,Je ne veux plus vivre à Boston.
2389383,Je_n_habite_plus_à_B.mp3,Je n’habite plus à Boston.
2389381,Je_n_étudie_plus_le_.mp3,Je n’étudie plus le français.
2389379,Je_ne_veux_plus_visi.mp3,Je ne veux plus visiter Boston.
2382860,Je_sais_que_vous_ête.mp3,Je sais que vous êtes née à Boston.
2382859,Je_sais_que_vous_ête.mp3,Je sais que vous êtes né à Boston.
2382856,Je_sais_que_tu_es_né.mp3,Je sais que tu es née à Boston.
2382855,Je_sais_que_tu_es_né.mp3,Je sais que tu es né à Boston.
2281965,Il_écorche_le_frança.mp3,Il écorche le français.
2281964,Il_parle_un_français.mp3,Il parle un français approximatif.
2232971,Je_ne_parle_pas_fran.mp3,Je ne parle pas français du tout.
2163790,Je_croyais_que_Tom_é.mp3,Je croyais que Tom était de Boston.
2076643,Parlez_vous_tous_fra.mp3,Parlez-vous tous français ?
2046174,Tom_a_dit_qu_il_appe.mp3,Tom a dit qu'il appellerait à deux heures et demie.
2046065,Je_pensais_que_j_ava.mp3,Je pensais que j'avais jusqu'à deux heures et demie.
2046021,Est_ce_que_vous_parl.mp3,Est-ce que vous parlez tous français ?
2015818,Je_veux_un_rapport_c.mp3,Je veux un rapport complet avant quatorze heures trente.
2015430,Tom_est_parti_pour_B.mp3,Tom est parti pour Boston.
1908024,Tom_devrait_être_de_.mp3,Tom devrait être de retour pour 2h30.
1861310,Tom_a_vécu_à_Boston_.mp3,Tom a vécu à Boston.
1848569,Je_veux_que_vous_vol.mp3,"Je veux que vous voliez vers Boston, demain."
1848567,Je_veux_que_tu_voles.mp3,"Je veux que tu voles vers Boston, demain."
1644494,Tom_devrait_être_de_.mp3,Tom devrait être de retour avant 2h30.
1578717,Tom_a_une_amie_à_Bos.mp3,Tom a une amie à Boston.
1451610,Y_a_t_il_un_zoo_à_Bo.mp3,Y a-t-il un zoo à Boston ?
1446973,Il_parle_également_f.mp3,Il parle également français.
1446970,Elle_parle_également.mp3,Elle parle également français.
1446969,Elle_parle_aussi_le_.mp3,Elle parle aussi le français.
1368043,Elle_était_censée_l_.mp3,Elle était censée l'appeler à quatorze heures trente.
1368042,Elle_était_censée_l_.mp3,Elle était censée l'appeler à deux heures et demie.
1266921,Tom_a_consenti_à_êtr.mp3,"Tom a consenti à être là à 2:30, mais il ne l'est pas encore."
1181459,Tom_ne_parle_pas_fra.mp3,Tom ne parle pas français.
1181416,Tom_ne_veut_pas_vivr.mp3,Tom ne veut pas vivre à Boston.
1171008,Sais_tu_parler_franç.mp3,Sais-tu parler français ?
1153648,Tom_habite_à_Boston_.mp3,Tom habite à Boston.
1147650,Tom_parle_le_françai.mp3,Tom parle le français avec fluidité.
1147649,Tom_passa_trois_sema.mp3,Tom passa trois semaines à Boston.
1147003,Tom_a_gagné_un_voyag.mp3,Tom a gagné un voyage gratuit à Boston.
1146962,Tom_veut_partir_pour.mp3,Tom veut partir pour Boston.
1127444,Où_as_tu_appris_le_f.mp3,Où as-tu appris le français ?
1114985,Tom_est_allé_à_Bosto.mp3,Tom est allé à Boston avec Mary.
1114953,Tom_vient_de_Boston_.mp3,Tom vient de Boston.
1079117,Elle_nous_enseigne_l.mp3,Elle nous enseigne le français.
1031677,Parles_tu_français__.mp3,Parles-tu français ?
905744,Elle_est_française_.mp3,Elle est française.
587173,Il_parle_français_co.mp3,Il parle français couramment.
487342,Je_veux_apprendre_le.mp3,Je veux apprendre le français.
487338,Qui_vous_enseigne_le.mp3,Qui vous enseigne le français ?
487337,Je_ne_sais_pas_lire_.mp3,Je ne sais pas lire le français.
487336,Son_épouse_est_franç.mp3,Son épouse est française.
487335,Il_parle_le_français.mp3,Il parle le français.
487334,Aimez_vous_les_vins_.mp3,Aimez-vous les vins français ?
487333,Sait_il_parler_le_fr.mp3,Sait-il parler le français ?
475822,Parle_t_elle_françai.mp3,Parle-t-elle français ?
451548,Il_parle_couramment_.mp3,Il parle couramment le français.
393406,Comment_s_est_passé_.mp3,Comment s'est passé le cours de français ?
335910,Il_parle_le_français.mp3,Il parle le français couramment.
136188,L_avion_décolla_à_2h.mp3,L'avion décolla à 2h30.
133648,Elle_nous_apprend_le.mp3,Elle nous apprend le français.
131349,Il_apprendra_le_fran.mp3,Il apprendra le français.
15385,Il_savait_parler_fra.mp3,Il savait parler français.
14314,Je_ne_sais_pas_parle.mp3,Je ne sais pas parler français.
14077,Parlez_vous_français.mp3,Parlez-vous français ?
13254,Aimes_tu_les_vins_fr.mp3,Aimes-tu les vins français ?
6871901,Tom_n_a_pas_été_chez.mp3,Tom n'a pas été chez lui depuis octobre.
6668658,Nos_serveurs_seront_.mp3,Nos serveurs seront hors ligne le 20 octobre pour la maintenance prévue.
6525794,Mary_va_avoir_un_béb.mp3,Mary va avoir un bébé en octobre.
6396105,Nous_espérons_ouvrir.mp3,Nous espérons ouvrir en octobre.
6277007,Leur_contrat_expire_.mp3,Leur contrat expire le vingt octobre.
6058943,Je_retourne_en_Austr.mp3,Je retourne en Australie en octobre.
5814336,Une_audience_prélimi.mp3,Une audience préliminaire est prévue pour le 20 octobre.
5804403,Tom_devrait_revenir_.mp3,Tom devrait revenir d'ici octobre.
5803737,Nous_nous_marions_en.mp3,Nous nous marions en octobre.
5800029,Tom_est_né_le_20_oct.mp3,Tom est né le 20 octobre 2013.
5680657,Tom_n_a_pas_vu_Marie.mp3,Tom n'a pas vu Marie depuis le mois d'octobre.
5680628,Ma_femme_et_moi_avon.mp3,Ma femme et moi avons fait nos achats de Noël en octobre.
5663257,Je_vais_avoir_trente.mp3,Je vais avoir trente ans en octobre.
5626922,Le_public_a_été_aver.mp3,Le public a été averti le 20 octobre.
5621525,Nous_avons_jusqu_à_o.mp3,Nous avons jusqu'à octobre pour compléter notre plan.
5452590,Je_vais_me_marier_en.mp3,Je vais me marier en octobre.
5382918,Tom_a_plaidé_coupabl.mp3,Tom a plaidé coupable en octobre.
5371948,Nous_nous_sommes_mar.mp3,Nous nous sommes mariés le 20 octobre 2013.
5198077,Tom_et_Mary_ont_déci.mp3,Tom et Mary ont décidé de se marier en octobre.
4962151,Mary_attend_un_bébé_.mp3,Mary attend un bébé pour octobre.
4684839,Je_suis_né_en_octobr.mp3,Je suis né en octobre.
4534360,Repose_moi_la_questi.mp3,Repose-moi la question en octobre.
4534359,Redemande_moi_ça_en_.mp3,Redemande-moi ça en octobre.
4470603,Où_étais_tu_dans_la_.mp3,Où étais-tu dans la nuit du 20 octobre ?
4470601,Où_étiez_vous_dans_l.mp3,Où étiez-vous dans la nuit du 20 octobre ?
4036038,Mon_anniversaire_est.mp3,Mon anniversaire est le vingt octobre.
3585492,Tom_et_Marie_se_mari.mp3,Tom et Marie se marient en octobre.
2043949,Elle_lui_a_rendu_vis.mp3,Elle lui a rendu visite le 20 octobre.
2043945,Elle_lui_rendit_visi.mp3,Elle lui rendit visite le 20 octobre.
1902555,Spoutnik_fut_lancé_l.mp3,Spoutnik fut lancé le quatre octobre dix-neuf-cent-cinquante-sept.
1902554,Spoutnik_fut_lancé_l.mp3,Spoutnik fut lancé le quatre octobre mille-neuf-cent-cinquante-sept.
566633,Nous_sommes_le_trois.mp3,Nous sommes le trois octobre.
9971,C_est_le_trois_octob.mp3,C'est le trois octobre.
3642184,Vous_auriez_dû_appel.mp3,Vous auriez dû appeler les flics.
3591543,C_est_ce_que_tu_as_t.mp3,C'est ce que tu as toujours voulu.
1997649,Je_ne_vous_ai_jamais.mp3,Je ne vous ai jamais vue.
1293462,Faites_de_l_exercice.mp3,Faites de l'exercice à l'extérieur.
432721,Je_lis_un_livre_sur_.mp3,Je lis un livre sur les animaux.
352835,Éteins_la_lumière_.mp3,Éteins la lumière.
5959447,Vous_êtes_amoureuses.mp3,Vous êtes amoureuses.
5959446,Vous_êtes_amoureuse_.mp3,Vous êtes amoureuse.
5959444,Vous_êtes_amoureux_.mp3,Vous êtes amoureux.
5959443,Tu_es_amoureuse_.mp3,Tu es amoureuse.
5959442,Tu_es_amoureux_.mp3,Tu es amoureux.
5945554,Les_fantômes_sont_il.mp3,Les fantômes sont-ils réels ?
5933985,J_ai_vu_le_match_.mp3,J'ai vu le match.
5931612,C_est_celle_là_.mp3,C'est celle-là.
5931611,C_est_celui_là_.mp3,C'est celui-là.
5927161,J_ai_une_avocate_.mp3,J'ai une avocate.
5927160,J_ai_un_avocat_.mp3,J'ai un avocat.
5927018,J_ai_la_grippe_.mp3,J'ai la grippe.
5927003,J_ai_payé_en_espèce_.mp3,J'ai payé en espèce.
5920551,Il_me_faut_un_moucho.mp3,Il me faut un mouchoir.
5919820,Qu_est_ce_qu_il_y_a_.mp3,Qu'est-ce qu'il y a à l'intérieur ?
5919819,Qu_y_a_t_il_à_l_inté.mp3,Qu'y a-t-il à l'intérieur ?
5919785,Donnez_moi_une_servi.mp3,Donnez-moi une serviette.
5919784,Donne_moi_une_servie.mp3,Donne-moi une serviette.
5899404,Tom_a_l_air_calme_.mp3,Tom a l'air calme.
5899403,Tom_semble_calme_.mp3,Tom semble calme.
5891602,Vous_pouvez_le_faire.mp3,Vous pouvez le faire.
5865620,Je_suis_coincé_ici_.mp3,Je suis coincé ici.
5857658,J_aime_faire_la_fête.mp3,J'aime faire la fête.
5835033,Quelles_en_sont_les_.mp3,Quelles en sont les causes ?
5822290,Tom_est_spécial_.mp3,Tom est spécial.
5820610,Vous_êtes_ma_patronn.mp3,Vous êtes ma patronne.
5820609,Vous_êtes_mon_patron.mp3,Vous êtes mon patron.
5820608,Tu_es_ma_patronne_.mp3,Tu es ma patronne.
5820607,Tu_es_mon_patron_.mp3,Tu es mon patron.
5820511,Dites_moi__s_il_vous.mp3,"Dites-moi, s'il vous plaît."
5820510,Dis_moi__s_il_te_pla.mp3,"Dis-moi, s'il te plaît."
5816577,J_ai_presque_oublié_.mp3,J'ai presque oublié.
5816538,Je_suis_plutôt_timid.mp3,Je suis plutôt timide.
5803809,Tom_les_apprécie_.mp3,Tom les apprécie.
5803808,Tom_les_aime_.mp3,Tom les aime.
5803738,Pouvons_nous_le_prou.mp3,Pouvons-nous le prouver ?
5783273,Je_vient_de_le_dire_.mp3,Je vient de le dire à Tom.
5783221,Tom_se_sentait_très_.mp3,Tom se sentait très bien.
5783156,Qui_a_été_tué__.mp3,Qui a été tué ?
5752768,Es_tu_assuré__.mp3,Es-tu assuré ?
5752767,Êtes_vous_assuré__.mp3,Êtes-vous assuré ?
5726881,J_ai_rencontré_Tom_l.mp3,J'ai rencontré Tom là-bas.
5724117,Qui_vous_a_appelé__.mp3,Qui vous a appelé ?
5724116,Qui_t_a_appelé__.mp3,Qui t'a appelé ?
5702735,Appelons_Tom_.mp3,Appelons Tom.
5702701,Nous_devons_y_aller_.mp3,Nous devons y aller maintenant.
5702669,Le_bébé_a_pleuré_.mp3,Le bébé a pleuré.
5702623,J_aime_les_vieilles_.mp3,J'aime les vieilles voitures.
5698075,Soyons_clairs_.mp3,Soyons clairs.
5698074,J_imagine_que_c_est_.mp3,J'imagine que c'est bon.
5698073,J_imagine_que_ça_va_.mp3,J'imagine que ça va.
5688386,Je_veux_un_beignet_.mp3,Je veux un beignet.
5647389,Je_peux_aider_Tom_.mp3,Je peux aider Tom.
5647379,Êtes_vous_habillées_.mp3,Êtes-vous habillées ?
5647378,Êtes_vous_habillée__.mp3,Êtes-vous habillée ?
5647377,Êtes_vous_habillés__.mp3,Êtes-vous habillés ?
5647375,Êtes_vous_habillé__.mp3,Êtes-vous habillé ?
5647374,Es_tu_habillée__.mp3,Es-tu habillée ?
5647373,Es_tu_habillé__.mp3,Es-tu habillé ?
5626906,Tom_l_a_arrêtée_.mp3,Tom l'a arrêtée.
5626904,Tom_l_a_arrêté_.mp3,Tom l'a arrêté.
5626903,Tom_l_arrêta_.mp3,Tom l'arrêta.
5591367,Vous_n_êtes_pas_Tom_.mp3,Vous n'êtes pas Tom.
5591366,Tu_n_es_pas_Tom_.mp3,Tu n'es pas Tom.
5579368,Tom_l_a_t_il_trouvée.mp3,Tom l'a-t-il trouvée ?
5579367,Tom_l_a_t_il_trouvé_.mp3,Tom l'a-t-il trouvé ?
5579299,Je_suis_l_un_d_entre.mp3,Je suis l'un d'entre vous.
5579298,Je_suis_l_un_de_vous.mp3,Je suis l'un de vous.
5579294,Je_peux_le_prouver_.mp3,Je peux le prouver.
5576566,J_ai_les_clés_.mp3,J'ai les clés.
5573172,Tom_fait_ses_valises.mp3,Tom fait ses valises.
5573171,Tom_fait_ses_bagages.mp3,Tom fait ses bagages.
5572891,Avez_vous_dit_trente.mp3,Avez-vous dit trente ?
5572890,As_tu_dit_trente__.mp3,As-tu dit trente ?
5572884,Tom_n_est_pas_riche_.mp3,Tom n'est pas riche.
5535091,Est_ce_que_Tom_trava.mp3,Est-ce que Tom travaille ?
5535080,Tom_lui_fait_confian.mp3,Tom lui fait confiance.
5494712,Tom_meurt_de_faim_.mp3,Tom meurt de faim.
5494711,Tom_est_affamé_.mp3,Tom est affamé.
5493354,Donnez_moi_une_bière.mp3,Donnez-moi une bière.
5493353,Donne_moi_une_bière_.mp3,Donne-moi une bière.
5458236,Nous_sommes_obéissan.mp3,Nous sommes obéissants.
5452588,Vous_aviez_besoin_de.mp3,Vous aviez besoin de moi.
5452586,Tu_avais_besoin_de_m.mp3,Tu avais besoin de moi.
5452542,Tom_a_l_air_perdu_.mp3,Tom a l'air perdu.
5452541,Tom_semble_perdu_.mp3,Tom semble perdu.
5430676,Tom_a_besoin_d_aide_.mp3,Tom a besoin d'aide.
5430642,Je_ne_peux_pas_l_uti.mp3,Je ne peux pas l'utiliser.
5411113,C_est_si_joli_.mp3,C'est si joli.
5406025,C_est_tout_à_vous_.mp3,C'est tout à vous.
5406024,Il_est_tout_à_toi_.mp3,Il est tout à toi.
5406022,C_est_tout_à_toi_.mp3,C'est tout à toi.
5405973,Tu_es_précise_.mp3,Tu es précise.
5405971,Tu_es_précis_.mp3,Tu es précis.
5405969,Vous_êtes_précis_.mp3,Vous êtes précis.
5403672,Est_ce_qu_elle_te_ma.mp3,Est-ce qu'elle te manque ?
5403671,Te_manque_t_elle__.mp3,Te manque-t-elle ?
5403669,Est_ce_qu_il_vous_ma.mp3,Est-ce qu'il vous manque ?
5403667,Vous_manque_t_il__.mp3,Vous manque-t-il ?
5403665,Ça_te_manque__.mp3,Ça te manque ?
5396464,Étaient_elles_bonnes.mp3,Étaient-elles bonnes ?
5396463,Étaient_ils_bons__.mp3,Étaient-ils bons ?
5393620,Tom_n_est_pas_débile.mp3,Tom n'est pas débile.
5393600,Continuez_à_chercher.mp3,Continuez à chercher.
5393599,Continue_à_chercher_.mp3,Continue à chercher.
5391144,Elles_veulent_ceci_.mp3,Elles veulent ceci.
5391143,Ils_veulent_ceci_.mp3,Ils veulent ceci.
5389598,Qui_veut_ceci__.mp3,Qui veut ceci ?
5389565,Est_ce_que_vous_save.mp3,Est-ce que vous savez pourquoi ?
5389564,Est_ce_que_tu_sais_p.mp3,Est-ce que tu sais pourquoi ?
5389563,Savez_vous_pourquoi_.mp3,Savez-vous pourquoi ?
5389562,Sais_tu_pourquoi__.mp3,Sais-tu pourquoi ?
5389556,Prends_soin_de_Tom_.mp3,Prends soin de Tom.
5389527,Ça_avait_l_air_réel_.mp3,Ça avait l'air réel.
5386551,Vous_restez_ici_.mp3,Vous restez ici.
5386550,Tu_restes_ici_.mp3,Tu restes ici.
5386530,Vous_êtes_géniale_.mp3,Vous êtes géniale.
5386529,Tu_es_géniale_.mp3,Tu es géniale.
5386528,Vous_êtes_génial_.mp3,Vous êtes génial.
5386527,Tu_es_génial_.mp3,Tu es génial.
5386404,Passez_moi_une_servi.mp3,Passez-moi une serviette.
5386403,Passe_moi_une_servie.mp3,Passe-moi une serviette.
5381091,Tom_reste_.mp3,Tom reste.
5377558,Vous_aimeriez_Tom_.mp3,Vous aimeriez Tom.
5377557,Tu_aimerais_Tom_.mp3,Tu aimerais Tom.
5375605,J_ai_promis_à_Tom_.mp3,J'ai promis à Tom.
5375582,Je_peux_vous_entendr.mp3,Je peux vous entendre.
5375581,Je_peux_t_entendre_.mp3,Je peux t'entendre.
5375092,Tom_vous_fait_confia.mp3,Tom vous fait confiance.
5375091,Tom_te_fait_confianc.mp3,Tom te fait confiance.
5371942,Tu_es_insaisissable_.mp3,Tu es insaisissable.
5371941,Vous_êtes_insaisissa.mp3,Vous êtes insaisissable.
5371937,Je_le_gronderai_.mp3,Je le gronderai.
5369512,Ça_fonctionnera_doré.mp3,Ça fonctionnera dorénavant.
5366505,Pouvez_vous_le_voir_.mp3,Pouvez-vous le voir ?
5366504,Peux_tu_le_voir__.mp3,Peux-tu le voir ?
5364612,C_était_tellement_bo.mp3,C'était tellement bon.
5364611,C_était_si_bon_.mp3,C'était si bon.
5364602,Tom_a_besoin_de_ceci.mp3,Tom a besoin de ceci.
5364513,Comment_as_tu_fait__.mp3,Comment as-tu fait ?
5359167,Tom_est_mort_à_soixa.mp3,Tom est mort à soixante-cinq ans.
5359060,Je_pourrais_être_le_.mp3,Je pourrais être le prochain.
5359048,Elles_adorent_Tom_.mp3,Elles adorent Tom.
5359047,Ils_adorent_Tom_.mp3,Ils adorent Tom.
5353332,J_ai_dit_que_j_allai.mp3,J'ai dit que j'allais bien.
5353213,Je_tiens_un_journal_.mp3,Je tiens un journal.
5350936,Je_ne_suis_pas_racis.mp3,Je ne suis pas raciste.
5347953,J_ai_besoin_de_vous_.mp3,J'ai besoin de vous maintenant.
5347951,J_ai_besoin_de_toi_m.mp3,J'ai besoin de toi maintenant.
5344241,Tom_l_a_t_il_acheté_.mp3,Tom l'a-t-il acheté ?
5344145,Je_suis_méthodique_.mp3,Je suis méthodique.
5326437,C_était_sucré_.mp3,C'était sucré.
5326435,C_était_agréable_.mp3,C'était agréable.
5326390,Mange_plus_de_fruits.mp3,Mange plus de fruits.
5326389,Mangez_plus_de_fruit.mp3,Mangez plus de fruits.
5326371,Laissons_Tom_décider.mp3,Laissons Tom décider.
5326370,Laissez_Tom_décider_.mp3,Laissez Tom décider.
5326369,Laisse_Tom_décider_.mp3,Laisse Tom décider.
5324639,Tom_est_en_train_de_.mp3,Tom est en train de parler.
5324625,N_as_tu_pas_chaud__.mp3,N'as-tu pas chaud ?
5315565,Vous_êtes_si_méchant.mp3,Vous êtes si méchantes.
5315564,Vous_êtes_si_méchant.mp3,Vous êtes si méchants.
5315563,Vous_êtes_si_méchant.mp3,Vous êtes si méchante.
5315562,Tu_es_si_méchante_.mp3,Tu es si méchante.
5315561,Tu_es_si_méchant_.mp3,Tu es si méchant.
5315560,Vous_êtes_si_méchant.mp3,Vous êtes si méchant.
5315519,J_adore_celui_ci_.mp3,J'adore celui-ci.
5314076,Êtes_vous_sincère__.mp3,Êtes-vous sincère ?
5314075,Es_tu_sincère__.mp3,Es-tu sincère ?
5313977,Le_déjeuner_est_il_p.mp3,Le déjeuner est-il prêt ?
5313975,Est_ce_que_le_déjeun.mp3,Est-ce que le déjeuner est prêt ?
5311661,Je_gérerai_ça_.mp3,Je gérerai ça.
5306803,Ne_me_juge_pas_.mp3,Ne me juge pas.
5306802,Ne_me_jugez_pas_.mp3,Ne me jugez pas.
5302828,C_était_bizarre_.mp3,C'était bizarre.
5291386,Tom_sait_ça_.mp3,Tom sait ça.
5291385,Tom_le_sait_.mp3,Tom le sait.
3262350,Peux_tu_nous_aider__.mp3,Peux-tu nous aider ?
946669,Elle_n_est_pas_capab.mp3,Elle n'est pas capable de nager.
742186,Nous_sommes_médecins.mp3,Nous sommes médecins.
139226,Il_perdit_son_travai.mp3,Il perdit son travail.
135193,J_ai_deux_voitures_.mp3,J'ai deux voitures.
129863,Ne_sois_pas_stupide_.mp3,Ne sois pas stupide.
6308005,Je_préfère_rester_ch.mp3,Je préfère rester chez moi.
6308004,Je_préfère_rester_ic.mp3,Je préfère rester ici.
6307979,C_est_un_film_polici.mp3,C'est un film policier.
6307976,C_est_un_film_d_acti.mp3,C'est un film d'action.
6307975,C_est_une_comédie_.mp3,C'est une comédie.
6307972,C_est_un_film_japona.mp3,C'est un film japonais.
6307946,Je_viens_seulement_l.mp3,Je viens seulement le mardi et le jeudi.
6307944,Je_viens_tous_les_jo.mp3,Je viens tous les jours sauf le samedi et le dimanche.
6307943,Je_viens_tous_les_jo.mp3,Je viens tous les jours.
6275819,Tu_es_allé_où__hier_.mp3,"Tu es allé où, hier ?"
6275806,J_ai_téléphoné_à_mon.mp3,J'ai téléphoné à mon père.
6275787,Vous_allez_souvent_à.mp3,Vous allez souvent à la piscine ?
6275786,Vous_allez_souvent_à.mp3,Vous allez souvent à Tokyo ?
6275784,Vous_allez_souvent_a.mp3,Vous allez souvent au cinéma ?
6275766,En_général__vous_fai.mp3,"En général, vous faites quoi le week-end ?"
6219300,Elle_est_lycéenne_.mp3,Elle est lycéenne.
6219299,Quel_âge_a_votre_pet.mp3,Quel âge a votre petite sœur ?
6219298,Quel_âge_a_votre_pet.mp3,Quel âge a votre petit frère ?
6219297,J_habite_avec_ma_fam.mp3,J'habite avec ma famille.
6219296,J_habite_avec_mes_pa.mp3,J'habite avec mes parents.
6219294,Vous_habitez_seul__.mp3,Vous habitez seul ?
6219291,Je_n_ai_pas_de_frère.mp3,Je n'ai pas de frère mais j'ai deux sœurs.
6219281,Excusez_moi_mais_je_.mp3,Excusez-moi mais je ne comprends pas.
6134190,Nous_te_demandons_de.mp3,Nous te demandons de ne pas faire ça.
6134189,Nous_vous_demandons_.mp3,Nous vous demandons de ne pas faire cela.
6083170,Travaillez_vous_lund.mp3,Travaillez-vous lundi ?
6083118,Avez_vous_déjà_rêvé_.mp3,Avez-vous déjà rêvé de moi ?
6083117,As_tu_déjà_rêvé_de_m.mp3,As-tu déjà rêvé de moi ?
6069358,J_ai_fait_chauffer_l.mp3,J'ai fait chauffer les pâtes trop longtemps.
6069340,Tu_sembles_en_connaî.mp3,Tu sembles en connaître beaucoup sur moi.
6069240,Nous_avons_discuté_d.mp3,Nous avons discuté de beaucoup de choses.
6067070,As_tu_encore_soif__.mp3,As-tu encore soif ?
6000540,J_ai_dit_ce_que_j_av.mp3,J'ai dit ce que j'avais à dire.
5959515,Je_n_ai_jamais_fait_.mp3,Je n'ai jamais fait cela auparavant.
5955813,Je_n_étais_pas_là_ba.mp3,Je n'étais pas là-bas à cette époque.
5955812,Je_n_y_étais_pas_à_c.mp3,Je n'y étais pas à ce moment-là.
5951329,Que_peux_tu_me_dire_.mp3,Que peux-tu me dire sur ça ?
5951328,Que_pouvez_vous_me_d.mp3,Que pouvez-vous me dire à propos de cela ?
5951306,Comment_dit_on___lov.mp3,Comment dit-on « love » en français ?
5945463,Tu_n_aurais_jamais_d.mp3,Tu n'aurais jamais dû faire ça.
5943420,Je_vous_effraie__n_e.mp3,"Je vous effraie, n'est-ce pas ?"
5943419,Vous_avez_peur_de_mo.mp3,"Vous avez peur de moi, n'est-ce pas ?"
5943418,Tu_as_peur_de_moi__n.mp3,"Tu as peur de moi, n'est-ce pas ?"
5939177,Où_ces_photos_ont_el.mp3,Où ces photos ont-elles été prises ?
5939128,J_ai_moi_même_un_pet.mp3,J'ai moi-même un petit peu soif.
5927188,Est_ce_ta_nouvelle_p.mp3,Est-ce ta nouvelle petite amie ?
5927171,Je_me_suis_acheté_un.mp3,Je me suis acheté une petite voiture.
5923298,Si_elles_nous_trouve.mp3,"Si elles nous trouvent, nous sommes morts."
5923297,S_ils_nous_trouvent_.mp3,"S'ils nous trouvent, nous sommes morts."
5920416,Tom_essaye_de_casser.mp3,Tom essaye de casser le verrou.
5920269,Tom_est_au_lit_avec_.mp3,Tom est au lit avec un rhume.
5912796,Beaucoup_de_personne.mp3,Beaucoup de personnes pensent que je suis fou.
5906464,Je_dois_vous_demande.mp3,Je dois vous demander quelque chose.
5906463,Je_dois_te_demander_.mp3,Je dois te demander quelque chose.
5896077,Je_ne_savais_pas_ce_.mp3,Je ne savais pas ce que ça voulait dire.
5894717,Ce_que_Tom_a_dit_n_a.mp3,Ce que Tom a dit n'avait pas de sens.
5894705,Nous_devons_sortir_T.mp3,Nous devons sortir Tom de là.
5894697,Je_ne_savais_pas_que.mp3,Je ne savais pas que Tom était mourant.
5866221,Je_ne_pense_pas_que_.mp3,Je ne pense pas que cela soit assez.
5865650,J_ai_oublié_l_annive.mp3,J'ai oublié l'anniversaire de ma femme.
5865640,Donnons_un_peu_d_int.mp3,Donnons un peu d'intimité à Tom.
5865636,Je_savais_que_Tom_ne.mp3,Je savais que Tom ne serait pas ici.
5865600,Tom_est_beau_et_char.mp3,Tom est beau et charismatique.
5857604,Tout_est_différent_m.mp3,Tout est différent maintenant.
5843917,Pourquoi_avez_vous_s.mp3,Pourquoi avez-vous signé l'aveu ?
5835117,Vous_pensez_que_je_s.mp3,"Vous pensez que je suis stupide, n'est-ce pas ?"
5835116,Tu_penses_que_je_sui.mp3,"Tu penses que je suis stupide, n'est-ce pas ?"
5829824,J_admire_la_persévér.mp3,J'admire la persévérance de Tom.
5822346,Peux_tu_parler_de_ça.mp3,Peux-tu parler de ça un peu ?
5822318,Je_pourrais_vous_dir.mp3,Je pourrais vous dire qui l'a fait.
5822317,Je_pourrais_te_dire_.mp3,Je pourrais te dire qui l'a fait.
5820643,Qui_pourrait_bien_cr.mp3,Qui pourrait bien croire ceci ?
5820522,Tom_a_ouvert_le_coff.mp3,Tom a ouvert le coffre de la voiture.
5820482,Tom_a_lavé_la_voitur.mp3,Tom a lavé la voiture ce matin.
5814344,Pourrais_tu_attendre.mp3,Pourrais-tu attendre une minute ?
5814343,Pourriez_vous_attend.mp3,Pourriez-vous attendre une minute ?
5814329,Je_dois_passer_un_au.mp3,Je dois passer un autre coup de fil.
5814328,Je_dois_passer_un_au.mp3,Je dois passer un autre appel.
5814297,C_est_calme_.mp3,C'est calme.
5814265,J_ai_dit_à_Tom_de_co.mp3,J'ai dit à Tom de continuer à se battre.
5814254,Je_pense_que_Tom_est.mp3,Je pense que Tom est un bon entraîneur.
5803856,Hier__un_camion_a_pe.mp3,"Hier, un camion a percuté ce mur."
5803794,Je_ne_sais_pas_où_vo.mp3,Je ne sais pas où vous travaillez.
5803793,Je_ne_sais_pas_où_tu.mp3,Je ne sais pas où tu travailles.
5803742,Je_suis_complètement.mp3,Je suis complètement d'accord avec Tom.
5803674,C_était_intéressant_.mp3,C'était intéressant.
5801058,Tom_souffre_de_claus.mp3,Tom souffre de claustrophobie.
5800908,Quel_genre_de_tatoua.mp3,Quel genre de tatouages voulez-vous ?
5800905,Quel_genre_de_tatoua.mp3,Quel genre de tatouage veux-tu ?
5792026,Tom_ne_voulait_pas_ê.mp3,Tom ne voulait pas être impliqué.
5791940,Je_ne_voulais_pas_qu.mp3,Je ne voulais pas que Tom démissionne.
5783267,Où_est_le_bureau_de_.mp3,Où est le bureau de poste le plus proche ?
5750430,J_aurais_dû_changer_.mp3,J'aurais dû changer l'huile.
5741704,Je_n_ai_pas_pu_saisi.mp3,Je n'ai pas pu saisir cette chance.
5741646,Je_pense_que_je_fera.mp3,Je pense que je ferais mieux d'appeler Tom.
5730115,Ça_s_est_passé_il_y_.mp3,Ça s'est passé il y a trois heures.
5726927,Tom_est_beaucoup_plu.mp3,Tom est beaucoup plus grand que toi.
5726833,C_est_une_excellente.mp3,C'est une excellente journée pour une randonnée.
5724285,De_quoi_veulent_elle.mp3,De quoi veulent-elles parler ?
5724284,De_quoi_veulent_ils_.mp3,De quoi veulent-ils parler ?
5724124,Tom_est_bien_plus_vi.mp3,Tom est bien plus vieux qu'il n'en a l'air.
5708077,Je_mange_de_la_viand.mp3,Je mange de la viande presque tous les jours.
5706272,J_ai_entendu_tout_ce.mp3,J'ai entendu tout ce que tu as dit.
5706271,J_ai_entendu_tout_ce.mp3,J'ai entendu tout ce que vous avez dit.
5702677,Je_vous_ai_dit_que_c.mp3,Je vous ai dit que c'était dangereux.
5702675,Je_t_ai_dit_que_c_ét.mp3,Je t'ai dit que c'était dangereux.
5702664,Je_n_étais_pas_en_se.mp3,Je n'étais pas en service à ce moment-là.
5702613,J_essayais_de_vous_p.mp3,J'essayais de vous parler.
5702612,J_essayais_de_te_par.mp3,J'essayais de te parler.
5688370,Ce_n_est_pas_notre_r.mp3,Ce n'est pas notre responsabilité.
5688369,Je_pensais_que_Tom_é.mp3,Je pensais que Tom était en prison.
5688363,Nous_devons_nous_occ.mp3,Nous devons nous occuper de cela d'abord.
5685900,Nous_avons_une_relat.mp3,Nous avons une relation inhabituelle.
5671463,Il_fait_très_froid_c.mp3,Il fait très froid ce soir.
5662011,Je_ne_pense_pas_que_.mp3,Je ne pense pas que j'irai aujourd'hui.
5660472,Pourquoi_êtes_vous_s.mp3,Pourquoi êtes-vous si dure avec vous-même ?
5660471,Pourquoi_es_tu_si_du.mp3,Pourquoi es-tu si dur avec toi-même ?
5660368,Je_prévois_de_ne_jam.mp3,Je prévois de ne jamais me marier.
5649582,Tom_sait_que_je_ne_l.mp3,Tom sait que je ne l'aime pas.
5649435,Vous_ne_saviez_vraim.mp3,"Vous ne saviez vraiment pas, n'est-ce pas ?"
5649434,Tu_ne_savais_vraimen.mp3,"Tu ne savais vraiment pas, n'est-ce pas ?"
5647311,Vous_devriez_écouter.mp3,Vous devriez écouter son conseil.
5647309,Tu_devrais_écouter_s.mp3,Tu devrais écouter son conseil.
5640841,Je_ne_peux_supporter.mp3,Je ne peux supporter de la voir pleurer.
5640814,Parlons_un_peu_de_ce.mp3,Parlons un peu de cela.
5636759,Où_vas_tu_habituelle.mp3,Où vas-tu habituellement pêcher ?
5630323,Tu_aurais_dû_te_leve.mp3,Tu aurais dû te lever plus tôt.
5626973,Tom_a_dit_que_vous_é.mp3,Tom a dit que vous étiez bons aux échecs.
5626972,Tom_a_dit_que_tu_éta.mp3,Tom a dit que tu étais bon aux échecs.
5626971,Puis_je_avoir_ton_at.mp3,"Puis-je avoir ton attention, s'il te plaît ?"
5626951,Aucune_inscription_n.mp3,Aucune inscription n'est requise.
5626918,Tom_était_étendu_sur.mp3,Tom était étendu sur un canapé.
5619349,Je_ne_trouve_personn.mp3,Je ne trouve personne à qui demander.
5619335,Nous_ne_sommes_parve.mp3,Nous ne sommes parvenus à aucune conclusion.
5619292,Nous_ne_travaillons_.mp3,Nous ne travaillons plus pour Tom.
5619285,Je_ne_peux_pas_être_.mp3,Je ne peux pas être tenu responsable.
5619265,Donne_moi_une_minute.mp3,"Donne-moi une minute, tu veux ?"
5616183,Je_n_ai_rien_dit_à_T.mp3,Je n'ai rien dit à Tom.
5603496,Que_faisais_tu_avant.mp3,Que faisais-tu avant ça ?
5603495,Que_faisiez_vous_ava.mp3,Que faisiez-vous avant ceci ?
5603458,Vous_étiez_très_occu.mp3,"Vous étiez très occupées, n'est-ce pas ?"
5603457,Vous_étiez_très_occu.mp3,"Vous étiez très occupés, n'est-ce pas ?"
5603456,Vous_étiez_très_occu.mp3,"Vous étiez très occupée, n'est-ce pas ?"
5603455,Vous_étiez_très_occu.mp3,"Vous étiez très occupé, n'est-ce pas ?"
5603454,Tu_étais_très_occupé.mp3,"Tu étais très occupée, n'est-ce pas ?"
5603453,Tu_étais_très_occupé.mp3,"Tu étais très occupé, n'est-ce pas ?"
5600039,Je_peux_vous_montrer.mp3,Je peux vous montrer les photos.
5600038,Je_peux_te_montrer_l.mp3,Je peux te montrer les images.
5599986,Je_suis_ici_pour_voi.mp3,Je suis ici pour voir le gérant.
5599807,Vous_auriez_dû_vous_.mp3,Vous auriez dû vous lever plus tôt.
5594148,Quel_genre_de_poisso.mp3,Quel genre de poisson est votre préféré ?
5594130,Vous_êtes_sûrs_de_ne.mp3,Vous êtes sûrs de ne vouloir que de l'eau ?
5594127,Tu_es_sûr_que_tu_ne_.mp3,Tu es sûr que tu ne veux que de l'eau ?
5594121,Tom_m_a_donné_tout_c.mp3,Tom m'a donné tout ce dont j'avais besoin.
5594113,Je_ne_leur_ai_rien_d.mp3,Je ne leur ai rien donné.
5591389,Tom_habite_au_dessus.mp3,Tom habite au-dessus de chez moi.
5591346,Je_ne_reviendrai_pas.mp3,Je ne reviendrai pas avant un moment.
5589087,Tom_savait_que_quelq.mp3,Tom savait que quelque chose n'allait pas.
5589084,Tom_va_traverser_la_.mp3,Tom va traverser la rivière.
5579301,Tom_dit_qu_il_détest.mp3,Tom dit qu'il déteste étudier.
5576644,D_abord__parlons_de_.mp3,"D'abord, parlons de Tom."
5573184,Nous_nous_attendions.mp3,Nous nous attendions à beaucoup de neige.
5573157,Je_n_ai_pas_fini_mon.mp3,Je n'ai pas fini mon déjeuner.
5535121,Comment_cela_pourrai.mp3,Comment cela pourrait ne pas vous déranger ?
5535119,Comment_ça_pourrait_.mp3,Comment ça pourrait ne pas vous déranger ?
5535082,Appelez_moi_si_vous_.mp3,Appelez-moi si vous avez des problèmes.
5535081,Appelle_moi_si_tu_as.mp3,Appelle-moi si tu as des problèmes.
5535013,Ta_prononciation_est.mp3,Ta prononciation est excellente.
5535011,Votre_prononciation_.mp3,Votre prononciation est excellente.
5524471,Harvard_fut_fondé_en.mp3,Harvard fut fondé en 1636.
5524355,Vous_auriez_dû_le_fa.mp3,Vous auriez dû le faire avec nous.
5524354,Tu_aurais_dû_le_fair.mp3,Tu aurais dû le faire avec nous.
5503652,Tom_n_est_toujours_p.mp3,Tom n'est toujours pas très convaincu.
5503650,Je_vous_ai_dit_de_ne.mp3,Je vous ai dit de ne pas venir ici.
5503649,Je_t_ai_dit_de_ne_pa.mp3,Je t'ai dit de ne pas venir ici.
5503572,Tom_a_dit_qu_il_paie.mp3,Tom a dit qu'il paierait la facture.
5494750,Acheter_de_la_cocaïn.mp3,Acheter de la cocaïne est illégal.
5490123,Tout_ce_dont_nous_av.mp3,"Tout ce dont nous avons besoin, c'est d'un peu de patience."
5490041,Est_ce_ce_que_vous_v.mp3,Est-ce ce que vous voulez faire ?
5490037,Est_ce_ce_que_tu_veu.mp3,Est-ce ce que tu veux faire ?
5461555,Combien_d_enfants_y_.mp3,Combien d'enfants y a-t-il ?
5458232,Tom_m_a_présenté_sa_.mp3,Tom m'a présenté sa sœur.
5452301,J_étudie_à_l_univers.mp3,J'étudie à l'université.
5441356,J_ai_décidé_d_y_alle.mp3,J'ai décidé d'y aller en train.
5441314,J_ai_toujours_aimé_c.mp3,J'ai toujours aimé ce nom.
5441276,J_ai_aidé_Tom_à_fair.mp3,J'ai aidé Tom à faire quelques corvées.
5430789,Je_n_ai_jamais_fait_.mp3,Je n'ai jamais fait une telle promesse.
5424249,C_était_très_sympa_.mp3,C'était très sympa.
5419994,Je_cherche_le_gérant.mp3,Je cherche le gérant.
5419979,Personne_ne_va_vous_.mp3,Personne ne va vous blâmer.
5419978,Personne_ne_va_te_bl.mp3,Personne ne va te blâmer.
5419868,Comment_vous_sentez_.mp3,Comment vous sentez-vous ce soir ?
5419867,Comment_te_sens_tu_c.mp3,Comment te sens-tu ce soir ?
5411299,Tom_est_toujours_ouv.mp3,Tom est toujours ouvert aux nouvelles idées.
5411285,Je_suis_resté_debout.mp3,Je suis resté debout jusqu'à tard hier soir.
5406007,Je_dois_admettre_que.mp3,Je dois admettre que je suis curieux.
5405988,Oh__allez__ne_sois_p.mp3,"Oh, allez, ne sois pas effrayé."
5403657,Tom_a_fait_du_mieux_.mp3,Tom a fait du mieux qu'il pouvait.
5402454,Pour_quel_départemen.mp3,Pour quel département travailles-tu ?
5402452,Dans_quel_départemen.mp3,Dans quel département travaillez-vous ?
5402450,Je_ne_vous_ai_pas_vu.mp3,Je ne vous ai pas vus depuis des semaines.
5402449,Je_ne_vous_ai_pas_vu.mp3,Je ne vous ai pas vu depuis des semaines.
5402448,Je_ne_vous_ai_pas_vu.mp3,Je ne vous ai pas vues depuis des semaines.
5402446,Je_ne_t_ai_pas_vue_d.mp3,Je ne t'ai pas vue depuis des semaines.
5402445,Je_ne_vous_ai_pas_vu.mp3,Je ne vous ai pas vue depuis des semaines.
5402444,Je_ne_t_ai_pas_vu_de.mp3,Je ne t'ai pas vu depuis des semaines.
5402341,Que_sais_tu_de_tout_.mp3,Que sais-tu de tout ceci ?
5402340,Que_savez_vous_de_to.mp3,Que savez-vous de tout ceci ?
5399646,Je_n_ai_toujours_pas.mp3,Je n'ai toujours pas décidé.
5396545,Je_suis_jamais_venu_.mp3,Je suis jamais venu ici auparavant.
5396406,Je_ne_leur_reproche_.mp3,Je ne leur reproche pas ceci.
5396404,Je_ne_les_blâme_pas_.mp3,Je ne les blâme pas pour ceci.
5393653,J_ai_dit_à_Tom_de_ne.mp3,J'ai dit à Tom de ne pas utiliser ceux-là.
5393547,C_était_très_intéres.mp3,C'était très intéressant.
5391403,C_était_la_seule_cho.mp3,C'était la seule chose à faire.
5391223,Nous_ne_savons_même_.mp3,Nous ne savons même pas si c'est vrai.
5389516,Tom_commençait_à_se_.mp3,Tom commençait à se sentir fatigué.
5389510,Je_savais_que_tu_gâc.mp3,Je savais que tu gâcherais les choses.
5389509,Je_savais_que_vous_s.mp3,Je savais que vous sèmeriez la pagaille.
5389500,Tom_pensait_qu_il_al.mp3,Tom pensait qu'il allait mourir.
5382942,Mes_parents_sont_en_.mp3,Mes parents sont en Australie.
5382874,Je_m_excuse_de_ma_gr.mp3,Je m'excuse de ma grossièreté.
5382873,Je_m_excuse_de_mon_i.mp3,Je m'excuse de mon impolitesse.
5382865,Où_voulez_vous_aller.mp3,Où voulez-vous aller demain ?
5380535,Je_savais_que_Tom_me.mp3,Je savais que Tom me pardonnerait.
5380462,Nous_nous_parlons_to.mp3,Nous nous parlons tous les jours.
5377476,Ce_n_est_pas_à_vous_.mp3,"Ce n'est pas à vous que je parle, Tom."
5377475,Ce_n_est_pas_à_toi_q.mp3,"Ce n'est pas à toi que je parle, Tom."
5377474,Je_ne_vous_parle_pas.mp3,"Je ne vous parle pas, Tom."
5377473,Je_ne_te_parle_pas__.mp3,"Je ne te parle pas, Tom."
5375640,Je_ne_sais_pas_pourq.mp3,Je ne sais pas pourquoi elles l'ont fait.
5375639,Je_ne_sais_pas_pourq.mp3,Je ne sais pas pourquoi ils l'ont fait.
5375638,Je_vis_assez_près_d_.mp3,Je vis assez près d'ici.
5375575,Je_n_étais_pas_sûr_d.mp3,Je n'étais pas sûr de pouvoir le faire.
5375559,Je_ne_peux_pas_te_di.mp3,Je ne peux pas te dire qui nous sommes.
5375558,Je_ne_peux_pas_vous_.mp3,Je ne peux pas vous dire qui nous sommes.
5375512,Je_n_aurais_pas_dû_i.mp3,Je n'aurais pas dû interférer.
5375511,Puis_je_vous_parler_.mp3,Puis-je vous parler de votre fils ?
5375510,Puis_je_te_parler_de.mp3,Puis-je te parler de ton fils ?
5372463,C_est_très_grand_.mp3,C'est très grand.
5372022,Nous_allons_devoir_f.mp3,Nous allons devoir faire ceci nous-mêmes.
5371899,Étudies_tu_le_frança.mp3,Étudies-tu le français tous les jours ?
5369784,Je_n_ai_jamais_été_b.mp3,Je n'ai jamais été bon en grammaire.
5369741,Je_ne_peux_pas_attei.mp3,Je ne peux pas atteindre l'étagère du haut.
5369650,Je_sais_que_Tom_ne_t.mp3,Je sais que Tom ne t'aime pas.
5369630,Je_ne_pense_pas_que_.mp3,Je ne pense pas que Tom mentirait.
5369618,C_est_difficile_de_v.mp3,C'est difficile de vous comprendre.
5369616,C_est_dur_de_te_comp.mp3,C'est dur de te comprendre.
5367275,Ce_n_est_pas_censé_ê.mp3,Ce n'est pas censé être amusant.
5366565,Tom_ne_va_pas_m_écou.mp3,Tom ne va pas m'écouter.
5366490,Tom_est_probablement.mp3,Tom est probablement dans le bâtiment.
5366474,J_aurais_dû_dire_que.mp3,J'aurais dû dire que j'étais occupé.
5366452,Je_resterai_près_de_.mp3,Je resterai près de la porte.
5359202,Y_a_t_il_des_pommes_.mp3,Y a-t-il des pommes sur l'arbre ?
5359037,Je_ne_vais_quasiment.mp3,Je ne vais quasiment jamais dans des musées.
5353215,Tom_est_allé_au_lycé.mp3,Tom est allé au lycée avec moi.
5350918,Comment_sais_tu_ce_q.mp3,Comment sais-tu ce qui est réel ?
5350917,Comment_savez_vous_c.mp3,Comment savez-vous ce qui est réel ?
5348054,Je_devrais_vous_dire.mp3,Je devrais vous dire quelque chose.
5348052,Je_devrais_te_dire_q.mp3,Je devrais te dire quelque chose.
5347928,Vous_feriez_mieux_d_.mp3,Vous feriez mieux d'essayer quelque chose d'autre.
5347926,Tu_ferais_mieux_d_es.mp3,Tu ferais mieux d'essayer quelque chose d'autre.
5347917,Pourquoi_portes_tu_t.mp3,Pourquoi portes-tu toujours ce chapeau ?
5347914,Pourquoi_portez_vous.mp3,Pourquoi portez-vous toujours ce chapeau ?
5347898,Je_vais_être_votre_a.mp3,Je vais être votre avocat.
5347897,Je_vais_être_ton_avo.mp3,Je vais être ton avocat.
5347423,Tom_n_avait_pas_peur.mp3,Tom n'avait pas peur de la police.
5347422,Tom_n_était_pas_effr.mp3,Tom n'était pas effrayé par la police.
5344199,Cela_arrive_toujours.mp3,Cela arrive toujours ainsi.
5342698,J_ai_apporté_une_pai.mp3,J'ai apporté une paire de ciseaux.
5334723,Je_pensais_que_Tom_é.mp3,Je pensais que Tom était à l'école.
5334721,J_ai_toujours_su_que.mp3,J'ai toujours su que vous reviendriez.
5334720,J_ai_toujours_su_que.mp3,J'ai toujours su que tu reviendrais.
5334682,Qui_va_payer_pour_to.mp3,Qui va payer pour tout ceci ?
5331707,Vous_m_avez_déjà_rac.mp3,Vous m'avez déjà raconté cette blague.
5331548,Je_ne_me_souviens_pa.mp3,Je ne me souviens pas du tout de vous.
5331547,Je_ne_me_rappelle_pa.mp3,Je ne me rappelle pas du tout de vous.
5329139,Je_suis_profondément.mp3,Je suis profondément offensé par ceci.
5329129,Plus_personne_ne_par.mp3,Plus personne ne parle à Tom.
5329103,J_ai_entendu_la_port.mp3,J'ai entendu la porte d'entrée claquer.
5329098,C_est_mon_boulot_de_.mp3,C'est mon boulot de te convaincre.
5329095,C_est_mon_travail_de.mp3,C'est mon travail de vous convaincre.
5326569,Je_crois_que_nous_en.mp3,Je crois que nous en avons vu assez.
5324623,N_avez_vous_pas_chau.mp3,N'avez-vous pas chaud ?
5324614,Connaissez_vous_le_f.mp3,Connaissez-vous le film « Avatar » ?
5324537,Je_me_considère_chan.mp3,Je me considère chanceux.
5324488,Tom_veut_que_tu_lui_.mp3,Tom veut que tu lui fasses une faveur.
5324487,Tom_veut_que_vous_lu.mp3,Tom veut que vous lui fassiez une faveur.
5324450,Prennent_ils_bien_so.mp3,Prennent-ils bien soin de vous ?
5324449,Prennent_ils_bien_so.mp3,Prennent-ils bien soin de toi ?
5314004,Mon_père_ne_me_laiss.mp3,Mon père ne me laisse pas conduire.
5311794,Cela_ne_va_pas_prend.mp3,Cela ne va pas prendre longtemps.
5311631,Il_ne_s_est_rien_pas.mp3,Il ne s'est rien passé d’inattendu.
5311624,Mangez_vous_du_riz_t.mp3,Mangez-vous du riz tous les jours ?
5306751,Comment_quelqu_un_pe.mp3,Comment quelqu'un peut-il être si stupide ?
5305019,Tom_a_été_tué_dans_l.mp3,Tom a été tué dans l'explosion.
5304999,J_ignore_si_je_peux_.mp3,J'ignore si je peux le faire.
5304998,Je_ne_sais_pas_si_je.mp3,Je ne sais pas si je peux le faire.
5304992,Je_n_ai_jamais_su_so.mp3,Je n'ai jamais su son prénom.
5297882,Tom_dit_qu_il_n_a_ri.mp3,Tom dit qu'il n'a rien à cacher.
5291364,Nous_serons_bientôt_.mp3,Nous serons bientôt probablement tous morts.
5289405,Ce_n_était_pas_bien_.mp3,Ce n'était pas bien.
5289276,Maintenant_je_compre.mp3,Maintenant je comprends tout.
5289128,Je_veux_être_candida.mp3,Je veux être candidat à la présidence.
5289126,Je_veux_savoir_qui_i.mp3,Je veux savoir qui ils sont.
5289125,Je_veux_continuer_à_.mp3,Je veux continuer à travailler ici.
5289124,Je_veux_garder_mes_e.mp3,Je veux garder mes enfants en sécurité.
5289123,Je_veux_entendre_ton.mp3,Je veux entendre ton opinion.
5289120,Je_veux_faire_partie.mp3,Je veux faire partie d'un groupe de rock.
5288923,Combien_coûtent_ces_.mp3,Combien coûtent ces pommes de terre ?
5247261,J_ai_mangé_une_banan.mp3,J'ai mangé une banane.
5241657,Je_vais_faire_les_co.mp3,Je vais faire les courses.
5241637,Quel_genre_de_livre_.mp3,Quel genre de livre tu lis ?
4946503,J_étudie_de_temps_en.mp3,J'étudie de temps en temps...
4869032,Ça_te_plaît__.mp3,Ça te plaît ?
4737145,C_est_chaud_.mp3,C'est chaud.
4684069,Je_lis_des_bandes_de.mp3,Je lis des bandes dessinées.
4682026,J_étudie_le_français.mp3,J'étudie le français.
4612288,Aimez_vous_les_chats.mp3,Aimez-vous les chats ?
4602329,Quand_avez_vous_appr.mp3,Quand avez-vous appris à nager ?
4595440,Oui__ça_me_plaît_.mp3,"Oui, ça me plaît."
4595423,Je_sais_bien_cuisine.mp3,Je sais bien cuisiner.
4579510,Travaillez_vous_ici_.mp3,Travaillez-vous ici ?
4551133,C_est_plutôt_cher_.mp3,C'est plutôt cher.
4548407,C_est_cher_.mp3,C'est cher.
4548155,Avez_vous_des_frères.mp3,Avez-vous des frères ?
4547328,C_est_grand_.mp3,C'est grand.
4541931,Quelle_couleur_aimez.mp3,Quelle couleur aimez-vous ?
4534333,C_est_un_film_d_acti.mp3,C'est un film d'action ?
4479514,J_ai_un_grand_frère_.mp3,J'ai un grand frère et une grande sœur.
4472089,Quel_genre_de_souven.mp3,Quel genre de souvenirs est-ce que tu as acheté ?
4450864,Ce_n_était_pas_du_to.mp3,Ce n'était pas du tout intéressant.
4272541,C_est_très_beau_.mp3,C'est très beau.
4259958,Je_travaille_à_l_aér.mp3,Je travaille à l'aéroport.
4235495,Qu_allez_vous_faire_.mp3,Qu'allez-vous faire cet été ?
4230861,Je_vais_aller_faire_.mp3,Je vais aller faire une sieste.
4218383,Savez_vous_jouer_d_u.mp3,Savez-vous jouer d'un instrument ?
4218206,Je_ne_vais_pas_aller.mp3,Je ne vais pas aller à l'école aujourd'hui.
4128684,J_étudie_à_la_biblio.mp3,J'étudie à la bibliothèque.
4080929,C_est_vraiment_très_.mp3,C'est vraiment très moche.
3866921,Je_veux_manger_un_tr.mp3,Je veux manger un truc bon.
3866920,Je_veux_manger_un_st.mp3,Je veux manger un steak.
3777185,Non__pas_du_tout_.mp3,"Non, pas du tout."
3674303,Vous_aimez_la_musiqu.mp3,Vous aimez la musique ?
3669938,C_était_très_bien_.mp3,C'était très bien.
3627795,Où_êtes_vous_allé__.mp3,Où êtes-vous allé ?
3605783,Je_m_appelle_Pierre_.mp3,Je m'appelle Pierre.
3558523,Combien_de_fois_par_.mp3,Combien de fois par semaine mangez-vous en ville ?
3556094,Je_fais_le_ménage_.mp3,Je fais le ménage.
3556010,Tu_as_déjà_mangé_mex.mp3,Tu as déjà mangé mexicain ?
3526711,Qu_avez_vous_fait__.mp3,Qu'avez-vous fait ?
3513974,J_étais_amoureux_de_.mp3,"J'étais amoureux de toi, quand j'avais douze ans."
3464941,Que_vas_tu_faire_dem.mp3,Que vas-tu faire demain ?
3421778,Où_voulez_vous_aller.mp3,Où voulez-vous aller ?
3391824,Je_vais_aller_chez_t.mp3,Je vais aller chez toi demain.
3378621,Elle_est_étudiante_à.mp3,Elle est étudiante à la fac.
3364168,Je_ne_regarde_pas_la.mp3,Je ne regarde pas la télé.
3318466,Quelle_sorte_de_musi.mp3,Quelle sorte de musique aimez-vous ?
3307504,Il_est_étudiant_.mp3,Il est étudiant.
3288843,C_était_amusant_.mp3,C'était amusant.
3269278,Comment_dit_on___hel.mp3,Comment dit-on « hello » en français ?
3259536,Quel_est_votre_nom_d.mp3,Quel est votre nom de famille ?
3139245,Tom_est_arrivé_bien_.mp3,Tom est arrivé bien après nous.
3138115,Peux_tu_me_donner_un.mp3,Peux-tu me donner une tranche de pain ?
3081621,Je_travaille_ici_.mp3,Je travaille ici.
2976116,Je_n_ai_ni_frère_ni_.mp3,Je n'ai ni frère ni sœur.
2966677,J_habite_à_deux_pas_.mp3,J'habite à deux pas.
2931445,J_ai_téléphoné_.mp3,J'ai téléphoné.
2920095,Je_suis_resté_à_la_m.mp3,Je suis resté à la maison.
2825432,J_aime_beaucoup_ça_.mp3,J'aime beaucoup ça.
2817380,C_est_trop_chaud_.mp3,C'est trop chaud.
2807949,J_ai_dormi_.mp3,J'ai dormi.
2801385,C_est_très_rapide_.mp3,C'est très rapide.
2780604,Où_travaillez_vous__.mp3,Où travaillez-vous ?
2730674,Elle_n_est_pas_étudi.mp3,Elle n'est pas étudiante.
2730672,Il_n_est_pas_étudian.mp3,Il n'est pas étudiant.
2707051,Vous_habitez_où__.mp3,Vous habitez où ?
2590506,Je_travaille_à_la_po.mp3,Je travaille à la poste.
2586715,Je_fais_les_courses_.mp3,Je fais les courses.
2577083,Je_suis_en_train_d_é.mp3,Je suis en train d'étudier la grammaire française.
2504901,Moi_non_plus__je_n_a.mp3,"Moi non plus, je n'aime pas ça."
2500483,Je_fais_du_sport_tou.mp3,Je fais du sport tous les jours.
2492464,Une_fois_par_jour___.mp3,Une fois par jour...
2470536,Connaissez_vous_son_.mp3,Connaissez-vous son nom de famille ?
2433240,J_en_ai_un_.mp3,J'en ai un.
2415916,Je_mange_ici_tous_le.mp3,Je mange ici tous les jours.
2318979,Je_ne_sais_pas_encor.mp3,Je ne sais pas encore ce que je vais faire.
2291825,Ça_ne_me_plaît_pas_.mp3,Ça ne me plaît pas.
2284634,Je_n_en_ai_pas_.mp3,Je n'en ai pas.
2261673,Je_préfère_les_chien.mp3,Je préfère les chiens.
2218974,C_est_très_petit_.mp3,C'est très petit.
2209457,C_est_froid_.mp3,C'est froid.
2136562,Je_lis_souvent_des_l.mp3,Je lis souvent des livres.
2079300,Ça_prend_des_heures_.mp3,Ça prend des heures.
2069123,J_ai_douze_ans_.mp3,J'ai douze ans.
2061275,Où_veux_tu_manger__.mp3,Où veux-tu manger ?
2061273,Où_avez_vous_appris_.mp3,Où avez-vous appris cela ?
2028518,Elle_a_cinq_ans_.mp3,Elle a cinq ans.
2025076,Avez_vous_un_télépho.mp3,Avez-vous un téléphone ?
2002127,Venez_vous_souvent_i.mp3,Venez-vous souvent ici ?
2000895,Vous_faites_quoi__di.mp3,"Vous faites quoi, dimanche?"
1998804,Je_préfère_marcher_.mp3,Je préfère marcher.
1984899,C_était_plutôt_amusa.mp3,C'était plutôt amusant.
1979237,Non__je_ne_comprends.mp3,"Non, je ne comprends pas."
1978194,Je_ne_sais_même_pas_.mp3,Je ne sais même pas cuisiner une omelette.
1928379,Où_êtes_vous_allés__.mp3,Où êtes-vous allés ?
1928376,Où_êtes_vous_allées_.mp3,Où êtes-vous allées ?
1895036,C_est_trop_facile_.mp3,C'est trop facile.
1836362,Je_travaille_beaucou.mp3,Je travaille beaucoup.
1834559,Comment_avez_vous_ap.mp3,Comment avez-vous appris à cuisiner si bien ?
1812414,Je_préfère_le_noir_.mp3,Je préfère le noir.
1811648,Je_lis_des_livres_.mp3,Je lis des livres.
1796335,Hier_j_ai_joué_au_fo.mp3,Hier j'ai joué au foot.
1784052,Ça_prend_du_temps_.mp3,Ça prend du temps.
1760067,C_est_assez_grand_.mp3,C'est assez grand.
1734653,Travaillez_vous_le_d.mp3,Travaillez-vous le dimanche ?
1720049,D_abord__je_veux_man.mp3,"D'abord, je veux manger un peu de gâteau."
1706444,J_ai_joué_avec_des_a.mp3,J'ai joué avec des amis.
1588582,Vous_n_aimez_pas_la_.mp3,Vous n'aimez pas la bière ?
1579819,Je_vais_dormir_.mp3,Je vais dormir.
1541815,Je_mange_du_chocolat.mp3,Je mange du chocolat.
1514014,Comment_dit_on___pom.mp3,Comment dit-on « pomme » dans votre langue ?
1498360,C_est_très_mauvais_.mp3,C'est très mauvais.
1497556,Je_prends_une_douche.mp3,Je prends une douche.
1483770,Savez_vous_faire_du_.mp3,Savez-vous faire du ski ?
1483758,Aimez_vous_la_montag.mp3,Aimez-vous la montagne ?
1466598,Vous_aimez_le_sport_.mp3,Vous aimez le sport ?
1447098,J_ai_une_sœur_.mp3,J'ai une sœur.
1367599,Avez_vous_des_frères.mp3,Avez-vous des frères et sœurs ?
1353764,Avez_vous_déjà_lu_ce.mp3,Avez-vous déjà lu ce livre ?
1344997,Combien_ça_prend_de_.mp3,Combien ça prend de temps en voiture ?
1343871,Pas_du_tout_.mp3,Pas du tout.
1330404,Savez_vous_conduire_.mp3,Savez-vous conduire ?
1317553,Tu_viens_souvent_ici.mp3,Tu viens souvent ici ?
1309656,Que_voulez_vous_mang.mp3,Que voulez-vous manger ce week-end ?
1283358,Qu_avez_vous_fait_ce.mp3,Qu'avez-vous fait cet été ?
1216915,J_ai_déjà_pris_un_ca.mp3,J'ai déjà pris un café.
1202817,J_ai_lu_un_livre_.mp3,J'ai lu un livre.
1196785,Nous_mangeons_trois_.mp3,Nous mangeons trois fois par jour.
1195303,Avez_vous_un_chien__.mp3,Avez-vous un chien ?
1175598,Qu_allez_vous_faire_.mp3,Qu'allez-vous faire ce soir ?
1174602,Vous_n_aimez_pas_la_.mp3,Vous n'aimez pas la cuisine chinoise ?
1174410,Savez_vous_faire_du_.mp3,Savez-vous faire du vélo ?
1169490,As_tu_déjà_mangé_de_.mp3,As-tu déjà mangé de la dinde ?
1168543,Comment_écrit_on_vot.mp3,Comment écrit-on votre nom de famille ?
1152575,Avez_vous_un_fils__.mp3,Avez-vous un fils ?
1142818,Je_ne_veux_pas_aller.mp3,Je ne veux pas aller avec toi.
1132805,Pourquoi_étudiez_vou.mp3,Pourquoi étudiez-vous le français ?
1132789,C_était_comment__.mp3,C'était comment ?
1126859,Comment_se_prononce_.mp3,Comment se prononce ton prénom ?
1121502,Je_n_aime_pas_ça_.mp3,Je n'aime pas ça.
1112264,Vous_avez_un_problèm.mp3,Vous avez un problème ?
1112219,C_est_mauvais_.mp3,C'est mauvais.
1090629,Quel_film_avez_vous_.mp3,Quel film avez-vous vu ?
1084200,J_ai_regardé_la_télé.mp3,J'ai regardé la télévision.
1082058,J_ai_mangé_des_chips.mp3,J'ai mangé des chips.
1072503,C_est_trop_grand_.mp3,C'est trop grand.
1071788,C_est_bon_.mp3,C’est bon.
1049690,Comment_épelle_t_on_.mp3,Comment épelle-t-on votre nom de famille ?
1021725,Avez_vous_une_questi.mp3,Avez-vous une question ?
1020891,Je_suis_allé_au_supe.mp3,Je suis allé au supermarché.
1014297,Préférez_vous_la_via.mp3,Préférez-vous la viande ou le poisson ?
999406,Où_vas_tu_aller_cett.mp3,Où vas-tu aller cette après-midi ?
971948,Quel_genre_de_film_v.mp3,Quel genre de film voulez-vous regarder ?
965532,Je_ne_sais_pas_encor.mp3,Je ne sais pas encore.
950655,Où_avez_vous_appris_.mp3,Où avez-vous appris le français ?
939335,Vous_aimez_chanter__.mp3,Vous aimez chanter ?
936516,Où_veux_tu_aller__.mp3,Où veux-tu aller ?
914656,Comment_s_écrit_votr.mp3,Comment s'écrit votre nom de famille ?
913935,Comment_votre_nom_de.mp3,Comment votre nom de famille s'écrit-il ?
905631,Moi_ça_va__et_toi__.mp3,"Moi ça va, et toi ?"
883817,Combien_est_ce_que_ç.mp3,Combien est-ce que ça coûte ?
879985,J_ai_un_grand_frère_.mp3,J'ai un grand frère et deux petites sœurs.
872451,Je_vais_bien__et_vou.mp3,"Je vais bien, et vous ?"
869099,C_est_difficile_.mp3,C'est difficile.
837672,C_est_beau_.mp3,C'est beau.
829112,Ça_ne_va_pas__.mp3,Ça ne va pas ?
794012,Je_me_suis_marié_qua.mp3,Je me suis marié quand j'avais 19 ans.
747297,Vous_faites_du_sport.mp3,Vous faites du sport ?
745248,Quels_sports_aimez_v.mp3,Quels sports aimez-vous ?
688710,J_ai_24_ans_.mp3,J'ai 24 ans.
678673,Il_est_lycéen_.mp3,Il est lycéen.
666492,Je_n_aime_pas_Alice_.mp3,Je n'aime pas Alice.
655252,C_est_un_bon_film_.mp3,C'est un bon film.
624448,Comment_dit_on______.mp3,Comment dit-on ... ?
605373,Elle_joue_du_piano_t.mp3,Elle joue du piano tous les jours.
589992,J_aime_les_deux_.mp3,J'aime les deux.
576481,Combien_de_temps_ça_.mp3,Combien de temps ça prend ?
570509,Qu_avez_vous_fait_hi.mp3,Qu'avez-vous fait hier ?
568095,Parce_que_c_est_trop.mp3,Parce que c'est trop grand.
564191,C_est_facile_.mp3,C'est facile.
563360,Moi_non_plus_.mp3,Moi non plus.
555003,Connaissez_vous_son_.mp3,Connaissez-vous son frère ?
550059,As_tu_déjà_mangé_une.mp3,As-tu déjà mangé une tarte à la banane ?
541799,Avez_vous_un_portabl.mp3,Avez-vous un portable ?
536091,Je_m_appelle_Henri_.mp3,Je m'appelle Henri.
531734,Il_fait_très_chaud_a.mp3,Il fait très chaud aujourd'hui.
528883,Ça_ne_va_pas__.mp3,Ça ne va pas !
520478,Êtes_vous_déjà_allé_.mp3,Êtes-vous déjà allé en Afrique ?
519709,Aimez_vous_la_littér.mp3,Aimez-vous la littérature française ?
500272,J_écoute_de_la_musiq.mp3,J'écoute de la musique.
498437,Aimez_vous_les_pomme.mp3,Aimez-vous les pommes ?
487570,Qu_avez_vous_fait_ce.mp3,Qu'avez-vous fait cette semaine ?
477936,Je_travaille_tous_le.mp3,Je travaille tous les jours sauf le dimanche.
474839,Où_êtes_vous_allé_di.mp3,Où êtes-vous allé dimanche dernier ?
474754,Je_ne_sais_pas_vraim.mp3,Je ne sais pas vraiment.
467957,Avez_vous_déjà_termi.mp3,Avez-vous déjà terminé votre travail ?
467395,Je_lui_rends_visite_.mp3,Je lui rends visite tous les deux jours.
463994,Viens_tu_ici_tous_le.mp3,Viens-tu ici tous les jours ?
463853,Préférez_vous_le_thé.mp3,Préférez-vous le thé ou le café ?
463503,N_avez_vous_pas_froi.mp3,N'avez-vous pas froid ?
439274,Que_voulez_vous_mang.mp3,Que voulez-vous manger ?
439117,Combien_ça_coûte__.mp3,Combien ça coûte ?
439002,Vous_aimez_le_tennis.mp3,Vous aimez le tennis ?
438735,J_étudie_à_l_univers.mp3,J'étudie à l'université de Hyogo.
431620,Je_n_aime_pas_beauco.mp3,Je n'aime pas beaucoup les mathématiques.
429109,Je_nage_une_fois_par.mp3,Je nage une fois par semaine.
427382,J_ai_joué_au_tennis_.mp3,J’ai joué au tennis.
417450,C_est_très_facile_.mp3,C'est très facile.
399962,Il_vient_ici_deux_fo.mp3,Il vient ici deux fois par semaine.
392085,Je_voudrais_manger_q.mp3,Je voudrais manger quelque chose.
392005,Combien_de_fois_par_.mp3,Combien de fois par semaine prenez-vous un bain ?
390100,Elle_a_8_ans_.mp3,Elle a 8 ans.
389075,Je_ne_sais_pas_trop_.mp3,Je ne sais pas trop.
378280,Il_fait_chaud_aujour.mp3,Il fait chaud aujourd'hui.
375871,Pourquoi__.mp3,Pourquoi ?
374217,Je_n_aime_pas_les_ch.mp3,Je n'aime pas les chiens.
353482,Il_est_étudiant_en_d.mp3,Il est étudiant en droit.
350260,J_ai_dormi_toute_la_.mp3,"J'ai dormi toute la journée hier, parce que c'était dimanche."
338111,Comment_vous_appelez.mp3,Comment vous appelez-vous ?
333598,Je_travaille_.mp3,Je travaille.
333484,Je_ne_travaille_pas_.mp3,Je ne travaille pas.
332312,Que_vas_tu_faire__.mp3,Que vas-tu faire ?
181472,Je_suis_allé_à_Nagas.mp3,Je suis allé à Nagasaki.
181279,Je_prends_un_bain_to.mp3,Je prends un bain tous les jours.
180276,Je_vais_bien__merci_.mp3,"Je vais bien, merci."
139826,Quel_âge_a_t_il__.mp3,Quel âge a-t-il ?
139693,Où_habitez_vous__.mp3,Où habitez-vous ?
139288,Tournez_la_poignée_e.mp3,Tournez la poignée et ouvrez la porte.
139224,Je_suis_français_.mp3,Je suis français.
138905,Combien_de_temps_ça_.mp3,Combien de temps ça prend pour aller là-bas en bus ?
136160,Étais_tu_à_l_école_à.mp3,Étais-tu à l'école à ce moment-là ?
135170,Je_n_aime_pas_beauco.mp3,Je n'aime pas beaucoup la télévision.
133100,Il_a_raté_l_examen_d.mp3,Il a raté l'examen d'entrée.
132441,Il_m_a_dit_qu_il_éta.mp3,Il m'a dit qu'il était occupé.
132342,Il_a_plus_de_livres_.mp3,Il a plus de livres que je n'en ai.
130651,Il_a_huit_ans_.mp3,Il a huit ans.
129841,J_ai_dix_huit_ans_.mp3,J'ai dix-huit ans.
129761,Comment_dit_on___mer.mp3,Comment dit-on « merci » en japonais ?
128915,Il_a_fait_très_froid.mp3,Il a fait très froid le mois dernier.
128458,C_est_trop_calme_.mp3,C'est trop calme.
128353,Comment_était_ton_we.mp3,Comment était ton weekend ?
127969,J_ai_garé_ma_voiture.mp3,J'ai garé ma voiture près du portail.
127684,Je_ne_peux_pas_oubli.mp3,Je ne peux pas oublier sa gentillesse.
127523,Je_ne_pouvais_pas_co.mp3,Je ne pouvais pas contrôler ma colère.
119839,Je_vais_au_restauran.mp3,Je vais au restaurant tous les deux jours.
15735,J_étudie_à_l_étrange.mp3,J'étudie à l'étranger.
15295,Combien_de_temps_all.mp3,Combien de temps allez-vous séjourner ici ?
14970,Ça_va__.mp3,Ça va ?
14873,Je_suis_Japonais_.mp3,Je suis Japonais.
14871,Je_m_appelle_Hisashi.mp3,Je m'appelle Hisashi.
14782,J_ai_un_terrible_mal.mp3,J'ai un terrible mal de tête aujourd'hui.
14748,J_étudie_l_histoire_.mp3,J'étudie l'histoire japonaise.
14501,Quel_est_votre_préno.mp3,Quel est votre prénom ?
14326,J_étudie_l_anglais_.mp3,J'étudie l'anglais.
14296,Je_pense_à_vous_tout.mp3,Je pense à vous tout le temps.
14262,Travaillez_vous__.mp3,Travaillez-vous ?
13811,Êtes_vous_déjà_allé_.mp3,Êtes-vous déjà allé à Paris ?
13318,J_aime_beaucoup_le_t.mp3,J'aime beaucoup le tennis.
12874,Au_fait__où_habitez_.mp3,"Au fait, où habitez-vous ?"
12197,Comment_se_prononce_.mp3,Comment se prononce le mot ?
11403,Je_ne_comprends_pas_.mp3,Je ne comprends pas ce mot.
11029,Allez_vous_souvent_à.mp3,Allez-vous souvent à l'étranger ?
11012,Savez_vous_jouer_de_.mp3,Savez-vous jouer de la guitare ?
10807,Ça_va__merci_.mp3,"Ça va, merci."
10028,Je_fais_des_courses_.mp3,Je fais des courses tous les deux jours.
9626,J_habite_à_Kakogawa_.mp3,J'habite à Kakogawa.
8990,Es_tu_déjà_allé_en_A.mp3,Es-tu déjà allé en Amérique ?
8987,Avez_vous_déjà_vu_un.mp3,Avez-vous déjà vu un koala ?
8741,Je_vais_bien__merci_.mp3,"Je vais bien, merci. Et vous ?"
8422,Il_fait_très_froid_a.mp3,Il fait très froid aujourd'hui.
7427,Je_ne_vous_comprends.mp3,Je ne vous comprends pas.
7406,Je_n_aime_pas_beauco.mp3,Je n'aime pas beaucoup le fromage.
7402,Je_n_aime_pas_le_ten.mp3,Je n'aime pas le tennis.
7392,Je_suis_américain_.mp3,Je suis américain.
6819,Je_vais_au_cinéma_de.mp3,Je vais au cinéma de temps en temps.
6692,Je_suis_étudiant_.mp3,Je suis étudiant.
6518,Je_vais_jouer_au_ten.mp3,Je vais jouer au tennis cet après-midi.
6406,Je_joue_au_tennis_de.mp3,Je joue au tennis de temps en temps.
6355,J_ai_écrit_une_lettr.mp3,J'ai écrit une lettre.
6340,J_habite_avec_mon_on.mp3,J'habite avec mon oncle.
6333,Je_n_aime_pas_les_de.mp3,Je n'aime pas les devoirs.
5960,Bonjour__comment_all.mp3,"Bonjour, comment allez-vous ?"
4190,Quel_âge_avez_vous__.mp3,Quel âge avez-vous ?
3465,Ça_me_plaît_beaucoup.mp3,Ça me plaît beaucoup.
3114,Ça_coûtera_30___.mp3,Ça coûtera 30 €.
3100,Je_ne_sais_pas_.mp3,Je ne sais pas.
5724247,Prenez_les_miennes_.mp3,Prenez les miennes.
5724246,Prenez_les_miens_.mp3,Prenez les miens.
5724245,Prends_les_miennes_.mp3,Prends les miennes.
5724244,Prends_les_miens_.mp3,Prends les miens.
5724242,Prenez_la_mienne_.mp3,Prenez la mienne.
5724241,Prenez_le_mien_.mp3,Prenez le mien.
5724240,Prends_la_mienne_.mp3,Prends la mienne.
5724239,Prends_le_mien_.mp3,Prends le mien.
5579309,C_est_du_sable_.mp3,C'est du sable.
5576647,Ne_cours_pas_.mp3,Ne cours pas.
5576646,Ne_courez_pas_.mp3,Ne courez pas.
5441347,Écrivez_à_Tom_.mp3,Écrivez à Tom.
5380312,J_en_ai_vu_un_.mp3,J'en ai vu un.
5380311,J_en_ai_vu_une_.mp3,J'en ai vu une.
5369590,Je_suis_content_.mp3,Je suis content.
5324592,Tom_est_parti_.mp3,Tom est parti.
5719855,Vous_me_faites_pas_p.mp3,Vous me faites pas peur.
5719847,Je_pense_que_tu_avai.mp3,Je pense que tu avais démissionné.
5719812,C_est_impressionnant.mp3,C’est impressionnant.
5719774,Vous_m_avez_l_air_pe.mp3,Vous m’avez l’air perdus.
5719753,Ils_sont_tous_heureu.mp3,"Ils sont tous heureux, sans aucun doute."
5719711,Achetons_lui_celui_c.mp3,Achetons-lui celui-ci.
5719543,C_est_pas_une_fête_.mp3,C’est pas une fête.
4862775,Je_ne_suis_pas_en_sé.mp3,"Je ne suis pas en sécurité, là-dedans."
4862757,Je_n_ai_pas_peur_de_.mp3,Je n'ai pas peur de mourir.
4862730,J_ai_du_mal_avec_les.mp3,J'ai du mal avec les noms.
4860814,Ce_que_ça_me_fait___.mp3,Ce que ça me fait ? C'est indescriptible.
4860808,Ce_que_je_m_en_tape_.mp3,Ce que je m'en tape !
4860805,Ça_expliquerait_.mp3,Ça expliquerait.
4860608,Ce_n_est_pas_dans_le.mp3,Ce n'est pas dans le dossier.
4860581,Ça_ne_fait_pas_parti.mp3,Ça ne fait pas partie de ma juridiction.
4860542,Elle_n_a_pas_épousé_.mp3,Elle n'a pas épousé le bonhomme.
4860475,La_maison_est_actuel.mp3,La maison est actuellement inoccupée.
4860209,T_as_perdu_ta_langue.mp3,T'as perdu ta langue ?
4857158,J_ai_l_intention_de_.mp3,J'ai l'intention de l'écouter ce soir.
4846909,À_cause_de_son_ronfl.mp3,"À cause de son ronflement, je n'ai pas pu m'endormir."
4846908,Demain_Tom_sera_occu.mp3,Demain Tom sera occupé.
4846907,Tom_vit_dans_une_pet.mp3,Tom vit dans une petite ville non loin de Boston.
4846905,Un_arbre_cache_la_fo.mp3,Un arbre cache la forêt.
4845523,Il_y_a_des_fleurs_au.mp3,Il y a des fleurs autour du château.
4845468,Quand_appelleras_tu_.mp3,Quand appelleras-tu ?
4845456,Le_jeune_pianiste_a_.mp3,Le jeune pianiste a surpris le public.
4845450,J_ai_tellement_somme.mp3,J'ai tellement sommeil que je ne tiens pas debout.
4845447,Je_me_concentrais_su.mp3,Je me concentrais sur le cours.
4845442,Tom_a_trois_ans_de_p.mp3,Tom a trois ans de plus que moi.
4833106,Fais_une_pause_.mp3,Fais une pause.
4827576,Vous_devriez_faire_ç.mp3,Vous devriez faire ça.
4827575,Tu_devrais_faire_ça_.mp3,Tu devrais faire ça.
4827453,À_quelle_heure_est_l.mp3,À quelle heure est le brunch ?
4827452,À_quelle_heure_est_l.mp3,À quelle heure est le lever du soleil ?
4827451,À_quelle_heure_est_l.mp3,À quelle heure est le coucher de soleil ?
4827414,Quel_est_le_prix_de_.mp3,Quel est le prix de ce chapeau ?
4827392,Ne_nous_regardez_pas.mp3,Ne nous regardez pas.
4827391,Ne_nous_regarde_pas_.mp3,Ne nous regarde pas.
4811790,Boston_est_une_grand.mp3,Boston est une grande ville.
4811785,J_adore_Boston_.mp3,J'adore Boston.
4779374,Tu_me_fais_rire_.mp3,Tu me fais rire.
4778084,Nous_t_avons_vue_.mp3,Nous t'avons vue.
4778083,Nous_t_avons_vu_.mp3,Nous t'avons vu.
4778082,Nous_vous_avons_vus_.mp3,Nous vous avons vus.
4778081,Nous_vous_avons_vues.mp3,Nous vous avons vues.
4778080,Nous_vous_avons_vue_.mp3,Nous vous avons vue.
4778079,Nous_vous_avons_vu_.mp3,Nous vous avons vu.
4777546,Nous_en_avons_besoin.mp3,Nous en avons besoin.
4777475,Nous_pouvons_essayer.mp3,Nous pouvons essayer.
4777472,Nous_pouvons_payer_.mp3,Nous pouvons payer.
4777437,Nous_réussirons_.mp3,Nous réussirons.
4777434,Nous_obéirons_.mp3,Nous obéirons.
4777416,Nous_échouerons_.mp3,Nous échouerons.
4777394,Nous_ferons_la_cuisi.mp3,Nous ferons la cuisine.
4777373,Nous_sommes_faibles_.mp3,Nous sommes faibles.
4777291,Nous_sommes_tristes_.mp3,Nous sommes tristes.
4777285,Nous_sommes_riches_.mp3,Nous sommes riches.
4775654,Nous_allons_bien_.mp3,Nous allons bien.
4775624,Nous_sommes_de_retou.mp3,Nous sommes de retour.
4775616,Nous_sommes_occupés_.mp3,Nous sommes occupés.
4775568,Nous_sommes_tombés_d.mp3,Nous sommes tombés d'accord.
4775566,Nous_avons_oublié_.mp3,Nous avons oublié.
4767923,Nous_vivons_à_Boston.mp3,Nous vivons à Boston.
4767913,Les_deux_rirent_.mp3,Les deux rirent.
4767912,Les_deux_filles_ont_.mp3,Les deux filles ont ri.
4767911,Conduire_me_détend_.mp3,Conduire me détend.
4767910,Tout_le_monde_pleure.mp3,Tout le monde pleure.
4767907,Tout_le_monde_est_en.mp3,Tout le monde est endormi.
4767906,Tout_le_monde_dort_.mp3,Tout le monde dort.
4767904,Tout_le_monde_est_ch.mp3,Tout le monde est choqué.
4767900,Merci_pour_le_dîner_.mp3,Merci pour le dîner.
4767899,C_est_effrayant_.mp3,C'est effrayant.
4767898,Cela_semble_être_ris.mp3,Cela semble être risqué.
4767897,Ça_a_l_air_risqué_.mp3,Ça a l'air risqué.
4767894,C_est_cool_.mp3,C'est cool.
4767892,Ça_a_l_air_horrible_.mp3,Ça a l'air horrible.
4767891,C_était_facile_.mp3,C'était facile.
4767890,C_était_méchant_.mp3,C'était méchant.
4767889,C_est_fantastique_.mp3,C'est fantastique.
4767883,C_est_stupide_.mp3,C'est stupide.
4767880,Bienvenue_à_Boston_.mp3,Bienvenue à Boston.
4767878,Il_y_a_quelqu_un_deh.mp3,Il y a quelqu'un dehors.
4767870,Faisons_un_compromis.mp3,Faisons un compromis.
4767869,Concentrons_nous_.mp3,Concentrons-nous.
4767866,Improvisons_.mp3,Improvisons.
4767865,Négocions_.mp3,Négocions.
4767864,Discutons_.mp3,Discutons.
4767863,Embrassons_nous_.mp3,Embrassons-nous.
4767860,Qui_en_veut__.mp3,Qui en veut ?
4767859,Qui_veut_ça__.mp3,Qui veut ça ?
4767858,Nous_voulons_des_bon.mp3,Nous voulons des bonbons.
4767857,Nous_voulons_la_paix.mp3,Nous voulons la paix.
4767855,Préparez_vous_.mp3,Préparez-vous.
4767854,Prépare_toi_.mp3,Prépare-toi.
4767848,Choisissez_soigneuse.mp3,Choisissez soigneusement.
4767847,Choisis_soigneusemen.mp3,Choisis soigneusement.
4767845,Arrêtez_de_tirer_.mp3,Arrêtez de tirer.
4767844,Arrête_de_tirer_.mp3,Arrête de tirer.
4766297,Ils_savent_déjà_.mp3,Ils savent déjà.
4765933,Quelle_partie_est_ma.mp3,Quelle partie est mauvaise ?
4765930,Quelle_partie_est_fa.mp3,Quelle partie est fausse ?
4765906,Arrête_de_lire_.mp3,Arrête de lire.
4765903,Arrêtez_de_lire_.mp3,Arrêtez de lire.
4759599,Donne_moi_ta_montre_.mp3,Donne-moi ta montre.
4757836,Personne_ne_s_est_le.mp3,Personne ne s'est levé.
4757833,Je_ne_démens_pas_cel.mp3,Je ne démens pas cela.
4757823,Je_ne_suis_pas_mécha.mp3,Je ne suis pas méchant.
4757798,Je_n_étais_pas_respo.mp3,Je n'étais pas responsable.
4744043,On_était_tous_inquie.mp3,On était tous inquiets.
4744042,Pourquoi_devrais_je_.mp3,Pourquoi devrais-je attendre?
4744039,Est_ce_que_tu_as_tou.mp3,Est-ce que tu as toujours besoin de moi ?
4741505,J_ai_entendu_des_exp.mp3,J'ai entendu des explosions.
4741502,Est_ce_que_ce_sont_d.mp3,Est-ce que ce sont des explosifs?
4736682,Où_est_ton_arme__.mp3,Où est ton arme ?
4736672,J_ai_besoin_d_une_ar.mp3,J'ai besoin d'une arme.
4729399,Elles_ont_voté_.mp3,Elles ont voté.
4729398,Elles_sont_d_accord_.mp3,Elles sont d'accord.
4729397,Ils_sont_d_accord_.mp3,Ils sont d'accord.
4729386,Elles_trichent_.mp3,Elles trichent.
4729383,Ils_trichent_.mp3,Ils trichent.
4729362,Elles_sont_parties_.mp3,Elles sont parties.
4729358,Ils_ont_perdu_.mp3,Ils ont perdu.
4725364,Un_chien_a_mordu_sa_.mp3,Un chien a mordu sa jambe.
4722677,Tu_es_libre__demain_.mp3,"Tu es libre, demain ?"
4721097,Je_suis_un_homme_sol.mp3,Je suis un homme solitaire.
4720368,Cela_est_probablemen.mp3,Cela est probablement vrai.
4718978,C_était_très_effraya.mp3,C'était très effrayant.
4710653,Ne_me_laissez_pas_mo.mp3,Ne me laissez pas mourir ici.
4708675,La_cage_est_vide_.mp3,La cage est vide.
4708672,Nous_dérangeons_.mp3,Nous dérangeons.
4700245,Qu_est_ce_qui_se_pas.mp3,Qu'est ce qui se passe ?
4681995,J_étais_nouveau_.mp3,J'étais nouveau.
4681958,Je_me_suis_éveillé_.mp3,Je me suis éveillé.
4681956,Je_me_suis_réveillé_.mp3,Je me suis réveillé.
4679789,Il_me_le_faut_.mp3,Il me le faut.
4679093,Je_sais_cuisiner_.mp3,Je sais cuisiner.
4679092,Je_peux_venir_.mp3,Je peux venir.
4679055,Je_l_ai_construite_.mp3,Je l'ai construite.
4679053,Je_l_ai_construit_.mp3,Je l'ai construit.
4679010,Je_suis_dur_à_cuire_.mp3,Je suis dur à cuire.
4678986,Je_suis_fort_.mp3,Je suis fort.
4678984,Je_suis_strict_.mp3,Je suis strict.
4678969,Je_suis_maigrichon_.mp3,Je suis maigrichon.
4678962,Je_suis_remué_.mp3,Je suis remué.
4678922,Je_suis_tranquille_.mp3,Je suis tranquille.
4678896,Je_suis_en_retard_.mp3,Je suis en retard.
4678895,Je_suis_en_train_de_.mp3,Je suis en train de perdre.
4678889,J_accepterais_.mp3,J'accepterais.
4678887,Je_serais_d_accord_.mp3,Je serais d'accord.
4678882,J_appellerai_.mp3,J'appellerai.
4678880,Je_vérifierai_.mp3,Je vérifierai.
4678878,Je_cuisinerai_.mp3,Je cuisinerai.
4678876,Je_conduirai_.mp3,Je conduirai.
4678874,Je_me_dépêcherai_.mp3,Je me dépêcherai.
4678869,Je_passerai_.mp3,Je passerai.
4678864,Je_tirerai_.mp3,Je tirerai.
4678860,Je_commencerai_.mp3,Je commencerai.
4678848,Je_suis_armé_.mp3,Je suis armé.
4678815,Je_suis_en_avance_.mp3,Je suis en avance.
4678796,Je_suis_chez_moi_.mp3,Je suis chez moi.
4678793,Je_suis_immunisé_.mp3,Je suis immunisé.
4678776,Je_suis_loyal_.mp3,Je suis loyal.
4678771,J_ai_du_pot_.mp3,J'ai du pot.
4678768,Je_suis_en_train_de_.mp3,Je suis en train de mentir.
4678749,Je_suis_devenu_occup.mp3,Je suis devenu occupé.
4678715,Je_me_sens_vieux_.mp3,Je me sens vieux.
4678713,Puis_je_venir__.mp3,Puis-je venir ?
4678676,Je_l_ai_dit_.mp3,Je l'ai dit.
4678652,Je_suis_devenu_malad.mp3,Je suis devenu malade.
4678647,Je_suis_tombé_.mp3,Je suis tombé.
4678645,J_ai_remarqué_.mp3,J'ai remarqué.
4678636,J_ai_promis_.mp3,J'ai promis.
4678606,J_ai_paniqué_.mp3,J'ai paniqué.
4678603,Je_m_en_rappelle_.mp3,Je m'en rappelle.
4678601,Je_me_le_rappelle_.mp3,Je me le rappelle.
4675113,Désolé__j_étais_occu.mp3,"Désolé, j'étais occupé."
4672785,Il_a_une_grande_gueu.mp3,Il a une grande gueule.
4670952,Mon_sac_est_très_lou.mp3,Mon sac est très lourd.
4670030,As_tu_déjeuné__.mp3,As-tu déjeuné ?
4658153,Je_déteste_Halloween.mp3,Je déteste Halloween.
4655923,Cette_fille__c_est_M.mp3,"Cette fille, c'est Mary."
4655907,J_étais_trop_petit_.mp3,J'étais trop petit.
4655692,Nous_sommes_devenus_.mp3,Nous sommes devenus des amis.
4655502,Vous_êtes_timide_.mp3,Vous êtes timide.
4655501,Tu_es_timide_.mp3,Tu es timide.
4655486,Vous_êtes_triste_.mp3,Vous êtes triste.
4655485,Tu_es_triste_.mp3,Tu es triste.
4655368,Vous_êtes_vieille_.mp3,Vous êtes vieille.
4655367,Vous_êtes_vieilles_.mp3,Vous êtes vieilles.
4655365,Vous_êtes_vieux_.mp3,Vous êtes vieux.
4655364,Tu_es_vieille_.mp3,Tu es vieille.
4655363,Tu_es_vieux_.mp3,Tu es vieux.
4654447,Tu_frissonnes_.mp3,Tu frissonnes.
4654413,Essaie_d_avoir_l_air.mp3,Essaie d'avoir l'air occupé.
4654365,Je_ne_vais_pas_le_ri.mp3,Je ne vais pas le risquer.
4653689,Toi__conduis__.mp3,"Toi, conduis !"
4653687,Tu_conduis_.mp3,Tu conduis.
4653686,Vous_commencez_.mp3,Vous commencez.
4653685,Tu_commences_.mp3,Tu commences.
4653403,Ne_raccrochez_pas_s_.mp3,Ne raccrochez pas s'il vous plait.
4653396,Tu_l_as_détruit_.mp3,Tu l'as détruit.
4653394,Tu_l_as_écrasé_.mp3,Tu l'as écrasé.
4652600,Ce_n_était_pas_ma_fa.mp3,Ce n'était pas ma faute.
4636165,T_es_marrant_.mp3,T'es marrant.
4636164,T_es_marrante_.mp3,T'es marrante.
4602248,Vous_avez_l_air_heur.mp3,Vous avez l'air heureux.
4594041,Je_chanterai_.mp3,Je chanterai.
4592440,Ils_ne_sont_pas_mort.mp3,Ils ne sont pas morts.
4592158,Je_suis_seul_.mp3,Je suis seul.
4591935,Je_le_promets_.mp3,Je le promets.
4591917,Je_suis_prêt__.mp3,Je suis prêt !
4585920,Je_vous_veux__.mp3,Je vous veux !
4585919,Je_te_veux__.mp3,Je te veux !
4585813,J_aiderai_.mp3,J'aiderai.
4585377,Je_peux_expliquer_ce.mp3,Je peux expliquer cela.
4578515,Nous_sommes_là_.mp3,Nous sommes là.
4575264,Qu_est_ce_que_tu_lis.mp3,Qu’est-ce que tu lis ?
4563841,Je_suis_resté_.mp3,Je suis resté.
4561833,Je_vous_en_prie__ser.mp3,"Je vous en prie, servez-vous."
4551943,Aimez_vous_les_mienn.mp3,Aimez-vous les miennes ?
4551941,Aimes_tu_les_miennes.mp3,Aimes-tu les miennes ?
4551940,Aimez_vous_la_mienne.mp3,Aimez-vous la mienne ?
4551938,Aimes_tu_la_mienne__.mp3,Aimes-tu la mienne ?
4551936,Aimez_vous_le_mien__.mp3,Aimez-vous le mien ?
4551932,Aimes_tu_le_mien__.mp3,Aimes-tu le mien ?
4550876,Ils_n_ont_pas_froid_.mp3,Ils n'ont pas froid aux yeux.
4550875,Elles_sont_courageus.mp3,Elles sont courageuses.
4550874,Ils_sont_courageux_.mp3,Ils sont courageux.
4550661,C_est_si_déprimant_.mp3,C'est si déprimant.
4549001,Tu_vas_écouter_.mp3,Tu vas écouter.
4547292,Est_ce_loin__.mp3,Est-ce loin ?
4547291,Est_ce_éloigné__.mp3,Est-ce éloigné ?
4547097,Je_m_apprêtais_à_par.mp3,Je m'apprêtais à partir.
4546656,J_ai_survécu_.mp3,J'ai survécu.
4534338,Ça_affecte_l_ensembl.mp3,Ça affecte l'ensemble d'entre nous.
4534336,Ça_nous_affecte_tous.mp3,Ça nous affecte tous.
4533902,Maman_pleurait_.mp3,Maman pleurait.
4533899,Maman_a_pleuré_.mp3,Maman a pleuré.
4533898,Elle_a_disparu_.mp3,Elle a disparu.
4533894,Redresse_toi_.mp3,Redresse-toi.
4533890,Rattrape_le_.mp3,Rattrape-le.
4533885,Tu_cours_.mp3,Tu cours.
4533883,Attrape_le_.mp3,Attrape-le.
4533880,Arrête_de_ronchonner.mp3,Arrête de ronchonner.
4533877,Fais_attention_à_toi.mp3,Fais attention à toi.
4533875,On_essaye_.mp3,On essaye.
4533874,Arrête_de_fumer_.mp3,Arrête de fumer.
4533820,Il_est_scénariste_.mp3,Il est scénariste.
4533812,Te_teins_tu_les_chev.mp3,Te teins-tu les cheveux ?
4533712,Puis_je_revenir__.mp3,Puis-je revenir ?
4531764,Cela_s_est_vraiment_.mp3,Cela s'est vraiment passé.
4488633,Il_a_un_livre_.mp3,Il a un livre.
4488601,Je_vais_ignorer_ça_.mp3,Je vais ignorer ça.
4486757,Fais_un_effort_.mp3,Fais un effort.
4479383,C_est_ma_famille_.mp3,C'est ma famille.
4479338,C_est_une_beauté_.mp3,C'est une beauté.
4478773,Nous_avons_pris_un_t.mp3,Nous avons pris un taxi.
4477720,Tu_es_remarquable_.mp3,Tu es remarquable.
4477719,Es_tu_tout_seul__.mp3,Es-tu tout seul ?
4476229,Ce_n_est_pas_facile_.mp3,Ce n'est pas facile.
4472080,Cette_pomme_est_acid.mp3,Cette pomme est acide.
4470718,Sont_ils_amoureux__.mp3,Sont-ils amoureux ?
4470221,Je_le_dirai_à_quelqu.mp3,Je le dirai à quelqu'un.
4468363,Qu_est_ce_que_j_ai_g.mp3,Qu'est-ce que j'ai gagné ?
4462985,Je_suis_allergique_a.mp3,Je suis allergique aux chats.
4457659,Mon_chat_adore_les_c.mp3,Mon chat adore les crevettes.
4451150,J_en_prendrai_un_aut.mp3,J'en prendrai un autre.
4451147,J_en_prendrai_une_au.mp3,J'en prendrai une autre.
4450666,Je_l_ai_dit_à_la_pol.mp3,Je l'ai dit à la police.
4450647,Nous_essayons_.mp3,Nous essayons.
4450585,Qui_s_est_fait_tirer.mp3,Qui s'est fait tirer dessus ?
4450570,Maintenant_je_suis_s.mp3,Maintenant je suis sérieux.
4450531,Faites_ce_que_je_dis.mp3,Faites ce que je dis.
4437982,Vous_pouvez_disposer.mp3,Vous pouvez disposer.
4437981,Maintenant_laisse_no.mp3,Maintenant laisse-nous.
4437916,Je_veux_une_piscine_.mp3,Je veux une piscine.
4437881,Je_veux_celles_là_.mp3,Je veux celles-là.
4437880,Je_veux_ceux_là_.mp3,Je veux ceux-là.
4429465,Je_suis_allergique_a.mp3,Je suis allergique au maïs.
4418317,Tu_me_détestes__.mp3,Tu me détestes ?
4395512,Nous_t_admirons_.mp3,Nous t'admirons.
4395507,Ça_a_pris_du_temps_.mp3,Ça a pris du temps.
4395504,Je_suis_canadien__mo.mp3,"Je suis canadien, moi aussi."
4374428,Elle_est_gentille_.mp3,Elle est gentille.
4320549,C_est_triste_.mp3,C’est triste.
4306545,Qu_est_ce_que_vous_f.mp3,Qu’est-ce que vous faites ?
4306539,Comment_tu_t_appelle.mp3,Comment tu t’appelles ?
4303472,J_ai_entendu_la_rume.mp3,J'ai entendu la rumeur.
4299264,Je_ne_suis_pas_seul_.mp3,Je ne suis pas seul.
4299198,Ils_connaissent_votr.mp3,Ils connaissent votre nom.
4274115,Je_regarde_la_télévi.mp3,Je regarde la télévision.
4272523,Je_veux_ce_livre_.mp3,Je veux ce livre.
4253337,Je_suis_ton_chef_.mp3,Je suis ton chef.
4253336,Je_suis_votre_chef_.mp3,Je suis votre chef.
4251287,Vous_allez_tous_mour.mp3,Vous allez tous mourir.
4250771,Lave_bien_tes_mains_.mp3,Lave bien tes mains.
4247373,Qui_a_parlé__.mp3,Qui a parlé ?
4245220,Elles_sont_inutiles_.mp3,Elles sont inutiles.
4245218,Ils_sont_inutiles_.mp3,Ils sont inutiles.
4245058,Je_dois_trouver_ma_c.mp3,Je dois trouver ma clef.
4245045,Je_vais_attendre_dan.mp3,Je vais attendre dans la voiture.
4244643,Je_ne_l_ai_pas_lavé_.mp3,Je ne l'ai pas lavé.
4244640,Je_pense_que_c_est_u.mp3,Je pense que c'est un présent.
4244618,C_était_blanc_.mp3,C'était blanc.
4244610,J_ai_attendu_trois_h.mp3,J'ai attendu trois heures.
4244539,Je_sais_ce_que_tu_sa.mp3,Je sais ce que tu sais.
4244453,As_tu_une_maison__.mp3,As-tu une maison ?
4242080,Je_sais_que_c_est_vr.mp3,Je sais que c'est vrai.
4242060,Je_ne_suis_pas_en_re.mp3,"Je ne suis pas en retard, n'est-ce pas ?"
4224966,Cela_n_est_pas_possi.mp3,Cela n'est pas possible.
4223877,Tu_es_un_menteur_.mp3,Tu es un menteur.
4221826,Est_ce_moi_qui_ai_ga.mp3,Est-ce moi qui ai gagné ?
4220444,Je_ne_peux_pas_lire_.mp3,Je ne peux pas lire ceci.
4219259,C_est_plus_sûr_.mp3,C'est plus sûr.
4218318,Avez_vous_apprécié_B.mp3,Avez-vous apprécié Boston ?
4218317,As_tu_apprécié_Bosto.mp3,As-tu apprécié Boston ?
4218094,Tom_fixa_Marie_avec_.mp3,Tom fixa Marie avec colère.
4218080,Il_me_faut_rester_ic.mp3,Il me faut rester ici.
4215707,Elles_sont_tombées_.mp3,Elles sont tombées.
4210247,C_est_grisant_.mp3,C’est grisant.
4207736,Tu_es_égoïste_.mp3,Tu es égoïste.
4200019,Je_pense_pouvoir_réu.mp3,Je pense pouvoir réussir.
4199640,Je_n_aime_pas_écrire.mp3,Je n'aime pas écrire.
4199632,Est_ce_que_tu_aimes_.mp3,Est-ce que tu aimes écrire ?
4199490,Passe_moi_un_coup_de.mp3,Passe-moi un coup de main.
4199483,Passe_moi_mon_mug_.mp3,Passe-moi mon mug.
4199474,Passe_le_moi_.mp3,Passe-le-moi.
4199428,Vous_avez_oublié_vot.mp3,Vous avez oublié votre manteau.
4199410,Remets_ton_manteau_.mp3,Remets ton manteau.
4199405,Il_enleva_son_mantea.mp3,Il enleva son manteau.
4199397,Je_prendrai_ton_mant.mp3,Je prendrai ton manteau.
4199391,Ce_manteau_est_à_ta_.mp3,Ce manteau est à ta taille.
4199389,Enlève_ton_manteau_.mp3,Enlève ton manteau.
4199383,Où_est_ton_manteau__.mp3,Où est ton manteau ?
4199379,Ce_manteau_est_chaud.mp3,Ce manteau est chaud.
4199375,Mets_ton_manteau_.mp3,Mets ton manteau.
4199373,Prends_ton_manteau_.mp3,Prends ton manteau.
4198640,Qui_a_cassé_la_chais.mp3,Qui a cassé la chaise ?
4198639,C_est_ma_chaise_.mp3,C'est ma chaise.
4198638,La_chaise_est_cassée.mp3,La chaise est cassée.
4198251,J_ai_eu_une_matinée_.mp3,J'ai eu une matinée chargée.
4184288,Fais_profil_bas_.mp3,Fais profil bas.
4145214,N_y_pense_pas_.mp3,N'y pense pas.
4145213,N_y_pensez_pas_.mp3,N'y pensez pas.
4128742,On_peut_le_faire_tou.mp3,On peut le faire tous les deux.
4122191,Combien_d_années_a_c.mp3,Combien d'années a cette télé ?
4104962,Nous_sommes_attaqués.mp3,Nous sommes attaqués.
4101296,Je_suis_très_sérieux.mp3,Je suis très sérieux.
4101235,Ils_sont_tombés_.mp3,Ils sont tombés.
4099757,J_adore_lire_.mp3,J'adore lire.
4099539,Je_suis_orphelin_.mp3,Je suis orphelin.
4099500,Tom_est_allé_à_l_égl.mp3,Tom est allé à l'église avec Marie.
4099415,Où_se_situe_la_pharm.mp3,Où se situe la pharmacie ?
4099414,Où_se_trouve_la_phar.mp3,Où se trouve la pharmacie ?
4099413,Où_est_la_pharmacie_.mp3,Où est la pharmacie ?
4097077,Ils_sont_là_.mp3,Ils sont là.
4096610,Je_ne_suis_qu_un_ens.mp3,Je ne suis qu'un enseignant.
4092948,Personne_ne_m_a_prév.mp3,Personne ne m'a prévenu.
4082683,Tu_as_l_air_confiant.mp3,Tu as l'air confiant.
4081073,Les_taxis_sont_chers.mp3,Les taxis sont chers.
4081046,Tu_vis_ici__.mp3,Tu vis ici ?
4080927,Ne_gobe_pas_ça_.mp3,Ne gobe pas ça.
4080926,N_achète_pas_ça_.mp3,N'achète pas ça.
4080784,Je_sens_le_café_.mp3,Je sens le café.
4080780,Elles_sont_très_occu.mp3,Elles sont très occupées.
4080750,Tom_tendit_une_tasse.mp3,Tom tendit une tasse de café à Marie.
4080584,Ils_sont_très_occupé.mp3,Ils sont très occupés.
4080580,La_télé_est_cassée_.mp3,La télé est cassée.
4080573,Apportez_moi_ma_cann.mp3,Apportez-moi ma canne.
4080499,Tom_est_assis_derriè.mp3,Tom est assis derrière Marie en cours de français.
4078315,Tom_a_peut_être_été_.mp3,Tom a peut-être été à Boston avec Marie la semaine dernière.
4078314,J_ai_dormi_dans_le_b.mp3,J'ai dormi dans le bus.
4074138,Lequel_est_le_meille.mp3,Lequel est le meilleur?
4063899,J_adore_les_bananes_.mp3,J'adore les bananes frites.
4050099,Puis_je_emprunter_le.mp3,Puis-je emprunter le tien ?
4050031,Ça_me_rend_heureux_.mp3,Ça me rend heureux.
4050021,Nous_l_avons_trouvé_.mp3,Nous l'avons trouvé.
4049995,C_est_vraiment_simpl.mp3,C'est vraiment simple.
4049857,C_est_Noël_.mp3,C'est Noël.
4049841,Tu_ne_peux_pas_te_pl.mp3,Tu ne peux pas te plaindre.
4049837,Nous_avons_besoin_d_.mp3,Nous avons besoin d'aide.
4049830,Est_ce_vraiment_toi_.mp3,Est-ce vraiment toi ?
4043098,Nous_ne_pouvons_pas_.mp3,Nous ne pouvons pas le voir.
4043082,Je_veux_que_tu_arrêt.mp3,Je veux que tu arrêtes.
4036112,Je_voulais_que_tu_ga.mp3,Je voulais que tu gagnes.
4022176,Essaie_de_rester_éve.mp3,Essaie de rester éveillé.
4022174,Essaie_de_ne_pas_bâi.mp3,Essaie de ne pas bâiller.
4011161,C_est_si_évident_.mp3,C'est si évident.
4008681,Vous_ai_je_bien_ente.mp3,Vous ai-je bien entendues ?
4008680,Vous_ai_je_bien_ente.mp3,Vous ai-je bien entendus ?
4008678,T_ai_je_bien_entendu.mp3,T'ai-je bien entendu ?
4008676,Vous_ai_je_bien_ente.mp3,Vous ai-je bien entendu ?
4002630,Tom_n_a_pas_le_même_.mp3,Tom n'a pas le même âge que Marie.
4002629,Tom_est_aussi_grand_.mp3,Tom est aussi grand que Marie.
4002127,Vous_pouvez_avoir_co.mp3,Vous pouvez avoir confiance en moi.
3992979,Tom_pensait_que_Mari.mp3,Tom pensait que Marie l'aimait.
3989820,Ça_serait_trop_facil.mp3,Ça serait trop facile.
3987355,Ça_n_a_pas_fonctionn.mp3,Ça n'a pas fonctionné.
3986418,Écoutez_moi__s_il_vo.mp3,"Écoutez-moi, s'il vous plaît."
3983374,C_était_bruyant_.mp3,C'était bruyant.
3982958,Tom_n_était_pas_prêt.mp3,"Tom n'était pas prêt à accepter l'amour de Marie, ni son amitié."
3981505,Permettez_moi_d_essa.mp3,Permettez-moi d'essayer quelque chose.
3980230,Comment_puis_je_le_p.mp3,Comment puis-je le prouver ?
3980197,Comment_puis_je_perd.mp3,Comment puis-je perdre ?
3979741,J_ai_une_voiture_rou.mp3,J'ai une voiture rouge.
3978183,Tom_et_Marie_font_la.mp3,Tom et Marie font la même taille.
3978174,Je_savais_que_c_étai.mp3,Je savais que c'était une blague.
3978164,Vous_êtes_conscienci.mp3,Vous êtes consciencieuses.
3978163,Vous_êtes_conscienci.mp3,Vous êtes consciencieuse.
3978162,Tu_es_consciencieuse.mp3,Tu es consciencieuse.
3978161,Vous_êtes_conscienci.mp3,Vous êtes consciencieux.
3978160,Tu_es_consciencieux_.mp3,Tu es consciencieux.
3977258,Nous_sommes_trop_vie.mp3,Nous sommes trop vieux.
3976463,Tom_n_aurait_pas_dû_.mp3,Tom n'aurait pas dû épouser Marie.
3976461,Tom_et_Marie_ont_rom.mp3,Tom et Marie ont rompu la semaine dernière.
3975980,Tom_n_en_a_jamais_pa.mp3,Tom n'en a jamais parlé à Marie.
3957896,Tom_et_Marie_ont_rom.mp3,Tom et Marie ont rompu.
3957891,Je_ne_suis_pas_cyniq.mp3,Je ne suis pas cynique à ce point-là.
3954588,Je_vais_tenter_le_co.mp3,Je vais tenter le coup.
3954460,Il_ne_dort_pas_.mp3,Il ne dort pas.
3951162,Sommes_nous_prêts__.mp3,Sommes-nous prêts ?
3947934,Laquelle_est_la_mien.mp3,Laquelle est la mienne ?
3947820,Il_n_est_pas_capable.mp3,Il n'est pas capable de le faire.
3940913,C_est_la_saison_des_.mp3,C'est la saison des cerfs.
3931644,Ça_peut_arriver_.mp3,Ça peut arriver.
3930726,À_qui_est_ce_papier_.mp3,À qui est ce papier-ci ?
3926518,Je_tiendrai_ma_prome.mp3,Je tiendrai ma promesse.
3888986,Je_ne_parierais_pas_.mp3,Je ne parierais pas là-dessus.
3886528,Je_vous_ai_fait_des_.mp3,Je vous ai fait des cookies.
3882295,Sont_ils_frères__.mp3,Sont-ils frères ?
3878204,Nous_sommes_déprimés.mp3,Nous sommes déprimés.
3866892,Tu_connais_cette_cha.mp3,Tu connais cette chanson ?
3862659,Je_trouve_cela_curie.mp3,Je trouve cela curieux.
3836972,J_étais_en_train_de_.mp3,J'étais en train de chanter.
3828215,Je_suis_dans_la_baig.mp3,Je suis dans la baignoire.
3801900,Tu_es_un_peu_en_reta.mp3,Tu es un peu en retard.
3800322,J_ai_promis_d_y_alle.mp3,J'ai promis d'y aller.
3798601,Ils_envoient_de_l_ai.mp3,Ils envoient de l'aide.
3798575,As_tu_tes_clefs_.mp3,As-tu tes clefs?
3798490,On_a_eu_une_énorme_d.mp3,On a eu une énorme dispute.
3794761,Je_suis_d_accord_ave.mp3,Je suis d’accord avec lui.
3794687,Je_vais_en_choisir_u.mp3,Je vais en choisir un.
3794649,Quand_est_ce_que_ça_.mp3,Quand est-ce que ça arrivera ?
3794276,Mon_âge_me_pèse_.mp3,Mon âge me pèse.
3794274,Je_sens_le_poids_des.mp3,Je sens le poids des ans.
3793603,Je_suis_un_peu_bourr.mp3,Je suis un peu bourrée.
3789953,Changement_d_herbage.mp3,Changement d'herbage réjouit les veaux.
3787528,On_est_enfin_seules_.mp3,On est enfin seules.
3787527,On_est_enfin_seuls_.mp3,On est enfin seuls.
3787524,Nous_sommes_enfin_se.mp3,Nous sommes enfin seules.
3787523,Nous_sommes_enfin_se.mp3,Nous sommes enfin seuls.
3787463,J_aurais_dit_oui_.mp3,J’aurais dit oui.
3774710,Tom_et_Marie_jouent_.mp3,Tom et Marie jouent à un jeu vidéo.
3773718,Dites_le_en_français.mp3,Dites-le en français.
3773717,Dis_le_en_français_.mp3,Dis-le en français.
3768027,Ça_ne_brûle_pas_.mp3,Ça ne brûle pas.
3759496,Il_a_à_peu_près_mon_.mp3,Il a à peu près mon âge.
3746272,Je_suis_déjà_mariée_.mp3,Je suis déjà mariée.
3746271,Je_suis_déjà_marié_.mp3,Je suis déjà marié.
3741458,Je_suis_claustrophob.mp3,Je suis claustrophobe.
3718862,Cela_aide_beaucoup_.mp3,Cela aide beaucoup.
3718835,Cela_m_inquiète_.mp3,Cela m'inquiète.
3718808,Un_peu_de_sérieux_.mp3,Un peu de sérieux.
3718789,Nous_allons_nous_amu.mp3,Nous allons nous amuser.
3714828,Tom_et_Marie_ont_tro.mp3,Tom et Marie ont trois filles.
3713626,J_étudie_les_mathéma.mp3,J'étudie les mathématiques.
3712249,Nous_sommes_anxieux_.mp3,Nous sommes anxieux.
3693583,Nous_vous_aiderons_.mp3,Nous vous aiderons.
3693582,Nous_t_aiderons_.mp3,Nous t'aiderons.
3693573,C_est_tout_ce_que_no.mp3,C'est tout ce que nous avons vu.
3693565,Mets_un_peu_de_musiq.mp3,Mets un peu de musique.
3693527,Je_ne_voulais_pas_mo.mp3,Je ne voulais pas mourir.
3692497,Pourquoi_avez_vous_b.mp3,Pourquoi avez-vous besoin d'eux ?
3692496,Pourquoi_as_tu_besoi.mp3,Pourquoi as-tu besoin d'eux ?
3692488,J_ai_une_solution_.mp3,J'ai une solution.
3692482,Où_est_ta_chemise__.mp3,Où est ta chemise ?
3692480,Nettoie_ce_bazar_.mp3,Nettoie ce bazar.
3692479,Nettoyez_ce_bazar_.mp3,Nettoyez ce bazar.
3692466,Vous_m_avez_abandonn.mp3,Vous m'avez abandonné.
3692449,Je_ne_veux_pas_jouer.mp3,Je ne veux pas jouer.
3692431,Je_n_ai_pas_été_invi.mp3,Je n'ai pas été invité.
3689817,Je_sais_que_j_ai_tor.mp3,Je sais que j'ai tort.
3689041,Je_suis_désolé_.mp3,Je suis désolé.
3684426,Est_ce_l_amour__.mp3,Est-ce l'amour ?
3674723,Tous_les_pays_d_Euro.mp3,Tous les pays d'Europe portent le nom d'un de leurs envahisseurs.
3674694,Je_suis_allergique_a.mp3,Je suis allergique aux chiens.
3671181,Demande_à_quiconque_.mp3,Demande à quiconque !
3670122,Je_suis_veinard_.mp3,Je suis veinard.
3669703,Comment_va_le_travai.mp3,Comment va le travail ?
3666796,Elle_a_une_longue_ch.mp3,Elle a une longue chevelure.
3666794,Elle_a_de_longs_chev.mp3,Elle a de longs cheveux.
3665362,Tom_laissa_Marie_s_e.mp3,Tom laissa Marie s’en aller plus tôt.
3659148,Je_fermai_mon_parapl.mp3,Je fermai mon parapluie.
3654170,C_est_à_quel_sujet__.mp3,C’est à quel sujet ?
3647357,J_ai_dit_non_.mp3,J'ai dit non.
3642157,Je_suis_flic_.mp3,Je suis flic.
3640836,Allez_au_lit__.mp3,Allez au lit !
3640835,Au_lit__.mp3,Au lit !
3640834,Va_au_lit__.mp3,Va au lit !
3640819,On_est_partis__.mp3,On est partis !
3634409,Je_l_aime_bien_.mp3,Je l'aime bien.
3633566,Nous_l_apprécions_.mp3,Nous l'apprécions.
3633553,J_aime_ça_.mp3,J'aime ça.
3632417,J_ai_besoin_d_un_nou.mp3,J'ai besoin d'un nouveau vélo.
3628063,Où_est_ta_mère__.mp3,Où est ta mère ?
3628062,Où_est_le_chien__.mp3,Où est le chien ?
3628047,Où_sommes_nous_maint.mp3,Où sommes-nous maintenant ?
3628029,Où_sont_les_enfants_.mp3,Où sont les enfants ?
3628021,Où_avez_vous_vécu__.mp3,Où avez-vous vécu ?
3627911,Où_irez_vous__.mp3,Où irez-vous ?
3627873,Où_est_votre_chien__.mp3,Où est votre chien ?
3627804,Où_est_l_hôpital__.mp3,Où est l'hôpital ?
3627798,Où_trouver_un_miroir.mp3,Où trouver un miroir ?
3627763,Où_est_le_beurre__.mp3,Où est le beurre ?
3627414,Où_est_la_boîte_aux_.mp3,Où est la boîte aux lettres ?
3627330,Ici_est_le_royaume_d.mp3,Ici est le royaume des niais qui pensent que des enfants de quinze ans maîtrisent quinze langues. Ben voyons...
3603426,Tom_ne_voulait_pas_q.mp3,Tom ne voulait pas que Marie conduise ivre.
3597384,C_est_normal_.mp3,C'est normal.
3597358,Il_y_a_une_fuite_de_.mp3,Il y a une fuite de gaz.
3597143,Qui_sont_elles__.mp3,Qui sont-elles ?
3597142,Qui_sont_ils__.mp3,Qui sont-ils ?
3585137,Je_vais_réessayer_.mp3,Je vais réessayer.
3585011,Vous_m_ennuyez_.mp3,Vous m'ennuyez.
3577613,Allons_y_en_train_.mp3,Allons-y en train.
3576809,Personne_ne_me_respe.mp3,Personne ne me respecte.
3573404,Je_t_ai_eue_.mp3,Je t’ai eue.
3573403,Je_t_ai_eu_.mp3,Je t’ai eu.
3571957,C_est_comment__ton_n.mp3,"C’est comment, ton nouveau boulot ?"
3561773,Chaque_minute_compte.mp3,Chaque minute compte.
3557675,J_aime_pas_les_chien.mp3,J’aime pas les chiens.
3557547,Bonjour_.mp3,Bonjour.
3557104,J_ai_brulé_le_papier.mp3,J'ai brulé le papier.
3551584,À_quel_point_tu_as_f.mp3,À quel point tu as faim ?
3551178,Je_fais_mon_devoir_.mp3,Je fais mon devoir.
3534824,J_ai_été_humilié_.mp3,J'ai été humilié.
3534818,On_m_a_humilié_.mp3,On m'a humilié.
3530935,Il_me_faut_beaucoup_.mp3,Il me faut beaucoup de temps.
3524234,Comment_va_votre_pèr.mp3,Comment va votre père ?
3499403,Tom_n_a_pas_pu_répon.mp3,Tom n'a pas pu répondre à toutes les questions de Marie.
3499389,Tom_a_volé_beaucoup_.mp3,Tom a volé beaucoup d'argent à Marie.
3499367,Je_peux_marcher_.mp3,Je peux marcher.
3499364,Regarde_celui_ci_.mp3,Regarde celui-ci.
3497665,Nous_sommes_des_amis.mp3,Nous sommes des amis proches.
3487611,Avais_tu_les_yeux_ba.mp3,Avais-tu les yeux bandés ?
3487609,Ça_ne_s_est_pas_bien.mp3,Ça ne s'est pas bien passé.
3487277,Vous_vous_trompez_.mp3,Vous vous trompez.
3485365,Tom_lança_la_balle_v.mp3,Tom lança la balle vers Marie.
3484655,La_phrase_allemande_.mp3,"La phrase allemande idéalement achevée tend essentiellement au silence : après le verbe, il n'y a plus rien à ajouter."
3483498,Tu_ne_peux_pas_y_all.mp3,Tu ne peux pas y aller maintenant.
3483492,On_pourrait_avoir_be.mp3,On pourrait avoir besoin de toi.
3483490,Tu_es_trop_naïve_.mp3,Tu es trop naïve.
3483486,Prends_l_argent_.mp3,Prends l'argent.
3483463,Tu_pourrais_m_aider_.mp3,Tu pourrais m'aider.
3483462,Vous_vous_êtes_cassé.mp3,Vous vous êtes cassé la jambe.
3483459,Vous_deux__vous_pouv.mp3,"Vous deux, vous pouvez partir."
3483456,Tu_m_as_mis_en_retar.mp3,Tu m'as mis en retard.
3483454,Tu_trouveras_du_trav.mp3,Tu trouveras du travail.
3483446,Vous_feriez_mieux_d_.mp3,Vous feriez mieux d'entrer.
3483441,Il_faut_que_tu_te_ca.mp3,Il faut que tu te caches.
3483401,Vous_êtes_libres_de_.mp3,Vous êtes libres de partir.
3483263,Tu_t_es_cassé_le_bra.mp3,Tu t'es cassé le bras.
3483262,Vous_me_payez_très_b.mp3,Vous me payez très bien.
3483157,Ce_n_était_pas_une_f.mp3,Ce n'était pas une fête.
3483142,Il_est_malpoli_.mp3,Il est malpoli.
3483131,Tom_est_derrière_Mar.mp3,Tom est derrière Marie.
3483119,Ça_me_regarde_.mp3,Ça me regarde.
3483003,J_adore_cette_histoi.mp3,J'adore cette histoire.
3482113,J_adore_les_bananes_.mp3,J'adore les bananes.
3481617,Ce_n_est_pas_une_rép.mp3,Ce n'est pas une réponse.
3474196,La_pause_est_finie_.mp3,La pause est finie.
3474182,Maintenant__fêtons_ç.mp3,"Maintenant, fêtons ça."
3474150,Comment_s_est_passée.mp3,Comment s'est passée la réunion?
3472648,Tom_poussa_Marie_par.mp3,Tom poussa Marie par la fenêtre.
3472561,Les_abeilles_font_du.mp3,Les abeilles font du miel.
3472547,J_ai_trois_sœurs_.mp3,J'ai trois sœurs.
3472272,Me_voilà_satisfait_.mp3,Me voilà satisfait.
3471257,C_est_très_improbabl.mp3,C'est très improbable.
3470835,L_acuité_intellectue.mp3,"L'acuité intellectuelle, qui est le propre de l'exilé, suscite invariablement la méfiance des sédentaires, qui refusent de se dessaisir de leurs certitudes immédiates."
3470513,Tu_pourrais_avoir_be.mp3,Tu pourrais avoir besoin de ceci.
3470512,Vous_devriez_arrêter.mp3,Vous devriez arrêter ça.
3470509,Vous_pourriez_essaye.mp3,Vous pourriez essayer ça.
3470506,Tu_m_as_appris_cela_.mp3,Tu m'as appris cela.
3470496,Vous_aviez_effective.mp3,Vous aviez effectivement dit cela.
3470493,Tu_as_l_air_fort_.mp3,Tu as l'air fort.
3470492,Tu_es_toujours_mon_f.mp3,Tu es toujours mon fils.
3470488,Tu_m_as_rendu_fier_.mp3,Tu m'as rendu fier.
3470483,Tu_es_vraiment_jolie.mp3,Tu es vraiment jolie.
3470480,Tu_m_as_fichu_la_tro.mp3,Tu m'as fichu la trouille.
3470468,Tu_peux_regarder__ma.mp3,"Tu peux regarder, maintenant."
3470465,Tu_ne_peux_pas_dire_.mp3,Tu ne peux pas dire non.
3470460,Vous_savez_de_qui_je.mp3,Vous savez de qui je veux parler.
3470459,Vous_avez_demandé_à_.mp3,Vous avez demandé à me voir.
3470457,Tu_dois_m_aider_.mp3,Tu dois m'aider.
3470455,Tu_ne_peux_pas_me_ba.mp3,Tu ne peux pas me battre.
3470452,Vous_pouvez_me_citer.mp3,Vous pouvez me citer.
3470449,Tu_m_as_fait_beaucou.mp3,Tu m'as fait beaucoup de mal.
3470446,Vous_êtes_arrivé_en_.mp3,Vous êtes arrivé en retard.
3470440,Tu_devrais_essayer_.mp3,Tu devrais essayer.
3470439,Vous_saviez_que_j_ét.mp3,Vous saviez que j'étais là.
3470437,Tu_as_seulement_beso.mp3,Tu as seulement besoin d'aide.
3470436,Tu_as_mon_casque_.mp3,Tu as mon casque.
3470435,Tu_m_as_eu_.mp3,Tu m'as eu.
3470433,Vous_avez_de_la_fièv.mp3,Vous avez de la fièvre.
3470431,Tu_me_dois_une_faveu.mp3,Tu me dois une faveur.
3470430,Tu_es_arrivé_vite_.mp3,Tu es arrivé vite.
3470427,Vous_avez_eu_une_lon.mp3,Vous avez eu une longue journée.
3470424,Tu_n_es_qu_un_enfant.mp3,Tu n'es qu'un enfant.
3470421,Tu_me_dois_une_bière.mp3,Tu me dois une bière.
3470419,Tu_parles_que_je_sui.mp3,Tu parles que je suis fâché.
3470380,J_attends_encore_.mp3,J'attends encore.
3470352,Hier__Tom_a_joué_au_.mp3,"Hier, Tom a joué au tennis avec Marie."
3469051,Nous_nous_dirigeons_.mp3,Nous nous dirigeons vers le nord.
3469017,J_écoute_.mp3,J'écoute.
3468536,Peux_tu_te_taire_.mp3,Peux-tu te taire?
3466465,Je_suis_votre_voisin.mp3,Je suis votre voisin.
3465328,Êtes_vous_fatiguée__.mp3,Êtes-vous fatiguée ?
3465325,Êtes_vous_fatiguées_.mp3,Êtes-vous fatiguées ?
3465323,Êtes_vous_lasses__.mp3,Êtes-vous lasses ?
3465322,Êtes_vous_las__.mp3,Êtes-vous las ?
3465321,Êtes_vous_fatigués__.mp3,Êtes-vous fatigués ?
3464993,La_cloche_sonne_.mp3,La cloche sonne.
3464932,Tom_enseigne_le_fran.mp3,Tom enseigne le français à Marie.
3463848,Nous_mangions_des_œu.mp3,Nous mangions des œufs.
3453804,J_ai_repris_le_busin.mp3,J'ai repris le business.
3453795,Cela_n_a_rien_de_fac.mp3,Cela n'a rien de facultatif.
3451953,Es_tu_débrouillard_.mp3,Es-tu débrouillard?
3451172,Je_m_en_rends_compte.mp3,Je m'en rends compte.
3451168,Asseyons_nous_.mp3,Asseyons-nous.
3451163,Elle_a_eu_pitié_de_l.mp3,Elle a eu pitié de lui.
3451160,Nous_voici_donc_de_n.mp3,Nous voici donc de nouveau au même point.
3451148,Nous_sommes_claustro.mp3,Nous sommes claustrophobes.
3451031,Je_suis_raisonnable_.mp3,Je suis raisonnable.
3450318,Vous_m_avez_bien_mot.mp3,Vous m'avez bien motivé.
3448643,Entre_une_minute_.mp3,Entre une minute.
3448128,Garde_ton_manteau_su.mp3,Garde ton manteau sur toi.
3448065,Es_tu_satisfait_.mp3,Es-tu satisfait?
3448037,Allons_camper_.mp3,Allons camper.
3447931,Cela_a_l_air_telleme.mp3,Cela a l'air tellement réel.
3447676,Ils_vont_bientôt_rev.mp3,Ils vont bientôt revenir.
3444263,On_n_a_plus_le_temps.mp3,On n'a plus le temps.
3440568,J_ai_craché_du_sang_.mp3,J'ai craché du sang.
3439322,Ce_lac_est_profond_.mp3,Ce lac est profond.
3439105,Ne_paniquons_pas_.mp3,Ne paniquons pas.
3433167,Tom_a_finalement_eu_.mp3,Tom a finalement eu le courage de demander à Marie de sortir avec lui.
3432885,Tentez_votre_chance_.mp3,Tentez votre chance.
3431801,C_est_fâcheux_.mp3,C’est fâcheux.
3430755,Nous_ne_comptons_pas.mp3,Nous ne comptons pas abandonner.
3428248,Garde_ça_en_tête_.mp3,Garde ça en tête.
3428160,Tu_as_trop_confiance.mp3,Tu as trop confiance en toi.
3427788,Cherchez_des_indices.mp3,Cherchez des indices.
3419436,Peut_être_viendra_t_.mp3,Peut-être viendra-t-il.
3417771,Arrêtez_vous_où_vous.mp3,Arrêtez-vous où vous êtes.
3417770,Arrête_toi_où_tu_es_.mp3,Arrête-toi où tu es.
3416591,Ça_doit_être_ici_.mp3,Ça doit être ici.
3416583,Ça_devait_être_enlev.mp3,Ça devait être enlevé.
3416549,Peut_être_devrions_n.mp3,Peut-être devrions-nous parler.
3414980,Tom_ne_sait_pas_exac.mp3,Tom ne sait pas exactement où vit Marie.
3400948,Ça_va__tout_le_monde.mp3,"Ça va, tout le monde ?"
3392707,Discutons_en_mainten.mp3,Discutons-en maintenant.
3386105,Tom_et_Marie_parlaie.mp3,Tom et Marie parlaient en français. Je n'avais donc aucune idée de ce dont ils discutaient.
3385184,J_ai_besoin_d_un_câl.mp3,J'ai besoin d'un câlin.
3383104,T_es_là__.mp3,T’es là ?
3374433,Je_déteste_les_haric.mp3,Je déteste les haricots.
3357385,As_tu_honte_de_moi__.mp3,As-tu honte de moi ?
3353218,Est_ce_que_tu_aimes_.mp3,Est-ce que tu aimes les chiens ?
3349654,J_enseigne_la_langue.mp3,J'enseigne la langue française.
3341400,Tom_dit_à_Marie_de_n.mp3,Tom dit à Marie de ne pas attendre John.
3325730,Qui_d_autre_est_ici_.mp3,Qui d'autre est ici ?
3314454,Je_suis_en_train_de_.mp3,Je suis en train de lire un livre.
3309085,C_est_un_énorme_mens.mp3,C'est un énorme mensonge.
3309066,Tom_est_bien_plus_gr.mp3,Tom est bien plus gros que Marie.
3308793,Est_ce_de_l_amour__.mp3,Est-ce de l'amour ?
3295186,Je_suis_un_vendeur_.mp3,Je suis un vendeur.
3293480,Nous_y_allons_tous_.mp3,Nous y allons tous.
3292165,Nous_sommes_sauveteu.mp3,Nous sommes sauveteurs.
3288977,Laquelle_est_votre_g.mp3,Laquelle est votre guitare ?
3281620,J_ai_été_forcé_d_y_a.mp3,J'ai été forcé d'y aller.
3281619,J_ai_été_forcé_à_y_a.mp3,J'ai été forcé à y aller.
3281618,On_m_a_forcé_à_y_all.mp3,On m'a forcé à y aller.
3281611,Je_ne_suis_pas_si_ra.mp3,Je ne suis pas si rapide.
3278225,Ça_serait_drôle_.mp3,Ça serait drôle.
3273776,Ça_vous_plaît__.mp3,Ça vous plaît ?
3273132,J_ai_la_fringale_.mp3,J'ai la fringale.
3272119,Elles_n_ont_rien_vu_.mp3,Elles n'ont rien vu.
3271484,Pourquoi_ils_ont_fai.mp3,Pourquoi ils ont fait ça ?
3271416,Tu_peux_utiliser_le_.mp3,Tu peux utiliser le mien.
3271394,Cite_moi_un_exemple_.mp3,Cite-moi un exemple.
3269292,Puis_je_emprunter_un.mp3,Puis-je emprunter une règle ?
3269280,J_ai_oublié_mon_styl.mp3,J'ai oublié mon stylo.
3268604,Elle_s_assit_à_côté_.mp3,Elle s'assit à côté de moi.
3268600,Elle_s_est_assise_pr.mp3,Elle s'est assise près de moi.
3260199,J_ai_signé_le_chèque.mp3,J'ai signé le chèque.
3259554,Quoi_de_nouveau__.mp3,Quoi de nouveau ?
3259337,Je_ne_peux_pas_vous_.mp3,Je ne peux pas vous aider maintenant.
3259335,Donne_moi_la_main_.mp3,Donne-moi la main.
3258545,Je_n_ai_pas_de_coute.mp3,Je n'ai pas de couteau.
3258183,J_ai_besoin_d_y_alle.mp3,J'ai besoin d'y aller.
3258114,Ne_te_brûle_pas_.mp3,Ne te brûle pas.
3257994,J_ai_allumé_la_lampe.mp3,J'ai allumé la lampe.
3257976,Pouvez_vous_nous_aid.mp3,Pouvez-vous nous aider ?
3257940,Est_ce_que_je_peux_v.mp3,Est-ce que je peux vous accompagner ?
3256419,Qu_est_ce_que_tu_vou.mp3,Qu'est-ce que tu voudrais ?
3256362,Quel_temps_fait_il__.mp3,Quel temps fait-il ?
3256346,Qu_est_ce_que_tu_veu.mp3,Qu'est-ce que tu veux ?
3249776,J_ai_besoin_de_glace.mp3,J'ai besoin de glace.
3233506,Tom_se_plie_en_quatr.mp3,Tom se plie en quatre pour plaire à Marie.
3233485,Nous_allons_à_la_cha.mp3,Nous allons à la chasse.
3230879,Je_peux_vous_aider_.mp3,Je peux vous aider.
3230878,Je_peux_t_aider_.mp3,Je peux t'aider.
3230380,C_est_très_humide_.mp3,C'est très humide.
3230351,Vous_êtes_hideux_.mp3,Vous êtes hideux.
3230349,Vous_êtes_hideuses_.mp3,Vous êtes hideuses.
3229495,Je_parie_que_tu_sais.mp3,Je parie que tu sais ceci.
3227497,S_il_te_plaît__tiens.mp3,"S'il te plaît, tiens-toi tranquille."
3227496,S_il_vous_plaît__ten.mp3,"S'il vous plaît, tenez-vous tranquilles."
3227495,S_il_vous_plaît__ten.mp3,"S'il vous plaît, tenez-vous tranquille."
3227373,Le_bébé_est_en_train.mp3,Le bébé est en train de marcher à quatre pattes.
3227371,Le_bébé_est_en_train.mp3,Le bébé est en train de ramper.
3227370,Le_bébé_marche_à_qua.mp3,Le bébé marche à quatre pattes.
3227368,Le_bébé_rampe_.mp3,Le bébé rampe.
3227335,Il_a_choisi_une_bonn.mp3,Il a choisi une bonne épouse.
3227313,Tom_a_vu_Marie_pleur.mp3,Tom a vu Marie pleurer.
3227312,Tom_a_vu_Marie_en_tr.mp3,Tom a vu Marie en train de pleurer.
3226783,Vous_n_êtes_pas_seul.mp3,Vous n'êtes pas seule.
3226782,Vous_n_êtes_pas_seul.mp3,Vous n'êtes pas seules.
3226781,Vous_n_êtes_pas_seul.mp3,Vous n'êtes pas seuls.
3226780,Vous_n_êtes_pas_seul.mp3,Vous n'êtes pas seul.
3226778,Tu_n_es_pas_seule_.mp3,Tu n'es pas seule.
3226777,Tu_n_es_pas_seul_.mp3,Tu n'es pas seul.
3226684,Tom_et_Marie_ont_tou.mp3,Tom et Marie ont tous les deux commencés à rire.
3226647,Je_ne_suis_pas_dange.mp3,Je ne suis pas dangereux.
3226642,Le_danger_est_passé_.mp3,Le danger est passé.
3226489,C_est_un_brave_homme.mp3,C'est un brave homme.
3225953,Je_suis_le_professeu.mp3,Je suis le professeur.
3225898,Tu_ne_peux_pas_y_all.mp3,Tu ne peux pas y aller.
3225893,Je_pars_en_voyage_.mp3,Je pars en voyage.
3225845,Il_ne_fait_pas_si_fr.mp3,Il ne fait pas si froid aujourd'hui.
3225841,Je_veux_acheter_un_l.mp3,Je veux acheter un livre.
3225765,Je_veux_aller_pêcher.mp3,Je veux aller pêcher.
3225525,Pourquoi_n_es_tu_pas.mp3,Pourquoi n'es-tu pas prête ?
3224756,C_est_de_l_or_.mp3,C'est de l'or.
3224751,Il_avait_l_air_en_bo.mp3,Il avait l'air en bonne santé.
3224750,Il_avait_l_air_bien_.mp3,Il avait l'air bien.
3224739,Ils_ont_tous_parlé_.mp3,Ils ont tous parlé.
3224738,Ils_n_aident_pas_.mp3,Ils n'aident pas.
3224736,Elles_se_tenaient_le.mp3,Elles se tenaient les mains.
3224734,Ils_se_tenaient_les_.mp3,Ils se tenaient les mains.
3224730,Nous_allons_répondre.mp3,Nous allons répondre.
3224270,Je_marche_toujours_.mp3,Je marche toujours.
3224233,N_abandonne_jamais_.mp3,N'abandonne jamais.
3222403,Dis_____s_il_te_plaî.mp3,Dis : « s'il te plaît ».
3221882,Je_peux_lire_.mp3,Je peux lire.
3221881,Je_sais_lire_.mp3,Je sais lire.
3221843,Qu_avez_vous_écrit__.mp3,Qu'avez-vous écrit ?
3221841,Qu_as_tu_écrit__.mp3,Qu'as-tu écrit ?
3221657,Avez_vous_encore_peu.mp3,Avez-vous encore peur ?
3221655,As_tu_encore_peur__.mp3,As-tu encore peur ?
3221518,C_est_une_règle_stup.mp3,C'est une règle stupide.
3220581,Ils_vont_aimer_cela_.mp3,Ils vont aimer cela.
3220580,Ils_aimeront_cela_.mp3,Ils aimeront cela.
3220531,Dansez_avec_moi_.mp3,Dansez avec moi.
3220529,Danse_avec_moi_.mp3,Danse avec moi.
3219575,Êtes_vous_toujours_e.mp3,Êtes-vous toujours effrayés ?
3219574,Êtes_vous_toujours_e.mp3,Êtes-vous toujours effrayées ?
3219573,Es_tu_toujours_effra.mp3,Es-tu toujours effrayée ?
3219572,Es_tu_toujours_effra.mp3,Es-tu toujours effrayé ?
3219540,Il_n_y_avait_pas_de_.mp3,Il n'y avait pas de couteaux.
3219136,Aujourd_hui_on_est_m.mp3,Aujourd'hui on est mercredi.
3218825,Pense_à_ton_futur_.mp3,Pense à ton futur.
3218733,Diviser_pour_régner_.mp3,Diviser pour régner.
3217698,Je_suis_simplement_f.mp3,Je suis simplement fatigué.
3217690,Tom_amena_Marie_ici_.mp3,Tom amena Marie ici.
3217685,Tom_n_aurait_pas_dû_.mp3,Tom n'aurait pas dû emprunter la voiture de Marie.
3217645,Commencez_à_écrire_.mp3,Commencez à écrire.
3217643,Commence_à_écrire_.mp3,Commence à écrire.
3217343,Regarde_dans_le_miro.mp3,Regarde dans le miroir.
3216599,Tom_joue_du_saxophon.mp3,Tom joue du saxophone baryton et Marie joue du saxophone alto.
3215602,Elles_ont_perdu_à_no.mp3,Elles ont perdu à nouveau.
3215599,Ils_ont_perdu_à_nouv.mp3,Ils ont perdu à nouveau.
3215598,Elles_ont_encore_per.mp3,Elles ont encore perdu.
3215597,Ils_ont_encore_perdu.mp3,Ils ont encore perdu.
3215567,Elles_le_méritent_.mp3,Elles le méritent.
3215564,Ils_le_méritent_.mp3,Ils le méritent.
3215558,Je_vais_travailler_s.mp3,Je vais travailler seul.
3215556,Je_travaillerai_seul.mp3,Je travaillerai seul.
3215373,Marie_aime_à_la_fois.mp3,Marie aime à la fois Tom et John.
3214900,Tom_ne_disait_pas_to.mp3,Tom ne disait pas tout à Marie.
3214897,Tom_n_a_pas_tout_dit.mp3,Tom n'a pas tout dit à Marie.
3214875,Tom_aurait_dû_payer_.mp3,Tom aurait dû payer Marie.
3214861,Je_connais_cette_cha.mp3,Je connais cette chanson.
3214679,Attends_jusqu_à_dema.mp3,Attends jusqu'à demain.
3214034,Est_ce_une_bonne_aff.mp3,Est-ce une bonne affaire ?
3213556,Nous_sommes_en_guerr.mp3,Nous sommes en guerre.
3213413,Tu_n_es_pas_spécial_.mp3,Tu n'es pas spécial.
3213408,Elles_sont_trop_gras.mp3,Elles sont trop grasses.
3213407,Elles_sont_trop_gros.mp3,Elles sont trop grosses.
3213406,Ils_sont_trop_gras_.mp3,Ils sont trop gras.
3213405,Ils_sont_trop_gros_.mp3,Ils sont trop gros.
3212819,Il_boit_beaucoup_.mp3,Il boit beaucoup.
3212463,La_voiture_ne_bougea.mp3,La voiture ne bougea pas.
3211616,L_une_d_entre_elles_.mp3,L'une d'entre elles est une espionne.
3211614,L_une_d_elles_est_un.mp3,L'une d'elles est une espionne.
3211613,L_un_d_entre_eux_est.mp3,L'un d'entre eux est un espion.
3211611,L_un_d_eux_est_un_es.mp3,L'un d'eux est un espion.
3211375,Nous_comptons_sur_vo.mp3,Nous comptons sur vous.
3211374,Nous_comptons_sur_to.mp3,Nous comptons sur toi.
3211292,Tom_a_dit_à_Marie_qu.mp3,Tom a dit à Marie qu'il avait terminé le travail quelques jours avant.
3209941,Nous_sommes_une_fami.mp3,Nous sommes une famille.
3209247,Vous_aviez_aussi_rai.mp3,Vous aviez aussi raison.
3209246,Tu_avais_aussi_raiso.mp3,Tu avais aussi raison.
3207654,Je_suis_né_sur_un_ba.mp3,Je suis né sur un bateau.
3206963,Tom_cherche_Marie_.mp3,Tom cherche Marie.
3206841,Tom_a_enseigné_à_lir.mp3,Tom a enseigné à lire à Marie.
3206839,Tom_a_appris_à_lire_.mp3,Tom a appris à lire à Marie.
3187975,Tom_ne_se_lève_pas_t.mp3,"Tom ne se lève pas toujours tôt, mais il le fait toujours avant Marie."
3169173,Nous_sommes_spéciaux.mp3,Nous sommes spéciaux.
3169103,Je_sais_que_tu_te_se.mp3,Je sais que tu te sens triste.
3169040,Tu_as_mangé_mon_sand.mp3,Tu as mangé mon sandwich.
3162974,Je_ne_suis_pas_conte.mp3,Je ne suis pas content.
3141030,Je_ne_fais_que_donne.mp3,Je ne fais que donner un coup de main.
3139277,Est_ce_que_tu_manges.mp3,Est-ce que tu manges du poisson?
3139276,Vous_êtes_influent_.mp3,Vous êtes influent.
3139256,Nous_avions_tous_les.mp3,Nous avions tous les deux faim.
3139166,Tom_ne_veut_pas_déco.mp3,Tom ne veut pas décourager Marie.
3139160,Tom_aurait_dû_suivre.mp3,Tom aurait dû suivre les conseils de Marie.
3139154,Apporte_moi_la_flûte.mp3,Apporte-moi la flûte.
3138740,Je_déteste_être_en_r.mp3,Je déteste être en retard.
3138711,Je_suis_rentré_le_pr.mp3,Je suis rentré le premier à la maison.
3137921,Ne_te_moque_pas_de_m.mp3,Ne te moque pas de moi.
3137882,Tom_pense_beaucoup_d.mp3,Tom pense beaucoup de bien de Marie.
3114053,Tom_ne_croit_pas_à_c.mp3,Tom ne croit pas à ce que dit Marie.
3114037,Je_suis_un_peu_fatig.mp3,Je suis un peu fatigué.
3098507,Elles_sont_allées_au.mp3,Elles sont allées au zoo.
3090943,Surveille_ton_langag.mp3,Surveille ton langage.
3084027,Il_est_venu_en_voitu.mp3,Il est venu en voiture.
3072796,Il_a_eu_de_la_chance.mp3,Il a eu de la chance.
3072680,Nous_ne_sommes_pas_r.mp3,Nous ne sommes pas riches.
3072516,Il_est_l_heure_d_all.mp3,Il est l'heure d'aller au lit.
3071002,Ça_a_pris_une_demi_h.mp3,Ça a pris une demi-heure.
3048218,C_est_notre_devoir_.mp3,C'est notre devoir.
3042440,Arrête_de_râler_.mp3,Arrête de râler.
3029762,J_ai_besoin_d_une_ch.mp3,J'ai besoin d'une chemise propre.
3019467,Je_serai_très_pruden.mp3,Je serai très prudent.
3013129,C_est_très_touchant_.mp3,C’est très touchant.
3006644,Je_ne_veux_pas_mouri.mp3,Je ne veux pas mourir.
3005357,J_ai_mes_raisons_.mp3,J'ai mes raisons.
2991912,Es_tu_à_Boston__.mp3,Es-tu à Boston ?
2991885,Je_suis_encore_sous_.mp3,Je suis encore sous le choc.
2991798,Je_peux_manger_cette.mp3,Je peux manger cette pomme ?
2991334,Tom_consola_Marie_.mp3,Tom consola Marie.
2991332,Tom_consolait_Marie_.mp3,Tom consolait Marie.
2991330,Tom_a_consolé_Marie_.mp3,Tom a consolé Marie.
2991266,Je_suis_mince_.mp3,Je suis mince.
2974592,J_ai_trouvé_l_argent.mp3,J’ai trouvé l’argent.
2969341,Écarte_toi_de_mon_ch.mp3,Écarte-toi de mon chemin.
2965289,Vous_connaissez_les_.mp3,Vous connaissez les gens.
2965266,Devez_vous_rester__.mp3,Devez-vous rester ?
2965230,Je_ne_vous_blâme_pas.mp3,Je ne vous blâme pas.
2965221,Vous_avez_l_air_très.mp3,Vous avez l'air très occupé.
2960509,Tom_a_menacé_Marie_a.mp3,Tom a menacé Marie avec un couteau.
2950062,J_étais_pieds_nus_.mp3,J'étais pieds nus.
2948191,Tu_veux_une_voiture_.mp3,Tu veux une voiture ?
2948078,Elle_a_peu_d_amies_.mp3,Elle a peu d'amies.
2948073,Il_a_peu_d_amies_.mp3,Il a peu d'amies.
2948070,Il_a_peu_d_amis_.mp3,Il a peu d'amis.
2946514,Qui_aime_les_haricot.mp3,Qui aime les haricots ?
2946509,J_aime_ce_film_.mp3,J'aime ce film.
2946508,J_adore_ce_film_.mp3,J'adore ce film.
2946301,J_étais_curieux_.mp3,J'étais curieux.
2946296,Le_veux_tu__.mp3,Le veux-tu ?
2944615,Vous_pouvez_nager_.mp3,Vous pouvez nager.
2944582,Vous_êtes_prévenant_.mp3,Vous êtes prévenant.
2934489,Elle_le_fit_chanter_.mp3,Elle le fit chanter.
2934411,Le_numéro_de_ma_cham.mp3,Le numéro de ma chambre est le 5.
2934270,Essaie_ce_tricot_.mp3,Essaie ce tricot.
2934178,Je_cours_deux_fois_p.mp3,Je cours deux fois par semaine.
2934110,Nous_ne_savons_pas_.mp3,Nous ne savons pas.
2934084,Je_ne_peux_pas_ralen.mp3,Je ne peux pas ralentir.
2931954,Je_déteste_la_violen.mp3,Je déteste la violence.
2928734,J_aime_ces_chapeaux_.mp3,J'aime ces chapeaux.
2928706,Ne_mange_pas_les_huî.mp3,Ne mange pas les huîtres.
2927984,Je_n_étais_pas_press.mp3,Je n'étais pas pressé.
2926759,As_tu_trouvé_du_trav.mp3,As-tu trouvé du travail ?
2924490,Nous_l_avons_fait_pl.mp3,Nous l'avons fait pleurer.
2922324,Je_le_fais_toujours_.mp3,Je le fais toujours.
2910675,Ça_n_est_pas_un_jeu_.mp3,Ça n'est pas un jeu.
2902868,Tom_et_Marie_étaient.mp3,Tom et Marie étaient sur la même longueur d’onde.
2889971,Je_déteste_le_footba.mp3,Je déteste le football.
2888043,Nettoie_mon_dos_s_il.mp3,Nettoie mon dos s'il te plaît.
2887867,Prenons_une_photo_.mp3,Prenons une photo.
2887843,La_seule_raison_pour.mp3,La seule raison pour laquelle Tom est venu à la fête était qu'il espérait que Marie soit présente.
2885999,Possédez_vous_une_vo.mp3,Possédez-vous une voiture ?
2884058,Vous_n_êtes_pas_mour.mp3,Vous n'êtes pas mourant.
2884038,Es_tu_toujours_heure.mp3,Es-tu toujours heureuse ?
2884036,Êtes_vous_toujours_h.mp3,Êtes-vous toujours heureuse?
2884011,Tom_était_le_petit_a.mp3,Tom était le petit ami de Marie avant qu'elle ne rencontre John.
2883747,Tu_conduis_pas_le_mé.mp3,"Tu conduis pas le métro, hein ?"
2881763,Tom_n_aimait_pas_Mar.mp3,Tom n'aimait pas Marie.
2881684,Soit_plus_précis_.mp3,Soit plus précis.
2881683,Soyez_plus_précis_.mp3,Soyez plus précis.
2878319,N_essaye_même_pas_.mp3,N'essaye même pas.
2867467,J_attendrai_jusqu_à_.mp3,J'attendrai jusqu'à midi.
2849763,Marie_est_charmante_.mp3,Marie est charmante.
2849761,Prends_en_un_autre_.mp3,Prends-en un autre.
2846956,Nous_étions_chanceux.mp3,Nous étions chanceux.
2846483,Pourrions_nous_en_di.mp3,Pourrions-nous en discuter ?
2829648,Tom_décida_de_demand.mp3,Tom décida de demander de l'aide auprès de Marie.
2829613,J_ai_besoin_de_30_mi.mp3,J'ai besoin de 30 minutes.
2820386,Tout_le_monde_partit.mp3,Tout le monde partit.
2814970,Je_voulais_aider_Tom.mp3,Je voulais aider Tom à comprendre ce que Marie essayait de lui dire.
2809976,Si_seulement_je_pouv.mp3,Si seulement je pouvais.
2809974,Je_l_ai_ramené_.mp3,Je l'ai ramené.
2809666,C_est_la_réponse_.mp3,C'est la réponse.
2808088,Il_est_trop_tôt_.mp3,Il est trop tôt.
2807257,J_ai_bien_aimé_ton_h.mp3,J'ai bien aimé ton histoire.
2807233,Pourquoi_suis_je_tou.mp3,Pourquoi suis-je toujours en vie ?
2807039,Je_vous_le_donnerai_.mp3,Je vous le donnerai.
2805611,C_est_un_délit_.mp3,C'est un délit.
2805578,Il_tomba_à_la_renver.mp3,Il tomba à la renverse.
2804498,Qui_te_déteste__.mp3,Qui te déteste ?
2804479,Je_suis_un_peu_occup.mp3,Je suis un peu occupé.
2802689,Je_suis_en_forme_.mp3,Je suis en forme.
2800501,Est_ce_que_je_peux_t.mp3,Est-ce que je peux te parler ?
2799247,J_adore_cette_écharp.mp3,J'adore cette écharpe.
2799237,J_ai_entendu_un_brui.mp3,J'ai entendu un bruit.
2792526,Il_est_souvent_facil.mp3,Il est souvent facile de voir quelque chose qu'on ne peut expliquer et d'en rendre responsable quelque chose qu'on ne peut voir.
2792441,C_est_mon_chien_.mp3,C'est mon chien.
2792435,Je_vous_montrerai_pl.mp3,Je vous montrerai plus tard.
2792425,Tom_attendit_Marie_p.mp3,Tom attendit Marie pour continuer.
2790690,Brosse_tes_dents_.mp3,Brosse tes dents.
2787436,Où_est_ma_bourse__.mp3,Où est ma bourse ?
2786918,Asseyez_vous_ici_.mp3,Asseyez-vous ici.
2786917,Assieds_toi_ici_.mp3,Assieds-toi ici.
2774702,Nous_sommes_Canadien.mp3,Nous sommes Canadiens.
2774682,Comment_c_était__Bos.mp3,"Comment c'était, Boston ?"
2766174,J_attendrai_.mp3,J'attendrai.
2766137,Pouvons_nous_vous_ai.mp3,Pouvons-nous vous aider ?
2765938,Tom_veut_parcourir_q.mp3,Tom veut parcourir quelques trucs avec Marie.
2765905,Tom_voulait_que_Mari.mp3,Tom voulait que Marie lui apporte une tasse de café.
2765900,Tom_ne_veut_rien_fai.mp3,Tom ne veut rien faire qui puisse blesser Marie.
2765895,Tom_ne_veut_pas_de_m.mp3,Tom ne veut pas de ma présence quand Marie est là.
2765886,Tom_ne_voulait_pas_q.mp3,Tom ne voulait pas que Marie le voie en menottes.
2752048,Tom_donna_tout_l_arg.mp3,Tom donna tout l'argent qu'il avait à Marie.
2745130,J_habite_à_Boston_.mp3,J'habite à Boston.
2745120,Je_vis_à_Boston_.mp3,Je vis à Boston.
2731390,Je_ne_me_suis_pas_in.mp3,Je ne me suis pas inscrit.
2731387,Êtes_vous_inscrits__.mp3,Êtes-vous inscrits ?
2731385,Es_tu_inscrit__.mp3,Es-tu inscrit ?
2731383,Êtes_vous_inscrite__.mp3,Êtes-vous inscrite ?
2731381,Êtes_vous_inscrit__.mp3,Êtes-vous inscrit ?
2723946,Tom_veut_en_savoir_d.mp3,Tom veut en savoir davantage sur le passé de Marie.
2720010,C_est_des_flics__.mp3,C'est des flics ?
2719996,Tout_le_monde_s_est_.mp3,Tout le monde s'est amusé.
2719922,Nous_allons_tous_bie.mp3,Nous allons tous bien.
2719914,Tom_et_Marie_ont_des.mp3,Tom et Marie ont des philosophies de vie différentes.
2708893,Ceux_qui_sont_incapa.mp3,Ceux qui sont incapables de se distinguer en pleine lumière tentent souvent de le faire dans l'ombre.
2707377,Est_ce_une_blague__.mp3,Est-ce une blague ?
2706067,Je_marche_tous_les_j.mp3,Je marche tous les jours.
2706050,Nous_sommes_seuls_.mp3,Nous sommes seuls.
2701829,Est_ce_que_c_est_ta_.mp3,Est-ce que c'est ta bicyclette ?
2699769,Je_fis_mon_travail_.mp3,Je fis mon travail.
2699768,J_ai_fait_mon_travai.mp3,J'ai fait mon travail.
2659784,J_ai_fait_tout_le_tr.mp3,J'ai fait tout le travail.
2656170,Mary_est_ma_nièce_.mp3,Mary est ma nièce.
2601400,Ceci_est_un_lion_.mp3,Ceci est un lion.
2581795,Je_suis_en_train_d_é.mp3,Je suis en train d'étudier le français.
2572825,Contrôlons_le_.mp3,Contrôlons-le.
2568030,C_est_tout_bon_.mp3,C'est tout bon.
2567699,J_ai_besoin_de_volon.mp3,J'ai besoin de volontaires.
2567528,Je_ne_voulais_pas_êt.mp3,Je ne voulais pas être impolie.
2567527,Je_ne_voulais_pas_êt.mp3,Je ne voulais pas être impoli.
2567458,Elle_travaille_dur_.mp3,Elle travaille dur.
2534806,Il_a_bu_une_bière_.mp3,Il a bu une bière.
2531789,N_ouvrez_pas_la_fenê.mp3,N'ouvrez pas la fenêtre.
2527563,Je_vous_ai_vu_.mp3,Je vous ai vu.
2527562,Je_vous_ai_vue_.mp3,Je vous ai vue.
2527560,Je_vous_ai_vus_.mp3,Je vous ai vus.
2527559,Je_vous_ai_vues_.mp3,Je vous ai vues.
2527557,Je_t_ai_vu_.mp3,Je t'ai vu.
2527556,Je_t_ai_vue_.mp3,Je t'ai vue.
2527553,Je_te_vis_.mp3,Je te vis.
2527551,Je_vous_vis_.mp3,Je vous vis.
2527459,Je_m_en_souviens_.mp3,Je m'en souviens.
2523658,Ils_sont_à_moi_.mp3,Ils sont à moi.
2522393,Il_adore_la_musique_.mp3,Il adore la musique.
2512100,Vous_pouvez_vous_rep.mp3,Vous pouvez vous reposer.
2511794,Je_l_ai_appelée_.mp3,Je l'ai appelée.
2504981,Est_ce_que_je_suis_s.mp3,Est-ce que je suis seul ici ?
2490241,Je_voulais_t_aider_.mp3,Je voulais t'aider.
2485908,Étudiez_vous_le_fran.mp3,Étudiez-vous le français ?
2482624,J_en_ai_besoin_.mp3,J'en ai besoin.
2474357,Je_pense_que_Tom_et_.mp3,Je pense que Tom et Marie doivent s'en aller.
2474064,Je_pense_que_ça_aide.mp3,Je pense que ça aide.
2474037,Je_pense_que_c_est_m.mp3,Je pense que c'est mieux.
2473978,Je_pense_que_c_est_j.mp3,Je pense que c'est juste.
2473969,Je_pense_que_c_est_a.mp3,Je pense que c'est affreux.
2473943,Je_pense_qu_ils_vous.mp3,Je pense qu'ils vous ont aperçu.
2473940,Je_pense_qu_ils_nous.mp3,Je pense qu'ils nous ont aperçus.
2473931,Je_pense_qu_ils_t_on.mp3,Je pense qu'ils t'ont aperçu.
2473915,Je_pense_que_c_est_d.mp3,Je pense que c'est drôle.
2473894,Je_pense_que_c_est_s.mp3,Je pense que c'est sage.
2473874,Je_pense_qu_ils_m_on.mp3,Je pense qu'ils m'ont aperçu.
2473857,Je_pense_que_Tom_cro.mp3,Je pense que Tom croit tout ce que Marie lui dit.
2465154,Je_pense_qu_ils_nous.mp3,Je pense qu'ils nous connaissent.
2465152,Je_crois_qu_ils_m_ai.mp3,Je crois qu'ils m'aiment.
2465151,Je_crois_qu_ils_nous.mp3,Je crois qu'ils nous aiment.
2465143,Je_pense_que_cela_va.mp3,Je pense que cela va faire l'affaire.
2465104,Je_pense_que_Tom_se_.mp3,Je pense que Tom se cache aux yeux de Marie.
2465085,Je_pense_que_Tom_est.mp3,Je pense que Tom est toujours amoureux de Marie.
2465079,Je_pense_que_Tom_veu.mp3,Je pense que Tom veut le poste de Marie.
2464997,Je_crois_que_vous_m_.mp3,Je crois que vous m'avez bien entendu.
2464974,Pouvez_vous_rester__.mp3,Pouvez-vous rester ?
2464970,Pouvez_vous_essayer_.mp3,Pouvez-vous essayer ?
2464963,Venez_me_chercher_.mp3,Venez me chercher.
2464960,Remplace_moi_.mp3,Remplace-moi.
2464950,Arrête_ton_char_.mp3,Arrête ton char.
2464946,Regardez_ça_.mp3,Regardez ça.
2464943,Vous_me_mettez_à_la_.mp3,Vous me mettez à la porte ?
2464942,Est_ce_que_je_pue__.mp3,Est-ce que je pue ?
2464941,Baisse_le_ton_.mp3,Baisse le ton.
2464940,Approchez_.mp3,Approchez.
2464939,Approche_.mp3,Approche.
2464937,Venez_à_moi_.mp3,Venez à moi.
2464935,Nettoyez_ça_.mp3,Nettoyez ça.
2464932,Venez_à_nous_.mp3,Venez à nous.
2464930,Nettoie_le_.mp3,Nettoie-le.
2464929,Nettoyez_le_.mp3,Nettoyez-le.
2464917,Un_garde_a_été_tué_.mp3,Un garde a été tué.
2464913,Un_policier_a_été_tu.mp3,Un policier a été tué.
2464912,Une_voiture_passa_.mp3,Une voiture passa.
2464484,Puis_je_t_aider__.mp3,Puis-je t'aider ?
2460119,Nous_irons_.mp3,Nous irons.
2460117,Qui_va_y_aller__.mp3,Qui va y aller ?
2460116,Qui_ira__.mp3,Qui ira ?
2460114,Nous_y_allons_.mp3,Nous y allons.
2460104,Nous_gardons_la_mais.mp3,Nous gardons la maison.
2460096,Nous_nous_dépêcheron.mp3,Nous nous dépêcherons.
2460005,Tu_triches_.mp3,Tu triches.
2459986,Qui_vient__.mp3,Qui vient ?
2459983,Nous_venons_.mp3,Nous venons.
2459926,Nous_achetons_.mp3,Nous achetons.
2458933,Tom_a_refusé_d_aider.mp3,Tom a refusé d'aider Marie à faire ses devoirs.
2458921,Tom_refusa_d_aider_M.mp3,Tom refusa d'aider Marie à faire ses devoirs.
2445370,Je_me_suis_corrigé_m.mp3,Je me suis corrigé moi-même.
2445369,Je_me_suis_corrigé_t.mp3,Je me suis corrigé tout seul.
2436672,Quelle_est_leur_hist.mp3,Quelle est leur histoire ?
2433241,J_en_ai_une_.mp3,J'en ai une.
2433229,J_ai_des_information.mp3,J'ai des informations.
2433133,Je_déteste_ça_.mp3,Je déteste ça.
2433008,Je_pense_que_Tom_a_r.mp3,Je pense que Tom a raconté à Marie ce que nous avons fait l'été dernier.
2433002,Il_l_a_mentionnée_.mp3,Il l'a mentionnée.
2430876,Tom_et_Marie_ont_gra.mp3,Tom et Marie ont grand faim.
2430873,Tom_et_Marie_sont_tr.mp3,Tom et Marie sont très affamés.
2429978,Je_me_suis_marré_.mp3,Je me suis marré.
2426912,J_ai_plané_.mp3,J'ai plané.
2426911,J_ai_trébuché_.mp3,J'ai trébuché.
2422299,Il_est_toujours_en_t.mp3,Il est toujours en train de lire.
2415943,Je_me_suis_amusé_.mp3,Je me suis amusé.
2391379,Je_n_ai_jamais_voté_.mp3,Je n’ai jamais voté.
2388740,Je_n_ai_jamais_revu_.mp3,Je n’ai jamais revu son visage.
2382763,Je_sais_que_vous_m_a.mp3,Je sais que vous m'aimez.
2382762,Je_sais_que_tu_m_aim.mp3,Je sais que tu m'aimes.
2379033,Eh_ben_voyons___Et_p.mp3,Eh ben voyons ! Et puis quoi encore ?
2373651,Je_suis_sobre_.mp3,Je suis sobre.
2373406,Vous_êtes_rusé_.mp3,Vous êtes rusé.
2371150,Il_faut_que_je_m_en_.mp3,Il faut que je m'en aille.
2368002,Où_commençons_nous__.mp3,Où commençons-nous ?
2367770,Il_s_est_endormi_.mp3,Il s'est endormi.
2358070,Il_demanda_de_l_arge.mp3,Il demanda de l'argent.
2347591,Ne_regardons_pas_la_.mp3,Ne regardons pas la télévision.
2342743,Je_suppose_que_c_est.mp3,Je suppose que c'est d'accord.
2326679,Je_déteste_les_jours.mp3,Je déteste les jours pluvieux.
2312851,T_es_vite_content_.mp3,T'es vite content.
2312304,Je_suis_rentré_en_mo.mp3,Je suis rentré en moi-même.
2312303,J_ai_eu_un_mouvement.mp3,J'ai eu un mouvement de recul.
2312302,J_eus_un_mouvement_d.mp3,J'eus un mouvement de recul.
2311125,Tom_pensait_que_Mari.mp3,"Tom pensait que Marie n'apprécierait pas sa fête, donc il ne l'invita pas."
2310759,C_est_sombre_.mp3,C'est sombre.
2310748,Tom_arrêta_Marie_.mp3,Tom arrêta Marie.
2310732,Ils_sont_idiots_.mp3,Ils sont idiots.
2310685,J_allai_ouvrir_la_po.mp3,J'allai ouvrir la porte.
2310657,Repose_toi_un_peu__d.mp3,"Repose-toi un peu, d'accord ?"
2310656,Tu_es_juste_fatigué_.mp3,Tu es juste fatigué.
2310623,Ils_n_attendront_pas.mp3,Ils n'attendront pas longtemps.
2310621,J_ai_tout_foutu_en_l.mp3,J'ai tout foutu en l'air.
2307644,Je_suis_parti_.mp3,Je suis parti.
2307181,Il_était_fatigué_à_c.mp3,Il était fatigué à ce moment-là.
2307070,Tu_es_trop_faible_.mp3,Tu es trop faible.
2307069,Tu_es_faible_.mp3,Tu es faible.
2299592,Je_n_ai_pas_mangé_.mp3,Je n'ai pas mangé.
2298211,Tu_as_mangé_quoi__.mp3,Tu as mangé quoi ?
2296203,Ils_sont_avec_moi_.mp3,Ils sont avec moi.
2290950,La_lumière_est_allum.mp3,La lumière est allumée.
2289866,Ai_je_besoin_d_en_di.mp3,Ai-je besoin d’en dire plus ?
2285508,J_ai_tenté_.mp3,J'ai tenté.
2285506,J_ai_essayé_.mp3,J'ai essayé.
2285502,Je_plierai_mes_gaule.mp3,Je plierai mes gaules.
2285499,Je_ferai_ma_valise_.mp3,Je ferai ma valise.
2285498,Je_ferai_mon_sac_.mp3,Je ferai mon sac.
2285488,Je_suis_guéri_.mp3,Je suis guéri.
2285398,Ça_a_marché_.mp3,Ça a marché.
2285394,Ça_a_fonctionné_.mp3,Ça a fonctionné.
2285391,Ça_a_échoué_.mp3,Ça a échoué.
2284705,C_est_ouvert_.mp3,C'est ouvert.
2282504,Tom_essaya_de_remont.mp3,Tom essaya de remonter le moral de Marie.
2269552,C_est_mon_parapluie_.mp3,C’est mon parapluie.
2269533,Ça_sera_différent_.mp3,Ça sera différent.
2269528,Il_n_y_a_pas_d_or_.mp3,Il n’y a pas d’or.
2269527,Il_n_y_a_rien_ici_.mp3,Il n’y a rien ici.
2269525,Qui_a_fait_ça__.mp3,Qui a fait ça ?
2269523,Qui_va_là__.mp3,Qui va là ?
2269514,Tu_seras_en_sécurité.mp3,Tu seras en sécurité.
2269513,Je_l_ai_perdu_.mp3,Je l’ai perdu.
2269510,Je_prépare_le_thé_.mp3,Je prépare le thé.
2269509,Les_soldats_rirent_.mp3,Les soldats rirent.
2269507,Le_chien_aboyait_.mp3,Le chien aboyait.
2269506,La_foule_applaudit_.mp3,La foule applaudit.
2269504,L_enfant_dort_.mp3,L’enfant dort.
2269503,L_enfant_va_bien_.mp3,L’enfant va bien.
2269502,La_réponse_est___oui.mp3,La réponse est « oui ».
2269500,La_réponse_est___non.mp3,La réponse est « non ».
2269498,C_est_ton_avis_.mp3,C’est ton avis.
2269497,C_est_ton_devoir_.mp3,C’est ton devoir.
2269493,C_est_ton_choix_.mp3,C’est ton choix.
2269491,Ce_sont_tes_oignons_.mp3,Ce sont tes oignons.
2256044,Tu_adorerais_ça_.mp3,Tu adorerais ça.
2231216,Je_viens_d_Amérique_.mp3,Je viens d'Amérique.
2206211,Nous_marcherons_.mp3,Nous marcherons.
2206183,Nous_travaillerons_.mp3,Nous travaillerons.
2206177,Qui_a_hurlé__.mp3,Qui a hurlé ?
2190377,Aidez_nous__.mp3,Aidez-nous !
2190360,C_est_affreux_.mp3,C'est affreux.
2190357,C_est_propre_.mp3,C'est propre.
2190346,Il_est_mort_.mp3,Il est mort.
2190345,C_est_mort_.mp3,C'est mort.
2190328,C_est_de_la_nourritu.mp3,C'est de la nourriture.
2190313,C_est_vert_.mp3,C'est vert.
2190281,C_est_perdu_.mp3,C'est perdu.
2190272,Il_fait_nuit_.mp3,Il fait nuit.
2190250,C_est_prêt_.mp3,C'est prêt.
2190212,C_est_le_vôtre_.mp3,C'est le vôtre.
2190211,C_est_la_vôtre_.mp3,C'est la vôtre.
2190210,C_est_la_tienne_.mp3,C'est la tienne.
2190209,C_est_le_tien_.mp3,C'est le tien.
2190196,Ralentissez__.mp3,Ralentissez !
2190194,Ralentis__.mp3,Ralentis !
2190175,C_est_marrant_.mp3,C'est marrant.
2190173,C_est_amusant_.mp3,C'est amusant.
2190155,C_est_elle_.mp3,C'est elle.
2190149,Ce_sont_les_siens_.mp3,Ce sont les siens.
2172235,J_attends_un_coup_de.mp3,J'attends un coup de fil.
2172227,J_appelle_de_l_aide_.mp3,J'appelle de l'aide.
2169633,Elles_ont_menti_.mp3,Elles ont menti.
2169632,Ils_ont_menti_.mp3,Ils ont menti.
2163961,Puis_je_m_y_rendre__.mp3,Puis-je m'y rendre ?
2162396,Tom_et_Marie_ne_veul.mp3,Tom et Marie ne veulent pas parler à John.
2160266,Arrête_de_mentir_.mp3,Arrête de mentir.
2157761,Elle_s_est_mise_à_ch.mp3,Elle s'est mise à chanter.
2157753,Elle_a_commencé_à_ch.mp3,Elle a commencé à chanter.
2156194,Travaillons__.mp3,Travaillons !
2155898,Nous_avons_besoin_de.mp3,Nous avons besoin de plus de temps.
2146376,Ils_ont_voté_.mp3,Ils ont voté.
2146373,Ils_ont_ri_.mp3,Ils ont ri.
2143724,Ça_ne_m_amuse_pas_.mp3,Ça ne m'amuse pas.
2142008,Marie_est_la_mère_de.mp3,Marie est la mère de Tom.
2141922,Tom_était_coupable_d.mp3,Tom était coupable d'avoir répandu des mensonges sur Marie.
2141893,Je_suis_ici_pour_vou.mp3,Je suis ici pour vous aider.
2141892,Je_suis_ici_pour_t_a.mp3,Je suis ici pour t'aider.
2141890,Je_suis_là_pour_t_ai.mp3,Je suis là pour t'aider.
2141889,Je_suis_là_pour_vous.mp3,Je suis là pour vous aider.
2141184,Je_ferais_bien_d_y_a.mp3,Je ferais bien d'y aller maintenant.
2124379,Vos_commentaires_son.mp3,Vos commentaires sont les bienvenus.
2118251,Tom_et_Marie_s_insul.mp3,Tom et Marie s'insultent l'un l'autre tout le temps.
2114347,Sois_sérieuse__.mp3,Sois sérieuse !
2114346,Sois_sérieux__.mp3,Sois sérieux !
2114345,Soyez_sérieuses__.mp3,Soyez sérieuses !
2114344,Soyez_sérieuse__.mp3,Soyez sérieuse !
2114343,Soyez_sérieux__.mp3,Soyez sérieux !
2113284,Soyez_satisfaites__.mp3,Soyez satisfaites !
2113283,Soyez_satisfaits__.mp3,Soyez satisfaits !
2113282,Soyez_satisfaite__.mp3,Soyez satisfaite !
2113280,Soyez_satisfait__.mp3,Soyez satisfait !
2113279,Sois_satisfaite__.mp3,Sois satisfaite !
2113277,Sois_satisfait__.mp3,Sois satisfait !
2113263,Demande_alentour__.mp3,Demande alentour !
2109647,Nous_sommes_perdus_.mp3,Nous sommes perdus.
2109642,Nous_sommes_en_sécur.mp3,Nous sommes en sécurité.
2109584,Nous_avons_été_battu.mp3,Nous avons été battus.
2109581,Nous_avons_été_défai.mp3,Nous avons été défaits.
2109576,Nous_fûmes_défaits_.mp3,Nous fûmes défaits.
2109574,Nous_fûmes_battus_.mp3,Nous fûmes battus.
2109536,Nous_nous_sommes_ent.mp3,Nous nous sommes entretenus.
2109532,Nous_discutâmes_.mp3,Nous discutâmes.
2109524,Nous_avons_attendu_.mp3,Nous avons attendu.
2109523,Nous_attendîmes_.mp3,Nous attendîmes.
2109518,Nous_l_emportâmes_.mp3,Nous l'emportâmes.
2109517,Nous_l_avons_emporté.mp3,Nous l'avons emporté.
2109516,Nous_gagnâmes_.mp3,Nous gagnâmes.
2109514,Nous_avons_gagné_.mp3,Nous avons gagné.
2109511,Nous_apporterons_de_.mp3,Nous apporterons de l'aide.
2109503,Nous_gagnerons_.mp3,Nous gagnerons.
2109499,Nous_attendrons_.mp3,Nous attendrons.
2109498,Nous_tenterons_.mp3,Nous tenterons.
2109497,Nous_essayerons_.mp3,Nous essayerons.
2092669,Demandez_à_n_importe.mp3,Demandez à n'importe qui.
2086262,À_quoi_bon__.mp3,À quoi bon ?
2085101,Cela_me_rend_si_heur.mp3,Cela me rend si heureux.
2081904,Je_serais_content_de.mp3,Je serais content de venir.
2080656,Est_ce_vous__.mp3,Est-ce vous ?
2077455,Filez__.mp3,Filez !
2077454,File__.mp3,File !
2077451,Taille_toi__.mp3,Taille-toi !
2077447,Prends_tes_jambes_à_.mp3,Prends tes jambes à ton cou !
2077435,Épouse_moi__.mp3,Épouse-moi !
2077429,Lâche_toi__.mp3,Lâche-toi !
2077427,Descends__.mp3,Descends !
2077425,Continue_à_rouler__.mp3,Continue à rouler !
2077424,Avancez__.mp3,Avancez !
2077423,Avance__.mp3,Avance !
2077417,Soyez_gentilles__.mp3,Soyez gentilles !
2077416,Soyez_gentils__.mp3,Soyez gentils !
2077412,Sois_gentil__.mp3,Sois gentil !
2077411,Sois_détendu__.mp3,Sois détendu !
2069092,Ce_n_est_pas_parce_q.mp3,"Ce n'est pas parce que l'école de mathématiques française est influente qu'elle peut encore publier en français ; c'est parce qu'elle publie en français qu'elle est puissante, car cela la conduit à emprunter des chemins de réflexion différents."
2045377,Elle_est_restée_perc.mp3,Elle est restée perchée.
2043994,Pourquoi_êtes_vous_e.mp3,Pourquoi êtes-vous en retard ?
2043987,Pourquoi_es_tu_en_re.mp3,Pourquoi es-tu en retard ?
2043952,Le_sol_a_l_air_mouil.mp3,Le sol a l'air mouillé.
2037220,C_est_un_dictionnair.mp3,C'est un dictionnaire.
2031129,Je_le_savais_.mp3,Je le savais.
2029522,Il_nous_faut_une_voi.mp3,Il nous faut une voiture.
2029521,Nous_avons_besoin_d_.mp3,Nous avons besoin d'une voiture.
2026012,Mon_père_est_à_la_ma.mp3,Mon père est à la maison.
2022950,Parfois__Paris_me_fa.mp3,"Parfois, Paris me fatigue, mais souvent... Bruxelles m'ennuie. Alors je vis entre les deux."
2022007,Est_ce_inoffensif__.mp3,Est-ce inoffensif ?
2022005,Est_ce_sans_danger__.mp3,Est-ce sans danger ?
2022003,Est_ce_sûr__.mp3,Est-ce sûr ?
2010956,Ces_livres_sont_mien.mp3,Ces livres sont miens.
2005271,Puis_je_rester__.mp3,Puis-je rester ?
2005267,Pouvons_nous_y_aller.mp3,Pouvons-nous y aller ?
2005259,L_ai_je_emporté__.mp3,L'ai-je emporté ?
2005256,Qui_l_a_emporté__.mp3,Qui l'a emporté ?
2005254,Qui_a_gagné__.mp3,Qui a gagné ?
2005253,Je_l_ai_emporté__.mp3,Je l'ai emporté !
2005252,J_ai_gagné__.mp3,J'ai gagné !
2005242,Ne_quitte_pas_la_vil.mp3,Ne quitte pas la ville.
2002137,Puis_je_utiliser_ton.mp3,Puis-je utiliser ton téléphone ?
2001668,J_aime_ton_chien_.mp3,J'aime ton chien.
1998660,Elle_le_déteste_.mp3,Elle le déteste.
1998659,Elle_le_hait_.mp3,Elle le hait.
1996495,Nous_devons_nous_en_.mp3,Nous devons nous en aller.
1996336,Je_dois_m_en_aller_.mp3,Je dois m'en aller.
1996319,Il_me_faut_y_aller_.mp3,Il me faut y aller.
1996241,Ne_mourez_pas__.mp3,Ne mourez pas !
1996210,Écris_moi__.mp3,Écris-moi !
1996201,Regarde_nous__.mp3,Regarde-nous !
1996188,Utilise_ceci_.mp3,Utilise ceci.
1996182,Laissez_nous__.mp3,Laissez-nous !
1996178,Laisse_nous__.mp3,Laisse-nous !
1996167,Allez__.mp3,Allez !
1995286,C_est_encombrant_.mp3,C'est encombrant.
1989825,Je_peux_le_faire_moi.mp3,Je peux le faire moi-même.
1989093,J_ai_une_bonne_vue_.mp3,J'ai une bonne vue.
1986556,Suis_je_dans_le_vrai.mp3,Suis-je dans le vrai ?
1986553,Ai_je_raison__.mp3,Ai-je raison ?
1984126,Tom_admirait_Marie_p.mp3,Tom admirait Marie pour son courage.
1980426,Tom_souhaita_bonne_c.mp3,Tom souhaita bonne chance à Marie.
1978165,Je_ne_l_ai_pas_fait_.mp3,Je ne l'ai pas fait.
1977416,Laissez_moi__.mp3,Laissez-moi !
1976433,Tom_a_fait_attendre_.mp3,Tom a fait attendre Marie pendant une heure.
1976095,Tom_aime_Marie__mais.mp3,"Tom aime Marie, mais elle ne l'aime pas."
1975550,Je_peux_prendre_une_.mp3,Je peux prendre une douche?
1974688,J_apprends_vite_.mp3,J'apprends vite.
1974468,Je_suis_toujours_de_.mp3,Je suis toujours de mauvaise humeur.
1973491,Reviens__.mp3,Reviens !
1973459,Viens_chez_moi__.mp3,Viens chez moi !
1973458,Venez_chez_nous__.mp3,Venez chez nous !
1973456,Viens_chez_nous__.mp3,Viens chez nous !
1973433,Laisse_le_tomber__.mp3,Laisse-le tomber !
1973430,Laisse_tomber__.mp3,Laisse tomber !
1973417,Touchez_ça__.mp3,Touchez ça !
1973416,Touche_ça__.mp3,Touche ça !
1973415,Sentez_ça__.mp3,Sentez ça !
1973414,Sens_ça__.mp3,Sens ça !
1973402,Suivez_nous__.mp3,Suivez-nous !
1973401,Suis_nous__.mp3,Suis-nous !
1973321,Trouvez_un_boulot__.mp3,Trouvez un boulot !
1973319,Trouve_un_boulot__.mp3,Trouve un boulot !
1973303,Va_le_chercher__.mp3,Va le chercher !
1973297,Attrape_ça__.mp3,Attrape ça !
1973294,Tiens_bon__.mp3,Tiens bon !
1973289,Cessez_le_feu__.mp3,Cessez le feu !
1973288,Halte_au_feu__.mp3,Halte au feu !
1973024,Tenez_ça__.mp3,Tenez ça !
1973023,Tiens_ça__.mp3,Tiens ça !
1973012,Montrez_moi__.mp3,Montrez-moi !
1973011,Montre_moi__.mp3,Montre-moi !
1972741,Il_semble_être_heure.mp3,Il semble être heureux.
1972694,Tom_est_allé_là_bas_.mp3,Tom est allé là-bas pour rencontrer Marie.
1970861,C_est_une_blague_de_.mp3,C'est une blague de plus ?
1970031,Avez_vous_une_bicycl.mp3,Avez-vous une bicyclette ?
1970029,Avez_vous_un_vélo__.mp3,Avez-vous un vélo ?
1969249,Mes_amies_me_manquen.mp3,Mes amies me manquent.
1969248,Mes_amis_me_manquent.mp3,Mes amis me manquent.
1968849,Quand_est_il_revenu_.mp3,Quand est-il revenu ?
1964730,Où_sont_mes_livres__.mp3,Où sont mes livres ?
1962852,Je_vais_toujours_à_p.mp3,Je vais toujours à pied.
1958819,Tout_va_bien__.mp3,Tout va bien ?
1957534,Où_êtes_vous__.mp3,Où êtes-vous ?
1952802,Tu_ne_peux_pas_m_aid.mp3,Tu ne peux pas m'aider.
1951895,Je_ne_peux_pas_parti.mp3,Je ne peux pas partir.
1927915,Comme_c_est_charmant.mp3,Comme c'est charmant !
1927913,Garde_le__.mp3,Garde-le !
1927910,Prenez_le__.mp3,Prenez-le !
1927907,Dis_moi__.mp3,Dis-moi !
1924703,As_tu_un_stylo__.mp3,As-tu un stylo ?
1924385,Vous_pouvez_y_aller_.mp3,Vous pouvez y aller.
1924384,Vous_pouvez_vous_en_.mp3,Vous pouvez vous en aller.
1922198,Essaie_ceci__.mp3,Essaie ceci !
1922190,Essaies_en__.mp3,Essaies-en !
1922165,Appelle_nous__.mp3,Appelle-nous !
1916603,Soyez_équitables__.mp3,Soyez équitables !
1916601,Soyez_équitable__.mp3,Soyez équitable !
1916599,Sois_équitable__.mp3,Sois équitable !
1916596,Sois_juste__.mp3,Sois juste !
1916592,Soyez_calmes__.mp3,Soyez calmes !
1916591,Soyez_calme__.mp3,Soyez calme !
1908789,Je_l_ai_trouvé_.mp3,Je l'ai trouvé.
1906946,Tom_voulait_que_Mari.mp3,Tom voulait que Marie garde ses enfants.
1906931,Tom_ne_se_lève_pas_a.mp3,Tom ne se lève pas aussi tôt que Marie.
1906926,Tom_a_raconté_à_Mari.mp3,Tom a raconté à Marie une histoire intéressante.
1906903,Tom_considérait_la_p.mp3,Tom considérait la performance de Marie comme très mauvaise.
1906900,Elle_m_a_fait_courir.mp3,Elle m'a fait courir.
1902589,Reculez_vous__.mp3,Reculez-vous !
1902588,Recule_toi__.mp3,Recule-toi !
1902587,Reculez__.mp3,Reculez !
1902586,Reculez__.mp3,Reculez !
1889822,J_ai_l_estomac_plein.mp3,J'ai l'estomac plein.
1868726,Tom_et_Marie_ont_arr.mp3,Tom et Marie ont arrêté de se donner des baisers.
1863046,Tom_aime_toujours_Ma.mp3,Tom aime toujours Marie.
1861329,Tom_n_avait_pas_idée.mp3,Tom n'avait pas idée de combien Marie était riche.
1858000,Joli_coup__.mp3,Joli coup !
1852252,Reste_en_arrière__.mp3,Reste en arrière !
1851194,Veux_tu_une_voiture_.mp3,Veux-tu une voiture ?
1850139,Sauve_toi__.mp3,Sauve-toi !
1850047,Arrête_ça__.mp3,Arrête ça !
1850042,Soyez_prudents__.mp3,Soyez prudents !
1850039,Soyez_prudent__.mp3,Soyez prudent !
1850038,Sois_prudente__.mp3,Sois prudente !
1850037,Sois_prudent__.mp3,Sois prudent !
1849920,Attends_un_peu__.mp3,Attends un peu !
1849909,Reste_allongé__immob.mp3,"Reste allongé, immobile !"
1847242,Laissez_moi_entrer_.mp3,Laissez-moi entrer.
1846415,C_est_moi_qui_paie_.mp3,C'est moi qui paie.
1846413,Je_paie_.mp3,Je paie.
1846388,Serrez_moi_dans_vos_.mp3,Serrez-moi dans vos bras !
1846386,Serre_moi_dans_tes_b.mp3,Serre-moi dans tes bras !
1846158,Laissez_vous_aller__.mp3,Laissez-vous aller !
1846155,Laisse_toi_aller__.mp3,Laisse-toi aller !
1846151,Détends_toi__.mp3,Détends-toi !
1846149,Échauffez_vous__.mp3,Échauffez-vous !
1846148,Échauffe_toi__.mp3,Échauffe-toi !
1845931,Va_t_échauffer__.mp3,Va t'échauffer !
1844424,Nous_sommes_chez_nou.mp3,Nous sommes chez nous.
1844420,Nous_en_avons_termin.mp3,Nous en avons terminé.
1844418,Nous_en_avons_fini_.mp3,Nous en avons fini.
1844417,Nous_avons_terminé_.mp3,Nous avons terminé.
1844416,Nous_avons_fini_.mp3,Nous avons fini.
1843229,Nous_avons_réussi_.mp3,Nous avons réussi.
1843228,Nous_l_avons_accompl.mp3,Nous l'avons accompli.
1843227,Nous_l_avons_fait_.mp3,Nous l'avons fait.
1842809,Je_suis_aveugle_.mp3,Je suis aveugle.
1842800,Je_ne_peux_pas_m_y_r.mp3,Je ne peux pas m'y rendre.
1842798,Je_ne_peux_pas_y_all.mp3,Je ne peux pas y aller.
1842639,Es_tu_debout__.mp3,Es-tu debout ?
1842637,Êtes_vous_levées__.mp3,Êtes-vous levées ?
1842635,Êtes_vous_levés__.mp3,Êtes-vous levés ?
1842634,Êtes_vous_levée__.mp3,Êtes-vous levée ?
1842633,Êtes_vous_levé__.mp3,Êtes-vous levé ?
1842632,Es_tu_levée__.mp3,Es-tu levée ?
1842631,Es_tu_levé__.mp3,Es-tu levé ?
1831445,Les_feuilles_sont_to.mp3,Les feuilles sont tombées.
1830936,Tom_a_demandé_à_Mari.mp3,Tom a demandé à Marie pourquoi Jean était si triste.
1805447,Celui_ci__c_est_le_c.mp3,"Celui-ci, c'est le chien de Marie."
1803391,Appelle_moi__.mp3,Appelle-moi !
1802669,Sans_problème_.mp3,Sans problème.
1797589,La_bagnole_est_prête.mp3,La bagnole est prête.
1783817,Je_suis_mouillé_.mp3,Je suis mouillé.
1771889,Elle_fait_un_régime_.mp3,Elle fait un régime.
1771877,Il_est_déjà_onze_heu.mp3,Il est déjà onze heures.
1747897,Tom_veut_être_avec_M.mp3,Tom veut être avec Marie.
1742330,Tom_était_le_seul_am.mp3,Tom était le seul ami de Marie.
1742219,Marie_est_la_plus_je.mp3,Marie est la plus jeune sœur de Tom.
1739842,Embellir_le_texte_en.mp3,Embellir le texte en traduisant ne relève en aucun cas des tâches d'un traducteur.
1737673,Il_nous_faut_y_aller.mp3,Il nous faut y aller.
1725145,Tom_voulait_que_Mari.mp3,Tom voulait que Marie lui parle de son enfance.
1723314,Il_continua_à_chante.mp3,Il continua à chanter.
1720611,Êtes_vous_pressés__.mp3,Êtes-vous pressés ?
1720608,Tu_es_pressé__.mp3,Tu es pressé ?
1719910,C_est_l_heure_de_man.mp3,C'est l'heure de manger.
1718114,Il_signa_le_chèque_.mp3,Il signa le chèque.
1702181,Un_piano_est_cher_.mp3,Un piano est cher.
1701663,Votre_voiture_est_ra.mp3,Votre voiture est rapide.
1701662,Ta_voiture_est_rapid.mp3,Ta voiture est rapide.
1690168,Il_a_l_air_en_bonne_.mp3,Il a l'air en bonne santé.
1689737,J_en_doute_.mp3,J'en doute.
1689008,Tom_croit_Marie_inno.mp3,Tom croit Marie innocente.
1689007,Tom_croit_que_Marie_.mp3,Tom croit que Marie est innocente.
1688975,J_ai_perdu_mon_plomb.mp3,J'ai perdu mon plombage.
1687121,Personne_ne_le_sait_.mp3,Personne ne le sait.
1686914,Il_avait_l_air_jeune.mp3,Il avait l'air jeune.
1686912,Il_paraissait_jeune_.mp3,Il paraissait jeune.
1684391,Elle_n_est_pas_ici_.mp3,Elle n'est pas ici.
1684337,Tom_ne_pouvait_pas_s.mp3,Tom ne pouvait pas supporter que Marie ne sache pas ce qu'il s'était passé.
1684330,Tom_vient_de_se_mari.mp3,Tom vient de se marier.
1683238,En_gros__c_est_ça_.mp3,"En gros, c'est ça."
1683228,Ils_courent_maintena.mp3,Ils courent maintenant.
1683145,Vous_ne_pouvez_pas_e.mp3,Vous ne pouvez pas en être certain.
1662768,Nous_ferons_de_notre.mp3,Nous ferons de notre mieux.
1652396,La_ferme__.mp3,La ferme !
1650814,Réveillez_vous__.mp3,Réveillez-vous !
1650813,Réveille_toi__.mp3,Réveille-toi !
1647812,J_aime_le_froid_.mp3,J'aime le froid.
1647726,Tom_donna_à_Marie_to.mp3,Tom donna à Marie tout l'argent qu'il avait.
1646827,Tom_était_très_conte.mp3,Tom était très content d'entendre que Marie allait l'aider à déménager.
1646802,J_ai_fait_mes_devoir.mp3,J'ai fait mes devoirs.
1646795,J_aime_peindre_aussi.mp3,J'aime peindre aussi.
1645950,Tom_et_Marie_se_sont.mp3,Tom et Marie se sont mis d'accord sur un prix.
1645935,Tom_ne_savait_pas_qu.mp3,Tom ne savait pas que la maison de Marie était si proche de celle de John.
1645825,J_ai_un_grand_chien_.mp3,J'ai un grand chien.
1643952,Tom_demanda_à_Marie_.mp3,Tom demanda à Marie de faire du café.
1643834,Tom_voulait_que_Mari.mp3,Tom voulait que Marie signe son album de classe.
1642818,Tom_et_Marie_se_parl.mp3,Tom et Marie se parlent en anglais.
1640662,J_ai_le_mal_du_pays_.mp3,J'ai le mal du pays.
1640651,Elle_se_leva_.mp3,Elle se leva.
1640648,Qu_il_le_veuille_ou_.mp3,"Qu'il le veuille ou non, Tom ne pourrait pas oublier Marie."
1640537,Tom_lâcha_la_main_de.mp3,Tom lâcha la main de Marie.
1640285,Tom_et_Marie_ont_rés.mp3,Tom et Marie ont résolu leurs problèmes.
1640274,Tom_aida_Marie_à_por.mp3,Tom aida Marie à porter ses valises.
1638837,Tom_voulait_que_Mari.mp3,Tom voulait que Marie l'aide dans le jardin.
1638821,Tom_laissa_une_note_.mp3,Tom laissa une note pour Marie.
1638721,Tom_n_a_pas_compris_.mp3,Tom n'a pas compris la blague que Marie a racontée.
1638702,Je_peux_vous_attendr.mp3,Je peux vous attendre.
1638701,Je_peux_t_attendre_.mp3,Je peux t'attendre.
1638569,Tom_voulait_que_Mari.mp3,Tom voulait que Marie accepte son cadeau.
1637961,Tom_porta_Marie_sur_.mp3,Tom porta Marie sur ses épaules.
1637941,Tom_affirme_ne_rien_.mp3,Tom affirme ne rien savoir à propos de Marie.
1637932,Tom_dissimulait_sa_c.mp3,Tom dissimulait sa colère à Marie.
1624975,Tom_aida_Marie_à_dép.mp3,Tom aida Marie à déplacer les meubles.
1615819,Tom_ne_comprend_pas_.mp3,Tom ne comprend pas pourquoi Marie est si populaire.
1615809,Tom_aide_souvent_Mar.mp3,Tom aide souvent Marie.
1615794,Est_ce_que_ton_coffr.mp3,Est-ce que ton coffre est fermé à clé ?
1615778,J_ai_deux_appareils_.mp3,J'ai deux appareils photo.
1612831,Comment_se_sont_pass.mp3,Comment se sont passées tes vacances ?
1608566,Je_peux_voir_la_lumi.mp3,Je peux voir la lumière.
1606741,C_est_la_fin_.mp3,C'est la fin.
1605666,Maintenant__tout_est.mp3,"Maintenant, tout est fini."
1600886,Tu_n_es_pas_le_seul_.mp3,Tu n'es pas le seul.
1593457,Elle_ne_court_pas_.mp3,Elle ne court pas.
1593343,Dis_aux_enfants_d_al.mp3,Dis aux enfants d'aller se coucher.
1593200,J_ai_cassé_un_verre_.mp3,J'ai cassé un verre.
1592801,Il_atteignit_son_but.mp3,Il atteignit son but.
1592763,Je_ne_te_quitterai_j.mp3,Je ne te quitterai jamais.
1588393,Où_est_le_patron__.mp3,Où est le patron ?
1587829,Tu_n_avais_pas_le_ch.mp3,Tu n'avais pas le choix.
1587640,Il_faut_que_j_y_aill.mp3,Il faut que j'y aille.
1574420,Lavez_vous_le_visage.mp3,Lavez-vous le visage.
1554056,Retire_toi__.mp3,Retire-toi !
1554054,Reculez_.mp3,Reculez.
1554053,Recule__.mp3,Recule !
1549293,Allons_lui_demander_.mp3,Allons lui demander.
1541801,C_est_samedi_.mp3,C'est samedi.
1540528,Tu_peux_prendre_ma_v.mp3,Tu peux prendre ma voiture.
1540527,Vous_pouvez_utiliser.mp3,Vous pouvez utiliser ma voiture.
1539571,Il_a_l_air_heureux_.mp3,Il a l'air heureux.
1538667,Je_ne_suis_pas_press.mp3,Je ne suis pas pressé.
1538542,Ne_perdez_pas_votre_.mp3,Ne perdez pas votre porte-monnaie.
1538540,Ne_perds_pas_ton_por.mp3,Ne perds pas ton porte-monnaie.
1538534,Range_ton_portefeuil.mp3,Range ton portefeuille.
1534515,Vas_y__.mp3,Vas-y !
1532758,Nous_devons_partir_.mp3,Nous devons partir.
1532757,Nous_devons_y_aller_.mp3,Nous devons y aller.
1528535,C_est_mon_professeur.mp3,C'est mon professeur.
1527226,Fais_moi_confiance_.mp3,Fais-moi confiance.
1527224,Faites_moi_confiance.mp3,Faites-moi confiance.
1525882,C_est_un_phénomène_d.mp3,C'est un phénomène de mode.
1525872,C_est_une_tocade_.mp3,C'est une tocade.
1525870,C_est_une_passade_.mp3,C'est une passade.
1512040,Est_ce_que_je_me_tro.mp3,Est-ce que je me trompe ?
1511205,Je_comprends_.mp3,Je comprends.
1511152,Qu_as_tu_décidé__.mp3,Qu'as-tu décidé ?
1507804,Nous_tentons_notre_c.mp3,Nous tentons notre chance.
1507480,Chante_une_chanson_s.mp3,Chante une chanson s'il te plaît.
1507478,Tom_aime_les_longs_c.mp3,Tom aime les longs cheveux noirs de Marie.
1507477,Tom_n_était_pas_d_hu.mp3,Tom n'était pas d'humeur à parler à Marie.
1507466,Pas_mal__.mp3,Pas mal !
1505466,Je_déteste_travaille.mp3,Je déteste travailler.
1502913,Parle_avec_moi_.mp3,Parle avec moi.
1501712,La_forme_est_transit.mp3,"La forme est transitoire, la classe est permanente."
1501120,Voilà_un_livre__ici_.mp3,"Voilà un livre, ici."
1496375,J_ai_une_vieille_voi.mp3,J'ai une vieille voiture.
1496361,Comment_va_ton_père_.mp3,Comment va ton père ?
1493780,Tu_m_aimes__.mp3,Tu m'aimes ?
1492446,Il_n_y_a_personne_ic.mp3,Il n'y a personne ici.
1489257,C_est_terrible_.mp3,C'est terrible.
1485250,Je_crois_que_Tom_seu.mp3,"Je crois que Tom seul peut le faire. Toutefois, il y a ceux qui croient que Marie en est également capable."
1483786,Est_ce_que_vous_save.mp3,Est-ce que vous savez nager ?
1483785,Est_ce_que_tu_sais_n.mp3,Est-ce que tu sais nager ?
1475217,Je_suis_en_chemin_.mp3,Je suis en chemin.
1473553,Je_connais_ces_femme.mp3,Je connais ces femmes.
1471941,Aime_t_elle_les_oran.mp3,Aime-t-elle les oranges ?
1470409,J_aime_les_petits_po.mp3,J'aime les petits poèmes.
1468112,Quelqu_un_est_venu_.mp3,Quelqu'un est venu.
1467281,Cette_viande__c_est_.mp3,"Cette viande, c'est du poulet."
1466812,Qui_a_planté_l_arbre.mp3,Qui a planté l'arbre ?
1463128,Tom_et_Marie_sont_le.mp3,Tom et Marie sont les seuls survivants.
1462551,Va_au_diable__.mp3,Va au diable !
1461919,As_tu_un_billet__.mp3,As-tu un billet ?
1461468,Celle_ci_est_plus_jo.mp3,Celle-ci est plus jolie.
1461467,Celui_ci_est_plus_jo.mp3,Celui-ci est plus joli.
1460975,Tu_es_courageuse_.mp3,Tu es courageuse.
1460972,Tu_es_courageux_.mp3,Tu es courageux.
1460649,Je_les_vois_.mp3,Je les vois.
1451254,Il_est_très_jeune_.mp3,Il est très jeune.
1450666,Prenez_les_escaliers.mp3,Prenez les escaliers.
1450483,Ceci_est_un_livre_.mp3,Ceci est un livre.
1449691,Ma_famille_est_petit.mp3,Ma famille est petite.
1448115,J_irai_moi_même_.mp3,J'irai moi-même.
1447260,Je_manque_de_pratiqu.mp3,Je manque de pratique.
1444506,Il_a_un_nom_à_couche.mp3,Il a un nom à coucher dehors.
1433567,Mon_sac_a_été_volé_.mp3,Mon sac a été volé.
1432888,Lequel_est_le_mien__.mp3,Lequel est le mien ?
1430722,Le_chien_était_moura.mp3,Le chien était mourant.
1430720,Le_chien_était_en_tr.mp3,Le chien était en train de mourir.
1430494,Tom_a_appelé_Marie_v.mp3,Tom a appelé Marie vers deux heures et demie.
1421192,Il_est_encore_trop_t.mp3,Il est encore trop tôt.
1420522,Elle_garde_des_secre.mp3,Elle garde des secrets.
1420393,Qui_sait_cela__.mp3,Qui sait cela ?
1414621,Je_lui_ai_donné_le_l.mp3,Je lui ai donné le livre.
1402604,Traversons_ici_.mp3,Traversons ici.
1399244,Tu_me_dis_quelque_ch.mp3,Tu me dis quelque-chose.
1398834,Qui_est_le_propriéta.mp3,Qui est le propriétaire de cette maison ?
1398778,Je_viens_juste_de_le.mp3,Je viens juste de le voir.
1398768,Je_l_aide_.mp3,Je l'aide.
1385394,Nager__c_est_facile_.mp3,"Nager, c'est facile."
1383788,J_ai_pas_fait_gaffe_.mp3,J'ai pas fait gaffe.
1367688,Je_veux_toujours_y_a.mp3,Je veux toujours y aller.
1365270,Ça_fonctionne_.mp3,Ça fonctionne.
1363726,Il_s_est_assis_à_côt.mp3,Il s'est assis à côté d'elle.
1361185,Am__stram__gram__pic.mp3,"Am, stram, gram, pic et pic et colégram, bour et bour et ratatam, am, stram, gram."
1344180,Je_ne_le_savais_pas_.mp3,Je ne le savais pas.
1344172,Je_vais_tenter_ma_ch.mp3,Je vais tenter ma chance.
1337284,Ça_a_l_air_très_tent.mp3,Ça a l'air très tentant.
1337241,Elle_promit_de_l_épo.mp3,Elle promit de l'épouser.
1337239,Elle_le_pressa_de_dé.mp3,Elle le pressa de démissionner.
1337237,Elle_le_traite_souve.mp3,Elle le traite souvent de tous les noms.
1337232,Elle_le_rencontra_po.mp3,Elle le rencontra pour le petit-déjeuner.
1337201,Ma_femme_est_bonne_a.mp3,Ma femme est bonne administratrice.
1337189,Ça_va_se_rafraîchir_.mp3,Ça va se rafraîchir ce soir.
1337188,C_est_mal_de_dire_un.mp3,C'est mal de dire un mensonge.
1337183,Le_temps_est_devenu_.mp3,Le temps est devenu beaucoup plus chaud.
1337182,Ça_ne_prend_guère_de.mp3,Ça ne prend guère de temps.
1337180,J_ai_rencontré_cette.mp3,J'ai rencontré cette fille auparavant.
1337179,Je_suis_très_triste_.mp3,Je suis très triste d'entendre ça.
1337118,Je_veux_attraper_cel.mp3,Je veux attraper celui de minuit moins le quart.
1336796,Celui_qui_craint_les.mp3,Celui qui craint les nouveaux remèdes doit endurer les vieux maux.
1335666,Elle_l_a_prétendumen.mp3,Elle l'a prétendument tué.
1335221,Les_femmes_ont_certe.mp3,Les femmes ont certes aujourd'hui davantage de droits. Mais elles avaient auparavant davantage de pouvoir.
1335196,Les_femmes_ont_certe.mp3,Les femmes ont certes aujourd'hui davantage de droits. Mais elles avaient davantage de pouvoir auparavant.
1333247,Nous_sommes_en_train.mp3,Nous sommes en train de manger des pommes.
1330105,J_ai_vu_des_larmes_d.mp3,J'ai vu des larmes dans ses yeux.
1329230,N_y_va_pas_après_la_.mp3,N'y va pas après la nuit tombée.
1329213,Parlez_vous_à_votre_.mp3,Parlez-vous à votre chien ?
1328998,Me_ferez_vous_une_fa.mp3,Me ferez-vous une faveur ?
1328746,Elle_lui_enjoignit_d.mp3,Elle lui enjoignit d'étudier.
1328730,Elle_lui_retourna_so.mp3,Elle lui retourna son baiser.
1328726,Elle_n_est_pas_genti.mp3,Elle n'est pas gentille avec lui.
1328722,Elle_lui_est_apparen.mp3,Elle lui est apparentée.
1328698,Elle_est_presque_tom.mp3,Elle est presque tombée dans les pommes.
1328615,Sur_Internet__la_con.mp3,"Sur Internet, la connerie a pignon sur rue."
1327862,Elle_semble_réservée.mp3,Elle semble réservée mais elle a en vérité une forte volonté.
1327649,L_idée_que_Dieu_ait_.mp3,"L'idée que Dieu ait créé Adam puis Ève à partir d'une de ses côtes est une erreur de traduction de la Génèse, « adama » signifiant simplement « terre » et sa « côte » signifiant en fait « créature », sans précision de sexe..."
1325127,Tu_vois_bien_que_ta_.mp3,Tu vois bien que ta théorie ne tient pas ! C'est ubuesque !
1324332,Je_ne_le_ferais_pas_.mp3,Je ne le ferais pas si j'étais toi.
1322403,Il_se_sent_si_peu_sû.mp3,"Il se sent si peu sûr de son français, en dépit de son affirmation d'être natif francophone, que dès qu'il doit écrire un commentaire un peu compliqué, il le fait en anglais."
1321280,Tu_n_as_pas_faim__.mp3,Tu n'as pas faim ?
1317826,Elle_a_arrêté_de_par.mp3,Elle a arrêté de parler.
1317252,Dix_ans_se_sont_écou.mp3,Dix ans se sont écoulés.
1317247,Dites_moi_lequel_vou.mp3,Dites-moi lequel vous voulez.
1317161,Il_prend_sa_retraite.mp3,Il prend sa retraite au printemps prochain.
1316882,Pourquoi_n_entres_tu.mp3,Pourquoi n'entres-tu pas ?
1316466,C_est_bien__non__.mp3,"C'est bien, non ?"
1316452,Elle_débarrassa_le_j.mp3,Elle débarrassa le jardin des mauvaises herbes.
1316443,Elle_est_sur_le_poin.mp3,Elle est sur le point de partir.
1316436,Tout_mon_corps_est_e.mp3,Tout mon corps est endolori.
1316320,Aimes_tu_les_voyages.mp3,Aimes-tu les voyages ?
1316310,Il_sait_lire_et_écri.mp3,Il sait lire et écrire.
1314959,Ne_bouge_pas_ou_je_t.mp3,Ne bouge pas ou je tire.
1314775,Je_veux_me_tenir_aus.mp3,"Je veux me tenir aussi près du bord que je le peux sans aller au-delà. Du bord, on voit toutes les sortes de choses qu'on ne peut voir depuis le centre."
1314735,Il_dispose_de_sa_pro.mp3,Il dispose de sa propre chambre.
1314697,Où_nous_rencontreron.mp3,Où nous rencontrerons-nous ?
1314680,Enfilez_vos_chaussur.mp3,Enfilez vos chaussures.
1314678,Elle_m_a_confectionn.mp3,Elle m'a confectionné un gâteau.
1314676,Personne_n_a_été_ble.mp3,Personne n'a été blessé.
1314671,C_est_une_longue_his.mp3,C'est une longue histoire.
1314666,J_ai_le_double_de_to.mp3,J'ai le double de ton âge.
1314646,J_admets_mon_erreur_.mp3,J'admets mon erreur.
1314626,Il_est_revenu_ici_.mp3,Il est revenu ici.
1314612,Il_s_est_comporté_co.mp3,Il s'est comporté comme un idiot.
1314606,Tout_le_monde_était_.mp3,Tout le monde était heureux.
1314600,Fais_comme_il_te_dit.mp3,Fais comme il te dit.
1314529,Vous_pouvez_vous_gar.mp3,Vous pouvez vous garer ici.
1314495,Tu_ne_peux_pas_le_lo.mp3,Tu ne peux pas le louper.
1314488,Où_se_situe_la_doule.mp3,Où se situe la douleur ?
1314483,La_douleur_est_parti.mp3,La douleur est partie.
1314481,C_est_vraiment_trist.mp3,C'est vraiment triste.
1314468,Elle_n_a_pas_tort_.mp3,Elle n'a pas tort.
1314454,Mets_toi_de_côté__je.mp3,"Mets-toi de côté, je te prie."
1314439,Veuillez_vous_mettre.mp3,Veuillez vous mettre de côté.
1314430,Je_vous_prie_de_reve.mp3,Je vous prie de revenir.
1314420,Puis_je_prendre_un_p.mp3,Puis-je prendre un peu de repos ?
1314399,Ça_s_est_rafraîchi_.mp3,Ça s'est rafraîchi.
1314395,Je_suis_pour_ainsi_d.mp3,Je suis pour ainsi dire heureux.
1314392,Je_fais_montre_de_pa.mp3,Je fais montre de patience.
1314367,Les_adolescents__qui.mp3,"Les adolescents, qui copient les gros rappeurs étasuniens, se sont mis depuis quelques années à marcher comme des métronomes, en balançant de droite et de gauche, ce qui est la seule manière de progresser quand on fait plus de cent-vingt kilos, mais se révèle totalement inefficace lorsqu'on est un mince adolescent de la moitié de ce poids, puisque l'essentiel de l'énergie est perdue latéralement, sans parler du côté absolument ridicule de cette démarche pendulaire."
1314142,Je_poursuivis_ma_lec.mp3,Je poursuivis ma lecture.
1314137,Il_semble_que_je_soi.mp3,Il semble que je sois perdu.
1314134,J_ai_besoin_de_papie.mp3,J'ai besoin de papier.
1314117,J_ai_peur_d_y_aller_.mp3,J'ai peur d'y aller.
1314111,Je_fus_d_accord_avec.mp3,Je fus d'accord avec elle.
1314105,Il_est_en_train_de_n.mp3,Il est en train de nager.
1314102,Il_prit_un_jour_de_c.mp3,Il prit un jour de congé.
1314089,Il_frotta_une_allume.mp3,Il frotta une allumette.
1314082,Il_m_a_confectionné_.mp3,Il m'a confectionné un costume.
1314069,Il_m_a_confectionné_.mp3,Il m'a confectionné un nouveau costume.
1314045,Choisis_une_personne.mp3,Choisis une personne.
1314043,Choisissez_une_perso.mp3,Choisissez une personne.
1313559,Je_suis_sérieux_.mp3,Je suis sérieux.
1313549,Prenez_un_bus_.mp3,Prenez un bus.
1313544,Ne_parle_pas__.mp3,Ne parle pas !
1313542,Ai_je_tort__.mp3,Ai-je tort ?
1313536,J_ai_capté_.mp3,J'ai capté.
1313534,J_ai_compris_.mp3,J'ai compris.
1312667,Disparais__.mp3,Disparais !
1312603,L_Inde_est_soi_disan.mp3,"L'Inde est soi-disant un pays en pleine croissance mais a le plus grand nombre d'enfants mal nourris, avec un taux supérieur à celui de l'Afrique."
1312349,Je_ne_peux_plus_supp.mp3,Je ne peux plus supporter les pages web qui démarrent automatiquement des vidéos que je n'ai pas demandées et qui monopolisent ma bande passante. Je bloque désormais tous les sites pratiquant ce genre de piraterie.
1311882,Généralement__on_peu.mp3,"Généralement, on peut dire que la méthode qui convient pour un certain élève ne convient pas pour un autre, de telle sorte que l'efficacité du changement de méthode repose, pour l'essentiel, sur la modification de l'ordre des élèves."
1311836,Lorsque_tu_rencontre.mp3,"Lorsque tu rencontres une personne pour la première fois, sois attentive à la distance à laquelle tu te tiens d'elle."
1310727,Hier__j_ai_rencontré.mp3,"Hier, j'ai rencontré Marie."
1310482,Il_y_a_certainement_.mp3,Il y a certainement quelques points qui méritent réflexion.
1309865,Je_pars_.mp3,Je pars.
1303946,Ses_fables_ont_fait_.mp3,"Ses fables ont fait de Hans Christian Andersen, le plus connu de tous les Danois du monde, une icône de la littérature mondiale."
1302711,Ses_fables_ont_fait_.mp3,"Ses fables ont fait de Hans Christian Andersen, le plus connu de tous les Danois du monde."
1302577,Je_suis_disponible_.mp3,Je suis disponible.
1302573,Je_paierai_.mp3,Je paierai.
1302571,Laisse_moi_payer_.mp3,Laisse-moi payer.
1301423,Tom_m_a_dit_qu_il_n_.mp3,Tom m'a dit qu'il n'avait pas peur de Marie.
1299284,Oh_non__.mp3,Oh non !
1295377,J_ai_remarqué__au_fi.mp3,"J'ai remarqué, au fil des mois, que plus de la moitié des débutants ne voient pas la différence entre traduction directe et indirecte."
1295229,Je_ne_suis_pas_en_fo.mp3,Je ne suis pas en forme.
1291422,Arrêtez__.mp3,Arrêtez !
1291420,Arrête__.mp3,Arrête !
1291411,Il_est_gentil_.mp3,Il est gentil.
1291403,Il_a_raccroché_.mp3,Il a raccroché.
1291398,Je_me_suis_perdu_.mp3,Je me suis perdu.
1291392,Il_céda_.mp3,Il céda.
1291390,Il_a_cédé_.mp3,Il a cédé.
1291387,Il_a_réussi_.mp3,Il a réussi.
1291380,Nous_sommes_foutus_.mp3,Nous sommes foutus.
1291373,L_heure_est_passée_.mp3,L'heure est passée.
1291372,Le_temps_est_écoulé_.mp3,Le temps est écoulé.
1291371,Ça_y_est_.mp3,Ça y est.
1291368,Écartez_vous__.mp3,Écartez-vous !
1291367,Écarte_toi__.mp3,Écarte-toi !
1291358,Laisse_moi_sortir__.mp3,Laisse-moi sortir !
1291356,Reste_tranquille__.mp3,Reste tranquille !
1291355,Est_il_grand__.mp3,Est-il grand ?
1291353,Est_il_occupé__.mp3,Est-il occupé ?
1291348,Je_le_ferai_.mp3,Je le ferai.
1291347,Je_vais_le_faire_.mp3,Je vais le faire.
1291346,C_est_parti__.mp3,C'est parti !
1284436,Du_vin_rouge__s_il_v.mp3,"Du vin rouge, s'il vous plait."
1284423,Est_ce_qu_elle_te_co.mp3,Est-ce qu'elle te connait ?
1262369,À_qui_est_le_sac__.mp3,À qui est le sac ?
1260019,Est_ce_toi__.mp3,Est-ce toi ?
1258105,Les_systèmes_dont_le.mp3,"Les systèmes dont les règles sont basées sur l'usage, tels que les langues ou les droits coutumiers, sont condamnés à devenir absurdes, pesants et contradictoires, puisque chaque fois que la moindre erreur se glisse dans un de leurs usages, elle s'intègre aux règles, par définition, pour l'éternité. Plus les utilisateurs sont des béotiens, plus les systèmes se dégradent rapidement. L'anglais, mal utilisé par des millions de gens, natifs ou pas, depuis des siècles, est un exemple de dégradation du système au stade terminal, ne présentant plus aucune logique, ni dans la syntaxe, ni dans la grammaire, ni dans le vocabulaire ou la prononciation. De même, le droit coutumier devenant trop lourd et incompréhensible, les états qui s'appuyaient dessus tendent à passer à un droit prescrit."
1257252,Passe_devant__.mp3,Passe devant !
1254250,As_tu_nourri_le_chie.mp3,As-tu nourri le chien ?
1251739,Tu_es_licencié_.mp3,Tu es licencié.
1251081,On_le_connaît_.mp3,On le connaît.
1241570,J_ai_tourné_à_droite.mp3,J'ai tourné à droite.
1238043,Il_se_lève_tôt_.mp3,Il se lève tôt.
1228658,Elle_a_souri_.mp3,Elle a souri.
1226673,Pars_d_ici_.mp3,Pars d'ici.
1226571,Tu_me_fais_peur_.mp3,Tu me fais peur.
1226553,Il_n_y_a_personne_.mp3,Il n'y a personne.
1226146,Je_l_envie_.mp3,Je l'envie.
1224433,J_aime_bien_la_lumiè.mp3,J'aime bien la lumière des bougies.
1224405,Maintenant__je_suis_.mp3,"Maintenant, je suis très heureuse."
1220847,Je_vais_mieux_.mp3,Je vais mieux.
1210649,C_est_mon_ami_.mp3,C'est mon ami.
1206150,Quelque_chose_cloche.mp3,Quelque chose cloche.
1205253,Marie_est_la_femme_d.mp3,Marie est la femme de Tom.
1204235,Elle_est_plus_vieill.mp3,Elle est plus vieille que lui.
1202947,Ne_sois_pas_vexé_.mp3,Ne sois pas vexé.
1202070,Tu_travailles_avec_p.mp3,Tu travailles avec peine ou bien à peine ?
1197580,Nous_sommes_ici_.mp3,Nous sommes ici.
1197044,Donne_moi_la_moitié_.mp3,Donne-moi la moitié.
1191361,Peux_tu_répéter_ça__.mp3,Peux-tu répéter ça ?
1191228,Baisse_la_radio_.mp3,Baisse la radio.
1191026,Remplissez_ce_formul.mp3,Remplissez ce formulaire.
1189728,Ne_te_mets_pas_dans_.mp3,Ne te mets pas dans mon chemin.
1189683,Ma_montre_est_cassée.mp3,Ma montre est cassée.
1188273,Nous_avons_obéi_au_r.mp3,Nous avons obéi au règlement.
1188039,Je_vais_travailler_.mp3,Je vais travailler.
1186226,Déverrouille_la_port.mp3,Déverrouille la porte.
1186188,La_porte_ne_se_ferme.mp3,La porte ne se fermera pas.
1186068,Tu_me_manques_tellem.mp3,Tu me manques tellement.
1186065,Il_est_peintre_.mp3,Il est peintre.
1185689,Elle_est_rentrée_che.mp3,Elle est rentrée chez elle.
1184684,Ça_m_a_fait_peur_.mp3,Ça m'a fait peur.
1184656,Y_a_t_il_quelque_cho.mp3,Y a-t-il quelque chose que je puisse faire ?
1184065,Essuie_tes_yeux_.mp3,Essuie tes yeux.
1184063,Je_suis_réveillé_.mp3,Je suis réveillé.
1183953,Elle_perdit_son_chem.mp3,Elle perdit son chemin.
1183772,Fous_le_camp__.mp3,Fous le camp !
1183771,Dégage__.mp3,Dégage !
1182171,Aimes_tu_faire_la_cu.mp3,Aimes-tu faire la cuisine ?
1181957,C_est_un_gentil_garç.mp3,C'est un gentil garçon.
1181616,Oubliez_le__.mp3,Oubliez-le !
1181423,Tom_ne_veut_pas_se_m.mp3,Tom ne veut pas se marier avant d'avoir la trentaine.
1181163,Il_a_neigé_.mp3,Il a neigé.
1180617,Laissez_moi_mourir_.mp3,Laissez-moi mourir.
1180184,Il_a_des_bras_puissa.mp3,Il a des bras puissants.
1180118,Il_avait_les_mains_e.mp3,Il avait les mains en l'air.
1176755,Il_est_très_courageu.mp3,Il est très courageux.
1176745,Il_est_très_soigneux.mp3,Il est très soigneux.
1176011,Jouons_à_la_balle_.mp3,Jouons à la balle.
1175894,La_pendule_indique_d.mp3,La pendule indique deux heures.
1175871,Ne_perdons_pas_notre.mp3,Ne perdons pas notre temps.
1175861,Je_tue_le_temps_.mp3,Je tue le temps.
1174463,Tu_ne_me_crois_pas__.mp3,Tu ne me crois pas ?
1174430,Tu_me_connais__.mp3,Tu me connais ?
1174428,Tu_sais_qui_je_suis_.mp3,Tu sais qui je suis ?
1174427,On_se_connait__.mp3,On se connait ?
1174420,Est_ce_que_vous_vien.mp3,Est-ce que vous viendrez avec nous ?
1174418,Est_ce_que_tu_viendr.mp3,Est-ce que tu viendras avec nous ?
1173376,Tom_pensait_que_Mari.mp3,Tom pensait que Marie n'aurait pas été capable de gagner plus de trente dollars en une heure.
1170471,Ne_dérange_pas_.mp3,Ne dérange pas.
1170457,Je_vais_voir_s_il_es.mp3,Je vais voir s'il est là.
1170455,Elle_est_étudiante_.mp3,Elle est étudiante.
1170296,Il_est_venu_à_mon_se.mp3,Il est venu à mon secours.
1169441,Pourquoi_es_tu_si_en.mp3,Pourquoi es-tu si en colère ?
1167273,Je_sais_nager_rapide.mp3,Je sais nager rapidement.
1160408,Tom_ne_sait_pas_quan.mp3,Tom ne sait pas quand Marie partira de Boston.
1159971,Comment_va_tout_le_m.mp3,Comment va tout le monde ?
1158628,Je_suis_sur_le_point.mp3,Je suis sur le point de partir.
1158518,Vrai__.mp3,Vrai ?
1158442,Tais_toi__.mp3,Tais-toi !
1158419,Pressez_vous__.mp3,Pressez-vous !
1158319,Poursuis__.mp3,Poursuis !
1157954,C_est_du_boulot_.mp3,C'est du boulot.
1157885,Tom_et_Marie_travail.mp3,Tom et Marie travaillent souvent ensemble le vendredi.
1157672,Entrez__.mp3,Entrez !
1157671,Entre__.mp3,Entre !
1157669,Sortez__.mp3,Sortez !
1157665,Sors__.mp3,Sors !
1157654,Asseyez_vous__.mp3,Asseyez-vous !
1157653,Assieds_toi__.mp3,Assieds-toi !
1157650,Pars__.mp3,Pars !
1157370,J_en_suis_certain_.mp3,J'en suis certain.
1156926,C_est_faux_.mp3,C'est faux.
1156667,C_est_pour_moi_.mp3,C'est pour moi.
1156142,Qu_est_ce_que_Tom_a_.mp3,Qu'est-ce que Tom a dit à Marie de ne pas faire?
1153693,Où_est_sa_famille__.mp3,Où est sa famille ?
1153653,Compte_de_un_à_dix_.mp3,Compte de un à dix.
1153593,Nous_sommes_jeudi_.mp3,Nous sommes jeudi.
1153592,Nous_sommes_vendredi.mp3,Nous sommes vendredi.
1152621,Ce_chien_est_gros_.mp3,Ce chien est gros.
1152399,J_irai_en_avant_.mp3,J'irai en avant.
1152325,Vous_aimez_le_poisso.mp3,Vous aimez le poisson?
1152149,J_aime_les_châteaux_.mp3,J'aime les châteaux.
1151669,Tom_n_a_jamais_renco.mp3,Tom n'a jamais rencontré Marie.
1151650,Je_ne_trouve_pas_ma_.mp3,Je ne trouve pas ma clé.
1147906,Tom_espérait_qu_il_p.mp3,Tom espérait qu'il pourrait devenir un aussi bon joueur de tennis que Marie.
1147904,Tom_espérait_qu_il_p.mp3,Tom espérait qu'il pourrait jouer au tennis aussi bien que Marie.
1147672,Tom_n_a_pas_à_s_inqu.mp3,Tom n'a pas à s’inquiéter pour Marie.
1147645,Tom_passa_du_temps_a.mp3,Tom passa du temps avec Marie.
1147644,Tom_se_sépara_de_Mar.mp3,Tom se sépara de Marie.
1147641,Tom_est_dans_les_tra.mp3,Tom est dans les traces de Marie.
1147625,Je_pense_qu_il_est_p.mp3,Je pense qu'il est peu probable que Tom emmène Marie à la fête.
1147038,Qu_est_ce_que_Tom_at.mp3,Qu'est ce que Tom attend de Marie ?
1146996,Tom_travaille_avec_M.mp3,Tom travaille avec Marie.
1146961,Tom_veut_se_marier_a.mp3,Tom veut se marier avec Marie.
1146941,Tom_veut_demander_qu.mp3,Tom veut demander quelque chose à Marie.
1146938,Tom_voulait_voir_Mar.mp3,Tom voulait voir Marie heureuse.
1144794,Tom_fit_un_câlin_à_M.mp3,Tom fit un câlin à Marie.
1144774,Tom_ne_comprenait_pa.mp3,Tom ne comprenait pas ce que Marie disait.
1144768,Tom_est_aussi_âgé_qu.mp3,Tom est aussi âgé que Marie.
1144660,Il_est_dans_le_pétri.mp3,Il est dans le pétrin.
1144631,Ne_nourris_pas_le_ch.mp3,Ne nourris pas le chien.
1140750,J_ai_trop_mangé_.mp3,J'ai trop mangé.
1139311,Elle_l_a_plaqué_.mp3,Elle l'a plaqué.
1138252,Est_ce_que_la_voitur.mp3,Est-ce que la voiture paraissait vieille ?
1135516,Pourquoi_tu_étudies_.mp3,Pourquoi tu étudies ?
1133630,J_essaye_.mp3,J'essaye.
1133384,J_adore_ça__.mp3,J'adore ça !
1130166,Qu_est_ce__.mp3,Qu'est-ce ?
1122655,Je_suis_un_artiste_.mp3,Je suis un artiste.
1121501,Je_n_aime_pas_cela_.mp3,Je n'aime pas cela.
1121156,Est_ce_le_cas__.mp3,Est-ce le cas ?
1121154,En_est_il_ainsi__.mp3,En est-il ainsi ?
1121153,En_va_t_il_ainsi__.mp3,En va-t-il ainsi ?
1121150,Vous_êtes_grandes_.mp3,Vous êtes grandes.
1121149,Vous_êtes_grands_.mp3,Vous êtes grands.
1121148,Vous_êtes_grande_.mp3,Vous êtes grande.
1121147,Vous_êtes_grand_.mp3,Vous êtes grand.
1121146,Tu_es_grande_.mp3,Tu es grande.
1121145,Tu_es_grand_.mp3,Tu es grand.
1121139,Je_mange_.mp3,Je mange.
1119672,Ils_sont_en_classe_.mp3,Ils sont en classe.
1117978,Qu_est_ce_qui_ne_va_.mp3,Qu'est-ce qui ne va pas ?
1114397,C_est_vous_qui_l_ave.mp3,C'est vous qui l'avez fait !
1114396,C_est_toi_qui_l_as_f.mp3,C'est toi qui l'as fait !
1114390,Sois_gentil_avec_ell.mp3,Sois gentil avec elle.
1114195,Pourquoi_as_tu_démis.mp3,Pourquoi as-tu démissionné ?
1112332,Me_voici_.mp3,Me voici.
1111573,Montez_.mp3,Montez.
1111572,Monte_.mp3,Monte.
1099341,Elle_l_appelle_toute.mp3,Elle l'appelle toutes les nuits.
1098750,Où_suis_je__.mp3,Où suis-je ?
1098187,Es_tu_japonais__.mp3,Es-tu japonais ?
1098186,Êtes_vous_japonais__.mp3,Êtes-vous japonais ?
1098030,Je_pense_que_tu_as_t.mp3,Je pense que tu as tort.
1097924,Quel_est_ton_nom__.mp3,Quel est ton nom ?
1089958,Nous_l_avons_vu_.mp3,Nous l'avons vu.
1089171,Tom_affirmait__à_en_.mp3,"Tom affirmait, à en juger par le verbe devant lui, que la phrase était au passé tandis que Mary voyant le participe sous ses yeux, jurait que c'était un présent."
1088937,Le_destin_de_Tom_et_.mp3,"Le destin de Tom et Mary hantait sans cesse l'auteur, accablé par sa propre impuissance à en assumer le poids."
1088854,Par_cette_phrase__l_.mp3,"Par cette phrase, l'auteur signifiait à Tom et Mary que leur destin lui échappait, puisqu'il ne comprenait pas le sens profond de ses propres phrases."
1088852,Tom_et_Mary_ne_compr.mp3,Tom et Mary ne comprenaient pas le sens profond de la phrase dans laquelle ils se trouvaient pourtant et se dirent que ce devait être vraiment dur de comprendre le sens de phrases où ils ne se trouvaient pas.
1088781,Tom_et_Mary_recherch.mp3,Tom et Mary recherchaient la phrase inconnue et se demandaient qui en était l'auteur.
1086642,Ouvre_tes_yeux_.mp3,Ouvre tes yeux.
1086428,Qu_est_ce_qui_t_inqu.mp3,Qu'est-ce qui t'inquiète ?
1084776,J_aime_chanter_.mp3,J'aime chanter.
1084219,Je_le_regarderai_.mp3,Je le regarderai.
1083768,Relaxe__.mp3,Relaxe !
1082987,J_ai_peur_des_ours_.mp3,J'ai peur des ours.
1081910,Ils_se_sont_embrassé.mp3,Ils se sont embrassés.
1081900,La_porte_s_est_ouver.mp3,La porte s'est ouverte.
1081649,Les_traducteurs_alle.mp3,"Les traducteurs allemands, toujours en retard, n'avaient pas encore traduit cette phrase et Tom et Mary s'inquiétaient de savoir s'ils devraient passer par une autre traduction pour atteindre la phrase en lojban."
1081004,Mary_et_Tom_se_dispu.mp3,Mary et Tom se disputèrent au sujet des étiquettes controversées à appliquer à cette phrase.
1080984,Mary_prétendait_que_.mp3,"Mary prétendait que Tom était trois mots devant lui, alors que quand il se retourna, il vit qu'entre elle et lui, il n'y en avait bien que deux."
1080978,Mary_se_demandait_si.mp3,Mary se demandait si elle comptait pour Tom comme un simple mot ou comme une vraie personne.
1080962,Tom__comme_à_son_hab.mp3,"Tom, comme à son habitude, traînait en début de phrase, tandis que Mary, déjà douze mots devant lui, se trouvait maintenant en son milieu."
1080952,Tom__dix_mots_en_arr.mp3,"Tom, dix mots en arrière, ne voyait pas bien ce mot-ci. Mary, qui était plus près, le lui décrivit."
1078636,Tu_as_mangé__.mp3,Tu as mangé ?
1077934,Jusqu_à_leurs_noms__.mp3,"Jusqu'à leurs noms, à lui et à elle, furent désormais oubliés dans les phrases."
1077891,Tom_de_Mary_et_Mary_.mp3,Tom de Mary et Mary de Tom étaient alternativement le sujet et l'objet.
1077868,Le_mot_que_Tom_et_Ma.mp3,"Le mot que Tom et Mary cherchaient, ils ne le trouvèrent qu'à la fin de la phrase, car c'était le mot « perdu »."
1077626,Tom_et_Mary_s_apprêt.mp3,"Tom et Mary s'apprêtaient à plonger, du bord gauche de la phrase, dans l'infini corpus, lorsqu'ils virent au-dessous un banc de contributeurs affamés, les dents dehors, prêts à leur sauter dessus et à déchiqueter leurs fautes jusqu'à la dernière."
1077434,Cette_maligne_de_Mar.mp3,"Cette maligne de Mary improvisa un saute-mot, qui était une méthode beaucoup plus efficace de déplacement dans les phrases. Elle en avait ainsi déjà sauté trois, dont un premier très haut."
1077425,Pour_passer_d_une_ph.mp3,"Pour passer d'une phrase à l'autre, Tom tendait son bras. Mary le saisissait fermement et sautait par-dessus le point en évitant de tomber dans l'espace."
1077416,Tom_et_Mary_se_retro.mp3,Tom et Mary se retrouvèrent alors côte à côte au début de cette phrase et entreprirent de l'explorer.
1077400,Mary__cette_espiègle.mp3,"Mary, cette espiègle, vint coller son nom au début de cette phrase, pour ne pas en laisser le monopole à Tom, alors que ce n'était pas du tout nécessaire."
1076712,S_étant_réconciliés_.mp3,"S'étant réconciliés après une longue brouille, Tom et Mary se retrouvèrent au milieu de cette phrase."
1076708,Mary__ayant_exilé_To.mp3,"Mary, ayant exilé Tom, fut promue au début de chaque phrase."
1076701,__Comment_oses_tu_m_.mp3,"« Comment oses-tu m'exiler à la fin de cette phrase ? », demanda Tom."
1076536,J_ai_une_nouvelle_vo.mp3,J'ai une nouvelle voiture rouge.
1076529,__Tom___Réalises_tu_.mp3,"« Tom ! Réalises-tu que ces phrases sont très égocentriques : Elles commencent ou finissent toujours par toi ! Voire les deux ! », reprocha-t-elle à Tom."
1076514,Tom_ergotait_à_propo.mp3,Tom ergotait à propos des phrases le concernant alors que Mary faisait du mieux qu'elle pouvait pour les traduire.
1076479,Tom__désespéré__hurl.mp3,"Tom, désespéré, hurla : « Mary ! Où es-tu ? » depuis l'extrémité gauche de la phrase. « Je crains de n'être désormais totalement à l'opposé de toi », répondit sèchement Mary."
1076367,À_force_de_repousser.mp3,"À force de repousser les mots vers le début de la phrase, il ne resta plus qu'eux deux à la fin : Mary, Tom."
1076361,__Tom_______Mary____.mp3,« Tom ! » « Mary ? » « Est-il possible que nous soyons jamais plus proches que dans cette phrase ? »
1076354,Tom__seul__penché_au.mp3,"Tom, seul, penché au bord gauche de la phrase, hésitait à sauter, pour en finir avec toute cette histoire."
1076330,Lassée_d_être_l_obje.mp3,"Lassée d'être l'objet des accusations de Tom, Mary s'enfuit en France dont la langue ne connaît pas de cas accusatif."
1076326,Nos_deux_héros_ayant.mp3,"Nos deux héros ayant déserté cette phrase, leurs aventures semblaient bien vouloir se terminer précisément à ce mot-ci."
1076325,Lui_parti__Mary_rest.mp3,"Lui parti, Mary resta donc seule dans cette phrase-ci."
1076313,Tom_se_demandait_ce_.mp3,"Tom se demandait ce qui l'attirait tant à la fin de toutes les phrases et pensait : « Reviens vers moi, Mary ! »"
1076308,Tom__laissé_seul_au_.mp3,"Tom, laissé seul au début des phrases, n'arrivait pas à s'habituer à l'éloignement croissant de Mary."
1076303,Frustré_de_n_être_pl.mp3,"Frustré de n'être plus l'objet exclusif de ses désirs, Tom relégua Mary."
1076302,Mary_dit_à_Tom____Co.mp3,Mary dit à Tom: « Commençons par une petite phrase et puis nous verrons bien...»
1076298,Quoi_de_mieux_que_de.mp3,"Quoi de mieux que des phrases, pour lier connaissance ?"
1076297,C_est_par_une_premiè.mp3,C'est par une première courte phrase que Tom fit la connaissance de Mary.
1076296,Tom_et_Mary_n_en_éta.mp3,Tom et Mary n'en étaient pas à leur première phrase.
1076290,Loin_de_n_être_que_l.mp3,"Loin de n'être que l'objet de leur relation ambiguë, Mary était le sujet de toute l'attention de Tom."
1076248,Tom_baisait_Mary_tou.mp3,Tom baisait Mary tout en traduisant cette phrase sur son terminal Android.
1076242,Tom_savait_bien_que_.mp3,"Tom savait bien que dans toutes les phrases, le dernier mot serait toujours pour Mary."
1076238,Cet_idiot_de_Tom_aur.mp3,Cet idiot de Tom aurait dû se douter que le dernier mot de cette phrase serait évidemment pour Mary.
1076232,Tom_n_avait_plus_qu_.mp3,"Tom n'avait plus qu'un mot à couper pour que de cette phrase, à jamais, disparaisse notre Mary."
1076226,Mary_tentait_de_pous.mp3,Mary tentait de pousser les mots vers l'autre extrémité de la phrase pour faire tomber Tom.
1076225,Tom__ce_lourdaud__se.mp3,"Tom, ce lourdaud, se tenait à une extrémité de cette phrase, tandis que, trop légère pour le contrebalancer, à l'autre bout, se tenait Mary."
1073973,On_garde_contact_.mp3,On garde contact.
1072809,C_est_un_bon_médecin.mp3,C'est un bon médecin.
1071351,C_est_juste_.mp3,C'est juste.
1067040,Est_ce_que_je_peux_a.mp3,Est-ce que je peux aller au lit ?
1066729,Reste_où_tu_es_.mp3,Reste où tu es.
1056649,Lorsque_Tom_ouvrit_l.mp3,"Lorsque Tom ouvrit la porte, il vit Marie se tenant là, avec un pack de six et une pizza."
1042568,Le_fruit_s_est_avari.mp3,Le fruit s'est avarié.
1039148,Qui_a_cassé_la_fenêt.mp3,Qui a cassé la fenêtre ?
1030954,J_ai_toujours_faim_.mp3,J’ai toujours faim.
1023207,Faites_ça_comme_ça_.mp3,Faites ça comme ça.
1023061,Je_veux_que_lui_part.mp3,Je veux que lui parte.
1023060,Je_veux_qu_il_parte_.mp3,Je veux qu'il parte.
1018632,J_espère_que_non_.mp3,J'espère que non.
1017027,Quand_vas_tu_partir_.mp3,Quand vas-tu partir ?
1013319,Nous_sommes_quittes_.mp3,Nous sommes quittes.
1011701,Il_a_atteint_son_but.mp3,Il a atteint son but.
1009764,T_es_fâché_avec_l_al.mp3,T'es fâché avec l'algèbre de Boole ?
1009633,Il_a_abandonné_tout_.mp3,Il a abandonné tout espoir.
1008737,Tu_as_un_stylo__.mp3,Tu as un stylo ?
1008676,J_ai_regardé_autour_.mp3,J'ai regardé autour de moi.
1005820,Je_n_ai_pas_le_temps.mp3,Je n’ai pas le temps.
994324,J_ai_oublié_.mp3,J'ai oublié.
971384,Nous_y_sommes_presqu.mp3,Nous y sommes presque.
971362,J_en_ai_fini_.mp3,J'en ai fini.
970628,Je_veux_m_amuser_.mp3,Je veux m'amuser.
970033,Je_voudrais_un_peu_d.mp3,Je voudrais un peu d'eau.
969980,Il_entendit_le_bruit.mp3,Il entendit le bruit.
968835,C_est_la_Salle_839_.mp3,C'est la Salle 839.
967169,Je_suis_soûl_.mp3,Je suis soûl.
964846,Ne_soyez_pas_en_colè.mp3,Ne soyez pas en colère.
964721,C_est_assez_grand__.mp3,C'est assez grand ?
964677,Elle_a_l_air_malheur.mp3,Elle a l'air malheureuse.
963654,Le_chat_est_noir_.mp3,Le chat est noir.
961685,Nul_n_aime_la_guerre.mp3,Nul n'aime la guerre.
955173,Avez_vous_un_tatouag.mp3,Avez-vous un tatouage ?
955068,Est_ce_que_tu_vas_bi.mp3,Est-ce que tu vas bien ?
954877,Tu_ne_peux_pas_mange.mp3,Tu ne peux pas manger ici.
954876,Vous_ne_pouvez_pas_m.mp3,Vous ne pouvez pas manger ici.
952757,Je_dois_y_aller_.mp3,Je dois y aller.
949411,Dans_la_mythologie_i.mp3,"Dans la mythologie italienne, les octogénaires bronzés bandent encore."
949395,Dans_la_mythologie_a.mp3,"Dans la mythologie allemande, l'énergie est produite à partir des montagnes et des forêts."
949385,Dans_la_mythologie_g.mp3,"Dans la mythologie grecque, il n'est pas nécessaire de payer des impôts."
943419,J_étais_malade_.mp3,J'étais malade.
941326,Parle_moi__.mp3,Parle-moi !
941175,Qu_as_tu_eu__.mp3,Qu'as-tu eu ?
940265,Je_suis_né_en_1960_.mp3,Je suis né en 1960.
940007,Tous_les_garçons_son.mp3,Tous les garçons sont partis en courant.
939959,Merci_pour_le_repas_.mp3,Merci pour le repas.
936403,Le_bain_est_prêt_.mp3,Le bain est prêt.
936206,Nous_avons_beaucoup_.mp3,Nous avons beaucoup à faire.
934632,Des_chiens_aboient_.mp3,Des chiens aboient.
934598,Je_suis_très_bon_à_p.mp3,"Je suis très bon à paraître organisé, bien que la réalité soit quelque peu différente."
931008,La_vengeance_de_la_m.mp3,La vengeance de la malbouffe est un plat de germes de légumes qui poussent au chaud.
926865,Je_suis_totalement_d.mp3,Je suis totalement d'accord.
920629,Excellent__.mp3,Excellent !
919340,C_est_fait_.mp3,C'est fait.
918932,Nous_l_emporterons_.mp3,Nous l'emporterons.
917495,Tu_devrais_le_savoir.mp3,Tu devrais le savoir.
914859,Il_n_est_pas_là_en_c.mp3,Il n'est pas là en ce moment.
912117,Ça_pue_.mp3,Ça pue.
912116,Ça_sent_mauvais_.mp3,Ça sent mauvais.
911997,Suivez_le__.mp3,Suivez-le !
911996,Suis_le__.mp3,Suis-le !
911108,Marchez_vous_jusqu_à.mp3,Marchez-vous jusqu'à l'école ?
910079,Réveillez_moi_à_huit.mp3,Réveillez-moi à huit heures.
909831,Je_ne_comprends_pas_.mp3,Je ne comprends pas comment toutes les filles ne sont pas lesbiennes.
908892,Est_ce_cela__.mp3,Est-ce cela ?
908148,Ouvrez_les_yeux_.mp3,Ouvrez les yeux.
905653,Le_temps_s_envole_.mp3,Le temps s'envole.
904847,Faites_le_rapidement.mp3,Faites-le rapidement s'il vous plaît.
904843,Fais_le_rapidement_s.mp3,Fais-le rapidement s'il te plaît.
902896,Je_l_ai_battu_aux_éc.mp3,Je l'ai battu aux échecs.
901954,Quelle_est_la_dent_q.mp3,Quelle est la dent qui fait mal ?
900775,Leurs_regards_se_cro.mp3,Leurs regards se croisèrent.
899483,Le_pire_est_déjà_pas.mp3,Le pire est déjà passé.
898874,Est_ce_que_je_perds_.mp3,Est-ce que je perds mon temps ?
897511,Bien_sûr_.mp3,Bien sûr.
896852,Je_m_en_sers_.mp3,Je m'en sers.
896850,Je_l_utilise_.mp3,Je l'utilise.
895941,Dans_quel_but__.mp3,Dans quel but ?
895814,Je_serai_vite_de_ret.mp3,Je serai vite de retour.
895522,Où_as_tu_obtenu_ceci.mp3,Où as-tu obtenu ceci ?
894558,N_est_ce_pas_noir__.mp3,N'est-ce pas noir ?
893881,Tu_peux_t_en_aller_.mp3,Tu peux t'en aller.
891036,Puis_je_prolonger_mo.mp3,Puis-je prolonger mon séjour ?
890893,Il_est_temps_de_s_en.mp3,Il est temps de s'en aller.
890891,Il_est_temps_de_part.mp3,Il est temps de partir.
890852,Une_voiture_arrive_.mp3,Une voiture arrive.
889608,Je_vais_au_lit_.mp3,Je vais au lit.
886547,Il_était_courageux_.mp3,Il était courageux.
885392,Le_premier_homme_à_s.mp3,Le premier homme à se suicider du Burj Khalifa l'a fait parce que son patron lui a refusé un jour de congé. Il devait pas baiser souvent.
885270,Vous_me_plaisez_.mp3,Vous me plaisez.
885269,Tu_me_plais_.mp3,Tu me plais.
885250,Tu_ne_crois_pas_que_.mp3,Tu ne crois pas que tu vas t'en tirer comme ça ?
885244,Vous_dites_avoir_vu_.mp3,Vous dites avoir vu un OVNI ? Allons donc !
885243,Les_États_Unis_d_Amé.mp3,Les États-Unis d'Amérique s'imaginent être la nation la plus libre du monde.
884320,Sois_belle_et_tais_t.mp3,Sois belle et tais-toi !
884292,Je_parie_qu_il_n_est.mp3,Je parie qu'il n'est même pas capable de décrocher la queue d'un singe !
884267,Ta_petite_phrase_est.mp3,Ta petite phrase est trop proprette.
883835,_Et_pour_Monsieur___.mp3,«Et pour Monsieur ?» «Elle est accompagnée de quoi votre blanquette de veau ?»
883834,_Et_pour_Monsieur___.mp3,«Et pour Monsieur ?» «Elle est copieuse la blanquette de veau ?»
883832,_Et_pour_Monsieur___.mp3,«Et pour Monsieur ?» «Je me laisserais bien tenter par la blanquette de veau !»
883831,_Et_pour_Monsieur___.mp3,«Et pour Monsieur ?» «Allez ! Une fois n'est pas coutume : Une blanquette de veau !»
883830,_Et_pour_Monsieur___.mp3,«Et pour Monsieur ?» «Allez ! Une blanquette de veau !»
883829,_Et_pour_Monsieur___.mp3,«Et pour Monsieur ?» «Une blanquette de veau !»
883752,Organiser_de_faux_at.mp3,Organiser de faux attentats contre sa propre population est le comble du cynisme politique.
882861,Les_faux_intelligent.mp3,Les faux intelligents sont plus nuisibles au savoir que les vrais cons.
882754,Il_ne_faut_surtout_p.mp3,Il ne faut surtout pas faire confiance aux natifs pour détecter les ambiguïtés de leur propre langue : Ils n'en sont même pas conscients et font preuve d'une incapacité totale d'abstraction pour s'y projeter !
882151,Tu_ferais_mieux_de_t.mp3,Tu ferais mieux de te faire examiner par un médecin.
882091,Joignez_vous_à_nous_.mp3,Joignez-vous à nous.
881363,Chaque_fois_que_j_en.mp3,"Chaque fois que j'entends un cavalier parler de l'amour qu'il porte à son cheval, je me dis : «Mais pourquoi le montes-tu ?» C'est vraiment incompréhensible !"
881362,Tous_ces_gens_qui_te.mp3,"Tous ces gens qui te parlent de respecter la nature et qui assistent aux feux d'artifice, c'est à gerber ! Et les oiseaux ?"
881302,La_version_est_plus_.mp3,La version est plus facile que le thème.
881286,J_ai_besoin_d_un_min.mp3,J'ai besoin d'un minimum incompressible de confort bourgeois.
880986,Rrrah_qu_c_est_embêt.mp3,Rrrah qu'c'est embêtant d'avoir un enfant qui n'a qu'une dent !
880932,J_aime_bien_recycler.mp3,J'aime bien recycler le mur. Je fais de la traduction durable.
880854,La_pipe_à_Papa_que_l.mp3,"La pipe à Papa que l'on croyait perdue, c'était maman qui l'avait dans...son sac."
880835,Ben_voyons__.mp3,Ben voyons !
879209,Il_essaie_d_impressi.mp3,Il essaie d'impressionner la galerie avec ses statistiques à la mords-moi-le-nœud.
879156,Il_n_y_a_rien_de_tel.mp3,Il n'y a rien de tel qu'un beau graphe en couleurs pour jeter de la poudre aux yeux des gogos. Ils sont même allés faire la guerre en Iraq avec ça !
876867,T_es_vraiment_coincé.mp3,T'es vraiment coincée comme nana !
876863,T_arrives_déjà_pas_à.mp3,"T'arrives déjà pas à trouver ton point G, tu vas pas m'emmerder avec un pauvre point d'exclamation !"
876778,Il_y_a_ceux_qui_trad.mp3,Il y a ceux qui traduisent et ceux qui commentent...on voit les résultats !
876766,_Il_est_un_peu_conse.mp3,"«Il est un peu conservateur.» «Tu veux dire qu'il a un balai dans le cul, oui !»"
876552,Quelle_partie_de_ton.mp3,Quelle partie de ton corps est la plus excitante ?
874988,Ma_mère_met_un_fond_.mp3,Ma mère met un fond de Morgon dans sa salade de fraises. C'est à se damner !
874784,La_vie_n_est_qu_une_.mp3,La vie n'est qu'une forme d'organisation sophistiquée de la matière.
874654,Tu_as_du_toupet_de_m.mp3,Tu as du toupet de m'attirer ici sous de faux prétextes.
874547,Curieusement__les_ge.mp3,"Curieusement, les gens riches tendent à être plus radins que les pauvres."
872605,L_idée_que_mon_télép.mp3,L'idée que mon téléphone aurait pu partir en réparation en m'incapacitant pendant des semaines me glace d'effroi.
872599,Aucune_FAQ_ne_corres.mp3,Aucune FAQ ne correspond jamais à mon cas.
872596,Lorsque_deux_élément.mp3,"Lorsque deux éléments sont nécessaires pour faire fonctionner un système qui est en panne et que vous appelez le support de l'un des deux, c'est toujours l'autre élément qui est incriminé."
866206,Le_puits_se_tarit_.mp3,Le puits se tarit.
866200,Le_puits_s_assécha_.mp3,Le puits s'assécha.
852676,Je_viens_d_être_muté.mp3,Je viens d'être muté.
852673,Je_viens_juste_de_bo.mp3,Je viens juste de bouger.
852672,Je_viens_juste_de_dé.mp3,Je viens juste de déménager.
851423,Je_ne_peux_pas_t_att.mp3,Je ne peux pas t'attendre.
846218,Il_a_des_ennuis_.mp3,Il a des ennuis.
845611,Vous_vous_souvenez__.mp3,Vous vous souvenez ?
845610,Tu_te_souviens__.mp3,Tu te souviens ?
845583,C_est_mon_vélo_.mp3,C'est mon vélo.
841815,Relire_ses_vieux_cla.mp3,Relire ses vieux clavardages est souvent instructif. Ça donne une bonne idée de l'insondabilité des problèmes de communication.
841652,Je_suis_très_heureux.mp3,Je suis très heureux maintenant.
839252,J_étais_à_la_fête_.mp3,J'étais à la fête.
837756,Je_suis_fatigué_main.mp3,Je suis fatigué maintenant.
837592,Il_est_paresseux_.mp3,Il est paresseux.
835240,Nettoyons_notre_cham.mp3,Nettoyons notre chambre.
833288,J_ai_eu_une_bonne_id.mp3,J'ai eu une bonne idée.
833095,J_arrive_à_voir_la_l.mp3,J'arrive à voir la lumière.
832191,Je_souhaiterais_être.mp3,Je souhaiterais être jeune.
832050,Je_suis_saoul_.mp3,Je suis saoul.
827215,Elle_sait_patiner_.mp3,Elle sait patiner.
827098,Écoutez__.mp3,Écoutez !
826770,On_m_a_arraché_une_d.mp3,On m'a arraché une dent.
826316,Il_était_très_patien.mp3,Il était très patient.
825149,Personne_ne_sait_.mp3,Personne ne sait.
824814,Je_me_suis_mordu_la_.mp3,Je me suis mordu la langue.
822627,Il_a_changé_.mp3,Il a changé.
822593,C_est_mon_problème_.mp3,C'est mon problème.
822410,Je_ne_suis_pas_encor.mp3,Je ne suis pas encore prêt.
822114,C_est_neuf_.mp3,C'est neuf.
822111,C_est_nouveau_.mp3,C'est nouveau.
819190,Es_tu_vraiment_sincè.mp3,Es-tu vraiment sincère ?
819188,Le_penses_tu_réellem.mp3,Le penses-tu réellement ?
819121,C_est_bibi__.mp3,C'est bibi !
817346,Je_veux_le_ventilate.mp3,Je veux le ventilateur.
817345,Je_veux_l_éventail_.mp3,Je veux l'éventail.
811445,J_aime_faire_du_jogg.mp3,J'aime faire du jogging.
811414,Je_la_connais_très_b.mp3,Je la connais très bien.
809600,L_idée_de_Dieu_serai.mp3,"L'idée de Dieu serait plus intéressante si au lieu d'avoir créé les humains, il les avait trouvés."
808788,Elle_est_infirmière_.mp3,Elle est infirmière.
805740,N_y_touche_pas_.mp3,N'y touche pas.
804731,La_cloche_a_t_elle_s.mp3,La cloche a-t-elle sonné ?
804713,J_ai_rejeté_l_offre_.mp3,J'ai rejeté l'offre.
801103,Prends_un_bain_s_il_.mp3,Prends un bain s'il te plaît.
800506,Le_plein_.mp3,Le plein.
797786,Je_voudrais_être_ric.mp3,Je voudrais être riche.
797763,Où_est_mon_siège__.mp3,Où est mon siège ?
796084,J_ai_souvent_le_hoqu.mp3,J'ai souvent le hoquet.
794306,Le_lait_avait_tourné.mp3,Le lait avait tourné.
794297,Je_n_ai_pas_compris_.mp3,Je n'ai pas compris la blague.
794287,N_écris_pas_à_l_encr.mp3,N'écris pas à l'encre.
793273,Veuillez_ouvrir_la_p.mp3,Veuillez ouvrir la porte.
792844,Allez__essaie_encore.mp3,"Allez, essaie encore."
792822,Les_oiseaux_construi.mp3,Les oiseaux construisent des nids.
792116,J_ai_besoin_d_étudie.mp3,J'ai besoin d'étudier les maths.
788136,Votre_père_est_grand.mp3,Votre père est grand.
788041,Il_a_retenu_son_souf.mp3,Il a retenu son souffle.
788040,Il_a_retenu_sa_respi.mp3,Il a retenu sa respiration.
786414,Ajoute_un_peu_de_lai.mp3,Ajoute un peu de lait.
786408,Il_n_y_a_pas_d_erreu.mp3,Il n'y a pas d'erreur.
786400,Je_me_sens_soulagé_.mp3,Je me sens soulagé.
781919,J_aime_faire_des_pro.mp3,J'aime faire des promenades.
781169,C_est_une_journée_nu.mp3,C'est une journée nuageuse.
781167,Quand_puis_je_vous_r.mp3,Quand puis-je vous rendre visite ?
781150,La_loi_a_été_modifié.mp3,La loi a été modifiée.
780903,Nous_sommes_en_retar.mp3,Nous sommes en retard.
777568,Qui_a_fait_cette_tou.mp3,Qui a fait cette tourte ?
777559,Qui_a_fait_cette_tar.mp3,Qui a fait cette tarte ?
772413,Mon_école_a_un_group.mp3,Mon école a un groupe de musique.
764750,Eh_bien__allons_y_.mp3,"Eh bien, allons-y."
764660,J_ai_marché_seul_.mp3,J'ai marché seul.
764659,J_ai_cheminé_seul_.mp3,J'ai cheminé seul.
763247,Fais_tes_devoirs_mai.mp3,Fais tes devoirs maintenant.
761082,Ils_partirent_tôt_.mp3,Ils partirent tôt.
759533,J_ai_les_crocs_.mp3,J'ai les crocs.
753298,Est_il_encore_là_.mp3,Est-il encore là?
753227,Elle_m_a_pris_par_la.mp3,Elle m'a pris par la main.
751125,J_ai_laissé_la_porte.mp3,J'ai laissé la porte ouverte.
750933,Je_suis_satisfait_.mp3,Je suis satisfait.
749723,Nous_avons_un_problè.mp3,Nous avons un problème.
748323,Qu_y_a_t_il_là_bas__.mp3,Qu'y a-t-il là-bas ?
748156,J_avais_pour_habitud.mp3,J'avais pour habitude de boire de la bière.
748140,Je_mangerai_ici_.mp3,Je mangerai ici.
747646,C_est_une_honte_.mp3,C'est une honte.
747300,J_ai_la_gueule_de_bo.mp3,J'ai la gueule de bois.
747288,Je_pense_que_vous_av.mp3,Je pense que vous avez raison.
747142,J_ai_envie_de_toi_.mp3,J'ai envie de toi.
746458,On_a_gagné_le_match_.mp3,On a gagné le match.
746301,J_ai_mal_aux_yeux_.mp3,J'ai mal aux yeux.
746280,L_interrupteur_est_o.mp3,L’interrupteur est ouvert.
745202,Il_adore_voyager_.mp3,Il adore voyager.
744360,Ça_va_.mp3,Ça va.
741042,Compte_jusqu_à_trent.mp3,Compte jusqu'à trente.
740372,C_est_la_loi_.mp3,C'est la loi.
737329,Peux_tu_me_pardonner.mp3,Peux-tu me pardonner ?
733863,Elle_devint_heureuse.mp3,Elle devint heureuse.
733820,J_adore_les_comédies.mp3,J'adore les comédies.
733727,Cette_voiture_est_la.mp3,Cette voiture est la sienne.
728152,Il_y_a_un_problème__.mp3,Il y a un problème ?
728148,Je_suis_fier_de_mon_.mp3,Je suis fier de mon fils.
728136,J_ai_perdu_ma_clé_de.mp3,J'ai perdu ma clé de voiture.
728003,Éteins_la_radio_.mp3,Éteins la radio.
715494,Allons_déjeuner_.mp3,Allons déjeuner.
714418,Cette_viande_sent_ma.mp3,Cette viande sent mauvais.
710398,Maintenant_arrête_de.mp3,Maintenant arrête de pleurer.
710308,Passe_moi_mes_lunett.mp3,Passe-moi mes lunettes.
710292,Cela_prend_du_temps_.mp3,Cela prend du temps.
710284,Avez_vous_une_voitur.mp3,Avez-vous une voiture ?
706380,Elle_retint_son_souf.mp3,Elle retint son souffle.
700778,Savez_vous_conduire_.mp3,Savez-vous conduire ?
691112,Je_suis_né_en_1979_.mp3,Je suis né en 1979.
690613,Pas_de_quoi_s_inquié.mp3,Pas de quoi s'inquiéter.
686982,Tous_étaient_heureux.mp3,Tous étaient heureux.
686331,Cela_ne_va_pas_faire.mp3,Cela ne va pas faire mal.
685241,J_ai_demandé_qui_il_.mp3,J'ai demandé qui il était.
684480,Nous_sommes_ses_fils.mp3,Nous sommes ses fils.
683201,J_ai_construit_une_n.mp3,J'ai construit une nouvelle maison.
679061,J_adore_les_blagues_.mp3,J'adore les blagues.
678760,Il_s_assit_sur_le_ba.mp3,Il s'assit sur le banc.
678725,Elle_s_est_levée_tar.mp3,Elle s'est levée tard.
678713,J_aime_regarder_la_t.mp3,J'aime regarder la télévision.
672262,Il_court_.mp3,Il court.
672096,Il_dort__.mp3,Il dort ?
663874,Puis_je_prendre_ton_.mp3,Puis-je prendre ton manteau ?
663661,Tu_peux_compter_sur_.mp3,Tu peux compter sur lui.
663094,Il_fait_chaud_ici_.mp3,Il fait chaud ici.
662872,Merci_pour_ton_aide_.mp3,Merci pour ton aide.
661433,Donne_moi_une_minute.mp3,Donne-moi une minute.
658828,Il_fait_une_promenad.mp3,Il fait une promenade.
658822,On_dirait_que_tu_es_.mp3,On dirait que tu es fatigué.
658819,Tu_parais_fatigué_.mp3,Tu parais fatigué.
658818,Tu_sembles_fatigué_.mp3,Tu sembles fatigué.
658817,Tu_as_l_air_fatigué_.mp3,Tu as l'air fatigué.
658173,Elle_doit_être_malad.mp3,Elle doit être malade.
656415,Je_ne_peux_pas_mange.mp3,Je ne peux pas manger de viande.
653276,Elle_paraît_triste_.mp3,Elle paraît triste.
647179,As_tu_vu_un_docteur_.mp3,As-tu vu un docteur ?
647163,Nous_sommes_d_accord.mp3,Nous sommes d'accord.
646672,Tu_es_folle__.mp3,Tu es folle ?
646621,C_est_trop_difficile.mp3,C'est trop difficile.
642748,Il_est_arrivé_sans_e.mp3,Il est arrivé sans encombre.
641034,J_ai_un_penchant_pou.mp3,J'ai un penchant pour les sucreries.
641031,Je_suis_bec_sucré_.mp3,Je suis bec sucré.
640074,Essaie_cette_sauce_.mp3,Essaie cette sauce.
640045,Je_suis_quasiment_pr.mp3,Je suis quasiment prêt.
640044,Je_suis_presque_prêt.mp3,Je suis presque prêt.
639772,Je_peux_avoir_un_reç.mp3,Je peux avoir un reçu ?
638207,Je_l_ai_vu_sortir_.mp3,Je l'ai vu sortir.
634279,Attrape_ce_livre_pou.mp3,Attrape ce livre pour moi.
633776,Sois_poli_s_il_te_pl.mp3,Sois poli s'il te plaît.
631629,Je_ne_me_soucie_pas_.mp3,Je ne me soucie pas de lui.
631627,Je_me_fais_du_souci_.mp3,Je me fais du souci à son sujet.
631261,Elle_est_arrivée_der.mp3,Elle est arrivée dernière.
630595,De_l_air_s_échappe_d.mp3,De l'air s'échappe du pneu.
627815,Ce_roman_m_ennuie_.mp3,Ce roman m'ennuie.
627720,Nous_nous_aimons_l_u.mp3,Nous nous aimons l'un l'autre.
626278,Elle_me_connaît_.mp3,Elle me connaît.
626173,C_est_lequel_ton_cha.mp3,C'est lequel ton chapeau ?
624476,Conduis_prudemment_.mp3,Conduis prudemment.
623440,La_lumière_s_est_all.mp3,La lumière s'est allumée.
617767,N_importe_quel_livre.mp3,N'importe quel livre fera l'affaire.
613428,Je_n_en_ai_plus_beso.mp3,Je n'en ai plus besoin.
611168,Tout_le_monde_meurt_.mp3,Tout le monde meurt un jour.
610229,Qu_est_ce_qu_il_fait.mp3,Qu'est-ce qu'il fait ?
609979,J_ai_acheté_un_livre.mp3,J'ai acheté un livre.
609944,Un_peu_d_eau__s_il_v.mp3,"Un peu d'eau, s'il vous plaît."
605414,Je_sais_où_elle_est_.mp3,Je sais où elle est.
602926,Tu_devrais_travaille.mp3,Tu devrais travailler dur.
602231,Elle_a_cueilli_des_f.mp3,Elle a cueilli des fleurs.
597301,J_en_ai_ma_claque_.mp3,J'en ai ma claque.
591812,C_est_injuste_.mp3,C'est injuste.
591497,Il_fait_très_froid_.mp3,Il fait très froid.
590977,Appelle_moi_quand_tu.mp3,Appelle-moi quand tu veux.
590264,Je_n_ai_plus_mal_à_l.mp3,Je n'ai plus mal à la tête.
590168,Tu_peux_partir_.mp3,Tu peux partir.
589430,À_qui_appartient_ce_.mp3,À qui appartient ce livre ?
588673,Mon_nez_coule_.mp3,Mon nez coule.
587682,Le_pire_est_passé_.mp3,Le pire est passé.
587003,Ne_grossis_pas_.mp3,Ne grossis pas.
587001,Elle_a_continué_de_t.mp3,Elle a continué de travailler.
586999,Ils_sont_chanteurs_.mp3,Ils sont chanteurs.
585660,Je_suis_enrhumé_.mp3,Je suis enrhumé.
585111,Je_suis_crevé_.mp3,Je suis crevé.
584736,Qu_est_ce_qu_elle_a_.mp3,Qu'est-ce qu'elle a ?
584682,Ce_n_est_pas_nécessa.mp3,Ce n'est pas nécessaire.
584031,Appelez_moi_l_agence.mp3,Appelez-moi l'agence du coin.
583314,Amusez_vous_bien__.mp3,Amusez-vous bien !
579927,Qui_l_a_fait__.mp3,Qui l'a fait ?
579762,Lavez_vous__.mp3,Lavez-vous !
579761,Lave_toi__.mp3,Lave-toi !
570931,Il_adore_les_trains_.mp3,Il adore les trains.
570912,Répondez_à_la_questi.mp3,Répondez à la question.
565859,J_ai_fait_un_avion_e.mp3,J'ai fait un avion en papier.
563057,Nous_étudions_la_mus.mp3,Nous étudions la musique.
560046,Ma_sœur_est_célèbre_.mp3,Ma sœur est célèbre.
559412,Je_mange_ici_.mp3,Je mange ici.
553688,Il_a_perdu_son_trava.mp3,Il a perdu son travail.
551944,J_ai_très_faim_.mp3,J'ai très faim.
551904,Je_suis_d_accord_ave.mp3,Je suis d’accord avec vous.
549570,Nous_avons_besoin_de.mp3,Nous avons besoin de votre aide.
549563,C_est_très_bon_.mp3,C’est très bon.
549550,J_ai_un_stylo_.mp3,J’ai un stylo.
549526,C_est_tout_ce_que_je.mp3,C’est tout ce que je sais.
549522,Bien__Je_suis_d_acco.mp3,Bien. Je suis d’accord.
549515,Me_trompé_je__.mp3,Me trompé-je ?
547940,Après_vous_.mp3,Après vous.
545836,Le_chien_est_mourant.mp3,Le chien est mourant.
545122,Elle_a_essayé_.mp3,Elle a essayé.
543534,Quand_es_tu_occupé__.mp3,Quand es-tu occupé ?
543525,Que_faites_vous__.mp3,Que faites-vous ?
543127,Ferme_la__.mp3,Ferme-la !
541092,Ça_je_l_ignore_.mp3,Ça je l'ignore.
540872,Abandonne__.mp3,Abandonne !
540805,Il_est_venu_pour_me_.mp3,Il est venu pour me voir.
540512,Il_a_l_air_malade_.mp3,Il a l'air malade.
539902,Elle_arrêta_de_parle.mp3,Elle arrêta de parler.
539768,À_quoi_sert_cette_cl.mp3,À quoi sert cette clé ?
538766,Il_a_deux_chats_.mp3,Il a deux chats.
538591,C_est_trop_petit_.mp3,C’est trop petit.
537961,Il_regarde_la_télévi.mp3,Il regarde la télévision.
534409,Peu_de_gens_imaginen.mp3,"Peu de gens imaginent aujourd'hui, qu'en Suède ou en Norvège, considérées aujourd'hui comme parmi les nations les plus prospères, on crevait encore de faim il y a un siècle."
533384,Votre_hypothèse_est_.mp3,Votre hypothèse est erronée.
532512,J_aime_chanter_.mp3,J’aime chanter.
532490,Il_est_devenu_aveugl.mp3,Il est devenu aveugle.
529734,Son_nom_m_est_connu_.mp3,Son nom m'est connu.
529730,Je_le_connais_de_nom.mp3,Je le connais de nom.
527959,Oui__c_est_vrai__j_a.mp3,"Oui, c'est vrai, j'ai oublié le monde. Qui s'en soucie à part toi ? Heureusement que tu es là pour le sauver !"
525055,Nous_avons_nagé_dans.mp3,Nous avons nagé dans la mer.
524951,Qu_est_ce_que_tu_as_.mp3,Qu'est ce que tu as fait ensuite ?
523030,Je_l_ai_vu_.mp3,Je l’ai vu.
521597,J_ai_perdu_ma_montre.mp3,J’ai perdu ma montre.
521386,Qui_est_cet_homme__.mp3,Qui est cet homme ?
519733,Tu_te_sens_bien__.mp3,Tu te sens bien ?
517053,Il_ne_nous_aime_pas_.mp3,Il ne nous aime pas.
517051,Tu_ne_peux_pas_être_.mp3,Tu ne peux pas être sérieux.
517043,Marche_devant_moi_.mp3,Marche devant moi.
517034,Ce_n_est_pas_ma_faut.mp3,Ce n'est pas ma faute.
516032,C_est_la_chambre_de_.mp3,C'est la chambre de qui ?
515596,Ils_ont_peu_de_livre.mp3,Ils ont peu de livres.
515577,Êtes_vous_japonais__.mp3,Êtes-vous japonais ?
515563,Je_te_donnerai_un_li.mp3,Je te donnerai un livre.
515561,Voici_ton_livre_.mp3,Voici ton livre.
513910,C_est_pourquoi_je_su.mp3,C'est pourquoi je suis en retard.
512269,Tu_as_l_air_très_pâl.mp3,Tu as l'air très pâle.
512236,La_maison_est_hantée.mp3,La maison est hantée.
511298,Voilà_le_train_.mp3,Voilà le train.
511293,Voici_une_voiture_qu.mp3,Voici une voiture qui arrive.
510932,J_ai_oublié_son_adre.mp3,J'ai oublié son adresse.
509486,Tu_dois_te_dépêcher_.mp3,Tu dois te dépêcher.
507773,Essaie_ce_pull_.mp3,Essaie ce pull.
506830,Est_ce_à_vous__.mp3,Est-ce à vous ?
506829,Est_ce_à_toi__.mp3,Est-ce à toi ?
506719,C_est_un_petit_livre.mp3,C'est un petit livre.
504958,Y_a_t_il_du_sucre__.mp3,Y a-t-il du sucre ?
504687,J_ai_étudié_hier_soi.mp3,J'ai étudié hier soir.
504597,Il_ne_craignait_pas_.mp3,Il ne craignait pas la mort.
504431,Parlez_plus_fort__.mp3,Parlez plus fort !
504430,Parle_plus_fort__.mp3,Parle plus fort !
503787,C_est_une_impasse_.mp3,C'est une impasse.
499790,C_est_ton_livre_.mp3,C'est ton livre.
499718,Soyez_poli_s_il_vous.mp3,Soyez poli s'il vous plaît.
499717,Le_brouillard_s_est_.mp3,Le brouillard s'est levé.
498739,Il_est_revenu_chez_l.mp3,Il est revenu chez lui à dix heures.
498643,Lui_et_moi__nous_som.mp3,"Lui et moi, nous sommes cousins."
498591,L_océan_était_calme_.mp3,L'océan était calme.
497607,Je_n_apprécie_pas_le.mp3,Je n'apprécie pas le café.
497583,Mon_père_travaille_i.mp3,Mon père travaille ici.
497402,Quel_est_votre_nom__.mp3,Quel est votre nom ?
497224,Nous_voulons_un_nouv.mp3,Nous voulons un nouveau tapis.
497209,À_la_bonne_heure__.mp3,À la bonne heure !
496981,Plaît_il__.mp3,Plaît-il ?
495892,Oublie_.mp3,Oublie.
492941,On_pourrait_applique.mp3,On pourrait appliquer la théorie des équilibres ponctués aux langues.
492000,Détends_toi__.mp3,Détends-toi !
489582,Montre_moi_un_exempl.mp3,Montre-moi un exemple.
489580,Donne_moi_un_exemple.mp3,Donne-moi un exemple.
489508,Elles_nageaient_.mp3,Elles nageaient.
489507,Ils_nageaient_.mp3,Ils nageaient.
489468,C_est_de_ma_faute_.mp3,C'est de ma faute.
489432,Veux_tu_quelque_chos.mp3,Veux-tu quelque chose ?
488439,Je_vais_bien_.mp3,Je vais bien.
488089,Donne_moi_un_peu_de_.mp3,Donne-moi un peu de lait.
488066,Il_semble_être_riche.mp3,Il semble être riche.
488027,Vous_habitez_ici__.mp3,Vous habitez ici ?
488016,Il_se_peut_qu_il_ple.mp3,Il se peut qu'il pleuve ce soir.
488006,J_ai_pris_un_repas_l.mp3,J'ai pris un repas léger.
487974,Où_est_ton_école__.mp3,Où est ton école ?
487955,Quelle_est_la_profon.mp3,Quelle est la profondeur du lac ?
486998,On_dirait_une_poule_.mp3,On dirait une poule devant un couteau.
486832,Il_est_scientifique_.mp3,Il est scientifique.
486749,Je_n_en_ai_pas_besoi.mp3,Je n'en ai pas besoin.
486653,J_ai_continué_à_lire.mp3,J'ai continué à lire.
486430,Pourquoi_êtes_vous_s.mp3,Pourquoi êtes-vous seules ?
486429,Pourquoi_êtes_vous_s.mp3,Pourquoi êtes-vous seuls ?
486428,Pourquoi_êtes_vous_s.mp3,Pourquoi êtes-vous seule ?
486426,Pourquoi_êtes_vous_s.mp3,Pourquoi êtes-vous seul ?
486424,Pourquoi_es_tu_seule.mp3,Pourquoi es-tu seule ?
486423,Pourquoi_es_tu_seul_.mp3,Pourquoi es-tu seul ?
485919,J_en_ai_peur_.mp3,J'en ai peur.
485912,Elle_est_partie_se_c.mp3,Elle est partie se coucher.
485330,Où_est_ta_maison__.mp3,Où est ta maison ?
485270,Je_suis_attirée_par_.mp3,Je suis attirée par lui.
484694,Où_étais_tu__.mp3,Où étais-tu ?
484423,Le_pneu_fuit_.mp3,Le pneu fuit.
483206,Mais_arrête_de_mettr.mp3,"Mais arrête de mettre des émoticônes partout, ça donne l'impression que tu as pris des ecstas..."
482532,Le_tribunal_désigne_.mp3,"Le tribunal désigne dans le même jugement un ou plusieurs curateurs chargés, sous la surveillance du juge-commissaire, de l'administration et de la liquidation de la faillite."
481940,Où_se_trouve_mon_liv.mp3,Où se trouve mon livre ?
481294,Portez_des_vêtements.mp3,Portez des vêtements chauds.
479015,Voici_ma_clef_.mp3,Voici ma clef.
478714,Asseyez_vous__je_vou.mp3,"Asseyez-vous, je vous prie."
477688,Lui_et_moi_sommes_co.mp3,Lui et moi sommes cousins.
477513,Dessine_moi_un_mouto.mp3,Dessine-moi un mouton !
477084,Il_n_y_a_rien_de_plu.mp3,Il n'y a rien de plus ringard que le jeunisme.
476775,C_est_une_bonne_dans.mp3,C'est une bonne danseuse.
476569,J_ai_acheté_une_crav.mp3,J'ai acheté une cravate rouge.
474853,Tu_es_vilain_.mp3,Tu es vilain.
474834,Tu_peux_y_aller_.mp3,Tu peux y aller.
474030,Bien_cuit__.mp3,Bien cuit !
474015,Bien_vu__.mp3,Bien vu !
469702,Puis_je_manger_cette.mp3,Puis-je manger cette pomme ?
469693,Qui_m_aide__.mp3,Qui m'aide ?
469244,C_est_ma_sœur_.mp3,C'est ma sœur.
467890,Aujourd_hui_c_est_lu.mp3,Aujourd'hui c'est lundi.
467879,Peut_être_me_suis_je.mp3,Peut-être me suis-je trompé.
466776,Je_suis_divorcé_.mp3,Je suis divorcé.
465432,Elle_peut_sauter_hau.mp3,Elle peut sauter haut.
465417,Personne_ne_pense_ce.mp3,Personne ne pense cela.
465210,Où_se_trouve_la_bibl.mp3,Où se trouve la bibliothèque ?
464711,Prenez_soin_de_vous_.mp3,Prenez soin de vous.
464046,Je_suis_désolé_d_ent.mp3,Je suis désolé d'entendre ça.
463980,Nous_louâmes_un_cano.mp3,Nous louâmes un canoë.
463799,Ta_cravate_me_plaît_.mp3,Ta cravate me plaît.
463754,Je_suis_épuisé_.mp3,Je suis épuisé.
463606,Est_il_Américain__.mp3,Est-il Américain ?
462054,Selon_toutes_les_app.mp3,"Selon toutes les apparences, elle est en bonne santé."
461907,Où_est_ton_chien__.mp3,Où est ton chien ?
461793,Ces_livres_sont_les_.mp3,Ces livres sont les nôtres.
461785,Nettoyez_votre_chamb.mp3,Nettoyez votre chambre.
461779,J_aime_votre_auto_.mp3,J'aime votre auto.
461776,Il_est_Anglais_.mp3,Il est Anglais.
461483,Je_n_étais_pas_série.mp3,Je n'étais pas sérieux.
461346,Qu_est_ce_qu_elle_a_.mp3,Qu'est-ce qu'elle a dit ?
460762,Je_suis_sûr_.mp3,Je suis sûr.
460537,Est_ce_une_bonne_idé.mp3,Est-ce une bonne idée de recruter d'anciens pirates informatiques comme professionnels de la sécurité ?
459031,Je_suis_malade_.mp3,Je suis malade.
458839,Calme_toi_.mp3,Calme-toi.
458719,L_humour_peut_être_d.mp3,"L'humour peut être disséqué comme une grenouille, mais la chose meurt dans l'opération et les entrailles rebutent quiconque à l'exception du pur esprit scientifique."
458027,Je_n_ai_pas_le_temps.mp3,Je n'ai pas le temps.
457993,À_qui_ceci_importe_t.mp3,À qui ceci importe-t-il ?
457992,Qui_s_en_soucie__.mp3,Qui s'en soucie ?
457417,J_aime_le_thé_.mp3,J'aime le thé.
454786,La_voiture_est_prête.mp3,La voiture est prête.
454320,Je_le_connais_.mp3,Je le connais.
454244,Ces_livres_sont_à_mo.mp3,Ces livres sont à moi.
454035,Elle_est_active_.mp3,Elle est active.
453730,Puis_je_aider__.mp3,Puis-je aider ?
453701,Vous_avez_l_air_très.mp3,Vous avez l'air très fatigué.
453150,Je_jouais_au_tennis_.mp3,Je jouais au tennis.
452188,Un_écrivain_est_quel.mp3,Un écrivain est quelqu'un pour lequel écrire est plus difficile qu'aux autres.
452114,Je_connais_une_délic.mp3,"Je connais une délicieuse recette de blancs de poireaux au vin rouge, à manger chauds ou froids."
451854,Il_était_extrêmement.mp3,"Il était extrêmement pris, de telle sorte qu'il ne vint pas lui-même mais dépêcha son fils."
451416,Je_pense_que_le_fait.mp3,"Je pense que le fait que la seule forme de vie que nous ayons créée jusqu'à présent soit purement destructive, dit quelque chose de la nature humaine."
451391,Tout_occupé_que_tu_s.mp3,"Tout occupé que tu sois, tu dois faire tes devoirs."
451370,J_aurais_souhaité_qu.mp3,J'aurais souhaité que tu me l'aies dit.
450947,Est_ce_que_tu_m_aime.mp3,Est-ce que tu m'aimes ?
450639,Si_les_internautes_s.mp3,"Si les internautes sont des abeilles, à qui appartiennent les ruches ?"
450587,La_mesure_d_aimer__c.mp3,"La mesure d'aimer, c'est d'aimer sans mesure."
449488,Quel_livre_est_le_vô.mp3,Quel livre est le vôtre ?
449075,Je_n_ai_pas_oublié_.mp3,Je n'ai pas oublié.
448989,Je_crois_en_toi_.mp3,Je crois en toi.
448675,Je_suis_médecin_.mp3,Je suis médecin.
446552,Le_bois_brûle_facile.mp3,Le bois brûle facilement.
446489,C_est_ma_camarade_de.mp3,C'est ma camarade de classe.
444812,Quel_est_cet_oiseau_.mp3,Quel est cet oiseau ?
444804,Il_pourrait_pleuvoir.mp3,Il pourrait pleuvoir demain.
444788,Qu_est_ce_que_c_est_.mp3,Qu'est-ce que c'est que ça ?
444708,C_est_sa_spécialité_.mp3,C'est sa spécialité.
444122,Ils_étaient_occupés_.mp3,Ils étaient occupés.
442775,Aimes_tu_les_films__.mp3,Aimes-tu les films ?
442773,Est_ce_que_le_film_é.mp3,Est-ce que le film était bien ?
442729,Tu_es_surmené_.mp3,Tu es surmené.
442117,Bon_vol_.mp3,Bon vol.
442114,Passe_de_bonnes_vaca.mp3,Passe de bonnes vacances.
442015,Elle_a_peu_d_amis_.mp3,Elle a peu d'amis.
442012,Nous_le_connaissons_.mp3,Nous le connaissons.
439307,Nous_ne_la_connaisso.mp3,Nous ne la connaissons pas.
439116,Je_ne_peux_pas_mange.mp3,Je ne peux pas manger davantage.
438890,Y_a_t_il_des_places_.mp3,Y a-t-il des places libres ?
438733,Nous_sommes_heureux_.mp3,Nous sommes heureux.
438732,Tu_dois_y_aller_.mp3,Tu dois y aller.
437657,J_ai_une_faim_de_lou.mp3,J'ai une faim de loup.
437581,M_entendez_vous__.mp3,M'entendez-vous ?
435907,Le_monde_est_petit_.mp3,Le monde est petit.
435756,Trace_un_cercle_.mp3,Trace un cercle.
435743,C_est_un_faux_.mp3,C'est un faux.
435466,J_aime_les_mathémati.mp3,J'aime les mathématiques.
435303,Elle_est_morte_.mp3,Elle est morte.
434047,Cette_zone_était_cal.mp3,Cette zone était calme.
434027,Je_vais_acheter_celu.mp3,Je vais acheter celui-ci.
433586,Moi_aussi_.mp3,Moi aussi.
433354,Tu_es_bon_cuisinier_.mp3,Tu es bon cuisinier.
433303,Nous_sommes_à_court_.mp3,Nous sommes à court d'argent.
433273,Je_me_suis_enfermé_d.mp3,Je me suis enfermé dehors.
432914,Je_vous_rejoindrai_p.mp3,Je vous rejoindrai plus tard.
432872,Je_n_aime_pas_le_caf.mp3,Je n'aime pas le café.
432703,Nous_devons_garder_n.mp3,Nous devons garder notre calme.
432702,Il_s_en_alla_.mp3,Il s'en alla.
432701,Il_partit_.mp3,Il partit.
432700,Il_est_parti_.mp3,Il est parti.
432205,Il_déteste_les_araig.mp3,Il déteste les araignées.
432195,Je_le_connais_très_b.mp3,Je le connais très bien.
432161,Vous_avez_tout_.mp3,Vous avez tout.
431945,Ils_sont_tous_arrivé.mp3,Ils sont tous arrivés.
431892,Il_ne_me_connaît_pas.mp3,Il ne me connaît pas.
431615,Qu_est_ce_qui_se_pas.mp3,Qu'est-ce qui se passe ?
431564,J_utilise_Firefox_.mp3,J'utilise Firefox.
431417,Allons_marcher_.mp3,Allons marcher.
431371,Tu_joues_au_tennis__.mp3,Tu joues au tennis ?
431368,Tu_te_lèves_à_six_he.mp3,Tu te lèves à six heures ?
431320,Qui_est_cette_femme_.mp3,Qui est cette femme ?
430866,Regardez_cette_image.mp3,Regardez cette image.
430638,Où_allons_nous_mange.mp3,Où allons-nous manger ?
430396,Tu_travailles_dur_.mp3,Tu travailles dur.
430285,C_est_très_bien_.mp3,C'est très bien.
429594,Les_affaires_sont_le.mp3,Les affaires sont les affaires.
429355,Votre_temps_est_écou.mp3,Votre temps est écoulé.
429242,Ton_pouls_est_normal.mp3,Ton pouls est normal.
429231,Ne_fais_pas_de_bruit.mp3,Ne fais pas de bruit.
429137,Il_se_met_vite_en_co.mp3,Il se met vite en colère.
429129,Lis_le_encore_une_fo.mp3,Lis-le encore une fois.
429017,Fais_moi_voir_ça_.mp3,Fais-moi voir ça.
429016,Voilà_comment_j_ai_f.mp3,Voilà comment j'ai fait.
428885,C_est_ton_stylo__.mp3,C'est ton stylo ?
428865,Éteins_la_télévision.mp3,Éteins la télévision.
428836,Je_ne_peux_rien_fair.mp3,Je ne peux rien faire.
428801,Au_temps_pour_moi_.mp3,Au temps pour moi.
428791,Ce_sont_les_vôtres__.mp3,Ce sont les vôtres ?
428768,Pour_qui_travailles_.mp3,Pour qui travailles-tu ?
428688,Dis_moi_quoi_faire_.mp3,Dis-moi quoi faire.
428377,Qui_est_il__.mp3,Qui est-il ?
428238,Je_suis_plus_grand_q.mp3,Je suis plus grand que toi.
428235,Le_printemps_est_arr.mp3,Le printemps est arrivé.
428234,Je_suis_un_héros_.mp3,Je suis un héros.
428148,Allons_regarder_la_t.mp3,Allons regarder la télévision.
428127,Il_viendra_peut_être.mp3,Il viendra peut-être.
427698,Cet_oiseau_ne_peut_p.mp3,Cet oiseau ne peut pas voler.
427688,Je_m_en_soucie_comme.mp3,Je m'en soucie comme d'une guigne !
427687,Montre_moi_comment_f.mp3,Montre-moi comment faire.
427680,C_est_ce_livre_.mp3,C'est ce livre.
427647,Entrez__s_il_vous_pl.mp3,"Entrez, s'il vous plaît."
427570,Quelle_équipe_va_gag.mp3,Quelle équipe va gagner ?
427530,Lequel_est_votre_chi.mp3,Lequel est votre chien ?
427528,Quel_est_ton_chien__.mp3,Quel est ton chien ?
427485,Notre_équipe_est_en_.mp3,Notre équipe est en train de gagner.
427471,Ne_jetez_pas_cette_t.mp3,Ne jetez pas cette tasse.
427463,Attendez_ici__s_il_v.mp3,"Attendez ici, s'il vous plaît."
427417,Il_n_y_a_plus_de_sel.mp3,Il n'y a plus de sel.
427010,J_ai_rencontré_une_a.mp3,J'ai rencontré une amie là-bas.
426549,Que_font_ils__.mp3,Que font-ils ?
426543,Il_était_obligé_d_ag.mp3,Il était obligé d'agir de la sorte.
426539,J_abandonne_.mp3,J'abandonne.
426388,Est_ce_que_c_est_un_.mp3,Est-ce que c'est un chat ?
416231,Vous_pouvez_partir_.mp3,Vous pouvez partir.
415958,Ce_sont_mes_CDs_.mp3,Ce sont mes CDs.
415956,Tu_es_très_courageux.mp3,Tu es très courageux.
415688,Jouons_aux_cartes_.mp3,Jouons aux cartes.
415539,Il_a_un_peu_bu_.mp3,Il a un peu bu.
415506,Où_est_il_allé__.mp3,Où est-il allé ?
414461,Je_ne_suis_pas_d_acc.mp3,Je ne suis pas d'accord.
414164,Je_lui_ai_prêté_un_C.mp3,Je lui ai prêté un CD.
412100,C_était_une_nuit_cal.mp3,C'était une nuit calme.
410770,Il_ne_sait_pas_nager.mp3,Il ne sait pas nager.
408276,Ma_femme_est_en_trai.mp3,Ma femme est en train de faire la cuisine.
407428,Le_chien_est_en_trai.mp3,Le chien est en train de mourir.
406193,Tu_es_chez_toi__.mp3,Tu es chez toi ?
403922,L_hiver_est_doux_cet.mp3,L'hiver est doux cette année.
403904,Elle_avait_l_air_seu.mp3,Elle avait l'air seule.
402853,Je_suis_bon_en_chant.mp3,Je suis bon en chant.
402643,Elle_n_a_pas_répondu.mp3,Elle n'a pas répondu.
400883,Aimes_tu_les_pommes_.mp3,Aimes-tu les pommes ?
400839,Quelle_est_ta_spécia.mp3,Quelle est ta spécialité ?
400823,Nous_sommes_allongés.mp3,Nous sommes allongés dans l'herbe.
400512,J_étais_très_fatigué.mp3,J'étais très fatigué.
400411,Je_t_aime_beaucoup_.mp3,Je t'aime beaucoup.
399331,Je_n_ai_aucune_idée_.mp3,Je n'ai aucune idée.
399272,Il_faut_que_tu_t_en_.mp3,Il faut que tu t'en ailles.
398947,Je_ne_fume_pas_.mp3,Je ne fume pas.
398147,Nous_avons_assez_de_.mp3,Nous avons assez de temps.
397567,Ne_te_fâche_pas_.mp3,Ne te fâche pas.
397346,C_est_mon_CD_.mp3,C'est mon CD.
396316,Est_ce_que_je_peux_t.mp3,Est-ce que je peux te parler ?
396314,La_ligne_est_occupée.mp3,La ligne est occupée.
396313,Ça_sonne_occupé_.mp3,Ça sonne occupé.
396141,La_viande_est_congel.mp3,La viande est congelée.
395533,Qui_sait__.mp3,Qui sait ?
395393,On_dirait_qu_il_est_.mp3,On dirait qu'il est riche.
392542,Quand_est_ce_que_tu_.mp3,Quand est-ce que tu t'es levé ?
392075,Que_devrais_je_mange.mp3,Que devrais-je manger ?
391784,Je_dépends_de_toi_.mp3,Je dépends de toi.
391439,Cela_sent_délicieuse.mp3,Cela sent délicieusement bon.
389535,J_aime_jouer_au_golf.mp3,J'aime jouer au golf.
387937,Quand_pars_tu__.mp3,Quand pars-tu ?
385998,Voir_c_est_croire_.mp3,Voir c'est croire.
380237,Qui_est_cette_person.mp3,Qui est cette personne ?
379613,Il_est_intelligent_.mp3,Il est intelligent.
377960,N_en_fais_pas_trop_.mp3,N'en fais pas trop.
376668,Peux_tu_garder_un_se.mp3,Peux-tu garder un secret ?
376666,Tu_es_sur_mon_chemin.mp3,Tu es sur mon chemin.
374909,Quel_est_ton_métier_.mp3,Quel est ton métier ?
374073,Il_va_peut_être_se_m.mp3,Il va peut-être se mettre à neiger.
374028,Je_connais_son_adres.mp3,Je connais son adresse.
373994,Mon_père_est_grand_.mp3,Mon père est grand.
373983,Ça_ne_me_plaisait_pa.mp3,Ça ne me plaisait pas.
373982,Noël_approche_.mp3,Noël approche.
373979,J_aime_la_lumière_de.mp3,J’aime la lumière des bougies.
373945,Donne_moi_ce_livre_.mp3,Donne-moi ce livre.
373915,Ça_ne_fait_rien_.mp3,Ça ne fait rien.
373897,Il_a_retiré_son_chap.mp3,Il a retiré son chapeau.
373752,Il_neige_.mp3,Il neige.
373625,Je_t_expliquerai_com.mp3,Je t'expliquerai comment l'utiliser une fois que je serai rentré.
373595,Je_vis_au_Japon_.mp3,Je vis au Japon.
373588,Je_l_ai_vu_courir_.mp3,Je l'ai vu courir.
373583,Bill_est_complètemen.mp3,Bill est complètement différent de son frère.
373571,Elle_n_a_que_deux_an.mp3,"Elle n'a que deux ans, mais elle sait déjà compter jusqu'à 100."
373557,Le_train_voyage_à_la.mp3,Le train voyage à la vitesse de 50 miles par heure.
373556,Le_drapeau_rouge_ind.mp3,Le drapeau rouge indiquait la présence d'un danger.
373547,J_ai_besoin_d_un_cra.mp3,"J'ai besoin d'un crayon, puis-je utiliser un des tiens ?"
373546,Écrivez_votre_nom_av.mp3,Écrivez votre nom avec un crayon s'il vous plaît.
373544,La_pointe_du_crayon_.mp3,La pointe du crayon s'est émoussée.
373543,As_tu_un_crayon__.mp3,As-tu un crayon ?
373542,J_ai_perdu_mon_stylo.mp3,J'ai perdu mon stylo.
373478,_Combien_de_temps_va.mp3,«Combien de temps va durer la réunion ?» «Deux heures.»
373477,Il_aurait_dû_acheter.mp3,Il aurait dû acheter quelques stylos.
373476,Tu_peux_chanter_une_.mp3,Tu peux chanter une chanson.
373475,Vous_êtes_libre_de_f.mp3,Vous êtes libre de faire ce que bon vous semble avec votre argent.
373473,Tu_ne_devrais_pas_le.mp3,Tu ne devrais pas les garder à attendre aussi longtemps.
373471,Je_voudrais_quelque_.mp3,Je voudrais quelque chose de léger.
373469,Il_est_difficile_de_.mp3,Il est difficile de répondre à ta question.
373468,J_ai_trouvé_ce_test_.mp3,J'ai trouvé ce test difficile.
373466,Décrivez_cet_acciden.mp3,Décrivez cet accident en détail.
373464,Que_voudrais_tu_fair.mp3,Que voudrais-tu faire tant que tu es ici ?
373461,Le_smog_est_l_ennemi.mp3,Le smog est l'ennemi des poumons en bonne santé.
373460,Mayuko_était_seule_d.mp3,Mayuko était seule dans la pièce.
373459,L_Afrique_est_un_con.mp3,"L'Afrique est un continent, le Groenland non."
373458,Il_n_y_avait_personn.mp3,Il n'y avait personne ici à part moi.
373456,Tes_chaussures_sont_.mp3,Tes chaussures sont ici.
373454,Débarrasse_toi_de_ce.mp3,Débarrasse-toi de ce genre d'idées naïves.
373450,Les_femmes_vivent_gé.mp3,Les femmes vivent généralement plus longtemps que les hommes.
373449,Les_conducteurs_doiv.mp3,Les conducteurs doivent respecter le code de la route.
373444,En_été_nous_avions_l.mp3,En été nous avions l'habitude d'aller nager dans la rivière.
373442,À_quelle_heure_te_lè.mp3,À quelle heure te lèves-tu ?
373441,As_tu_un_travail_à_t.mp3,As-tu un travail à temps partiel ?
373440,Quelles_sont_les_dim.mp3,Quelles sont les dimensions de cette pièce ?
373437,Si_seulement_il_n_y_.mp3,Si seulement il n'y avait aucune guerre dans le monde.
373436,Tom_n_a_pas_besoin_d.mp3,Tom n'a pas besoin d'aller à l'école aujourd'hui.
373433,Voudrais_tu_que_je_t.mp3,Voudrais-tu que je te masse le torse ?
373430,J_ai_besoin_de_quelq.mp3,J'ai besoin de quelques cintres.
373429,Je_voudrais_réserver.mp3,Je voudrais réserver un vol pour Vancouver.
373428,Puis_je_emprunter_ce.mp3,Puis-je emprunter ce livre ?
373427,Tu_peux_inviter_qui_.mp3,Tu peux inviter qui tu veux.
373426,Le_professeur_a_une_.mp3,Le professeur a une grande influence sur ses élèves.
373425,À_quels_magazines_t_.mp3,À quels magazines t'abonnes-tu ?
373424,Ce_garçon_a_fait_exp.mp3,Ce garçon a fait exprès de frapper son fils.
373422,Pourriez_vous_m_expl.mp3,Pourriez-vous m'expliquer le sens de cette phrase ?
373377,Cela_va_sans_dire_qu.mp3,Cela va sans dire que M. Tanaka a tout fait par lui-même.
373371,Il_sait_très_bien_jo.mp3,Il sait très bien jouer au tennis.
373269,Ce_jeune_aux_cheveux.mp3,Ce jeune aux cheveux longs est rude.
373266,Le_train_fut_retardé.mp3,Le train fut retardé à cause des importantes chutes de neige.
373265,Maîtriser_une_langue.mp3,Maîtriser une langue étrangère demande de la patience.
373264,Si_tu_n_y_vas_pas__j.mp3,"Si tu n'y vas pas, je n'irais pas non plus."
373263,Ils_roulent_à_gauche.mp3,Ils roulent à gauche en Angleterre.
373259,Je_me_demande_si_le_.mp3,Je me demande si le niveau de la mer montera vraiment quand la glace au pôle Nord fondra.
373258,Le_suicide_est_une_d.mp3,Le suicide est une des causes majeures de décès dans le pays à la plus longue espérance de vie.
373212,C_est_la_raison_pour.mp3,C'est la raison pour laquelle je ne suis pas d'accord avec toi.
373211,Nous_sommes_heureux_.mp3,Nous sommes heureux de vous aider.
373207,Le_professeur_ordonn.mp3,Le professeur ordonna que la salle de classe soit nettoyée.
373206,Un_jour__elle_rencon.mp3,"Un jour, elle rencontra un loup dans les bois."
373162,Cette_montagne_est_d.mp3,Cette montagne est difficile à escalader.
373161,Tu_es_responsable_de.mp3,Tu es responsable de ce que tu fais.
373160,Je_préfère_voyager_e.mp3,Je préfère voyager en train plutôt que par avion.
373157,Tu_devrais_au_moins_.mp3,Tu devrais au moins dire « merci ».
373156,Tu_veux_boire_du_thé.mp3,Tu veux boire du thé ou du café ?
373153,Ce_café_est_si_chaud.mp3,Ce café est si chaud que je n'arrive pas à le boire.
373152,Je_n_aime_pas_le_thé.mp3,"Je n'aime pas le thé, donc je bois généralement du café au petit-déjeuner."
373151,Tu_ferais_mieux_de_n.mp3,Tu ferais mieux de ne pas boire autant de café si tard le soir.
373150,Pour_rester_éveillé_.mp3,Pour rester éveillé je devrais peut-être boire un peu plus de café.
373148,Il_n_y_a_pas_grand_c.mp3,Il n'y a pas grand-chose pour vous accueillir.
373144,Tante_Wang__c_est_mo.mp3,"Tante Wang, c'est moi."
373141,Je_suis_très_occupé_.mp3,Je suis très occupé ces temps-ci !
373137,Le_petit_bateau_étai.mp3,Le petit bateau était à la merci du vent.
372983,Puis_je_avoir_un_ver.mp3,Puis-je avoir un verre d'eau ?
372982,Ton_amitié_signifie_.mp3,Ton amitié signifie beaucoup pour moi.
372981,Donna_est_née_avec_u.mp3,Donna est née avec une cuillère en argent dans la bouche.
372950,Je_ne_demande_pas_la.mp3,Je ne demande pas la lune.
372936,De_quoi_parliez_vous.mp3,De quoi parliez-vous ?
372933,De_quoi_parlais_tu__.mp3,De quoi parlais-tu ?
372798,Tu_es_occupé_ces_der.mp3,Tu es occupé ces derniers temps ?
372788,Comment_vas_tu_derni.mp3,Comment vas-tu dernièrement ?
372774,Je_suis_très_heureux.mp3,Je suis très heureux de te rencontrer aujourd'hui.
372619,Des_gens_sont_en_tra.mp3,Des gens sont en train de protester contre les armes nucléaires.
372135,Il_n_est_peut_être_p.mp3,Il n'est peut-être pas heureux.
372133,Où_est_ta_chambre__.mp3,Où est ta chambre ?
371733,Il_avait_appris_l_an.mp3,Il avait appris l'anglais avant qu'il ne parte pour l'Angleterre.
371172,Tokyo_est_la_capital.mp3,Tokyo est la capitale du Japon.
370365,Il_était_en_Amérique.mp3,Il était en Amérique à ce moment-là.
368670,À_partir_de_demain__.mp3,"À partir de demain, il neigera pour une semaine."
368286,Certains_de_mes_cama.mp3,Certains de mes camarades sont des vrais noobs ; ils ne connaissent rien en informatique.
368283,La_plupart_des_dével.mp3,"La plupart des développeurs détestent déboguer, c'est beaucoup plus amusant de créer des bogues que de les corriger."
367197,Linux_est_un_système.mp3,Linux est un système d'exploitation libre ; tu devrais l'essayer.
367196,J_ai_quelques_diffic.mp3,J'ai quelques difficultés à compiler ce programme.
367108,J_ai_beaucoup_de_lac.mp3,J'ai beaucoup de lacunes en mathématiques.
367104,Je_ne_sais_pas_ce_qu.mp3,Je ne sais pas ce que c'est.
366897,Son_défunt_mari_étai.mp3,Son défunt mari était violoniste.
366875,Quel_homme_chanceux_.mp3,Quel homme chanceux il est.
366874,Elle_n_a_pas_moins_d.mp3,Elle n'a pas moins de trente ans.
366873,Ce_matin_j_ai_raté_d.mp3,Ce matin j'ai raté de cinq minutes le train de 8h30.
366872,C_était_un_vieil_hom.mp3,C'était un vieil homme désagréable.
366869,Je_te_suis_très_reco.mp3,Je te suis très reconnaissant pour ton conseil.
366867,Il_est_toujours_en_t.mp3,Il est toujours en train de se plaindre à propos de son faible salaire.
366864,Le_sol_est_recouvert.mp3,Le sol est recouvert de neige.
366863,L_Espagne_est_une_dé.mp3,L'Espagne est une démocratie depuis 1975.
366862,Je_ne_pense_pas_que_.mp3,Je ne pense pas que cette chemise aille avec cette cravate rouge.
366858,Il_est_nécessaire_qu.mp3,Il est nécessaire que tu ailles voir un docteur.
366856,Prends_celui_que_tu_.mp3,Prends celui que tu préfères.
366855,À_présent__la_montag.mp3,"À présent, la montagne est cachée par les nuages."
366853,Ils_vécurent_heureux.mp3,Ils vécurent heureux et eurent beaucoup d'enfants.
366846,Il_m_a_appris_commen.mp3,Il m'a appris comment épeler ce mot.
366845,Ce_dictionnaire_est_.mp3,Ce dictionnaire est à jour.
366516,Je_suis_déçu_.mp3,Je suis déçu.
365623,Quand_tu_parles_shan.mp3,"Quand tu parles shanghaïen avec ta maman, je ne comprends qu'un mot par-ci, par-là, je ne suis donc pas capable de joindre votre conversation."
365005,Cela_varie_en_foncti.mp3,Cela varie en fonction du contexte.
365003,J_ai_exploré_Paris_a.mp3,J'ai exploré Paris avec un ami jusqu'à 5 heures du matin.
364998,Je_suis_très_honoré_.mp3,Je suis très honoré de vous rencontrer.
364997,Bien_sûr_que_j_ai_le.mp3,Bien sûr que j'ai les qualifications pour parler ainsi.
364426,C_est_absurde_.mp3,C'est absurde.
363436,C_est_pour_ma_famill.mp3,C'est pour ma famille.
363432,Je_suis_à_la_recherc.mp3,Je suis à la recherche d'un travail à temps partiel afin de pouvoir m'acheter un nouveau caméscope.
363270,Les_droits_des_indiv.mp3,Les droits des individus sont importants dans une société libre.
362811,Non_seulement_parle_.mp3,"Non seulement parle-t-elle anglais, mais aussi allemand."
362331,Quand_elle_était_à_l.mp3,"Quand elle était à l'Université, Yuriko s'abandonna à des passions sexuelles."
359534,Dimanche_dernier__ma.mp3,"Dimanche dernier, ma famille est allée au zoo pour voir des pandas."
359459,Que_préfères_tu_fair.mp3,"Que préfères-tu faire, aller au cinéma ou rester à la maison ?"
359108,Donne_moi_ton_argent.mp3,Donne-moi ton argent.
359019,Personne_n_est_trop_.mp3,Personne n'est trop vieux pour apprendre.
358292,Cet_avion_est_si_moc.mp3,Cet avion est si moche.
358291,L_eau_de_ce_puits_es.mp3,L'eau de ce puits est potable.
358200,Quel_idiot_j_ai_été_.mp3,Quel idiot j'ai été de lui prêter l'argent.
358199,Il_deviendra_un_bon_.mp3,Il deviendra un bon mari.
358198,Nous_avons_peu_de_te.mp3,Nous avons peu de temps à perdre.
358193,Tu_dois_juste_rester.mp3,Tu dois juste rester silencieux.
357879,La_structure_du_cerv.mp3,La structure du cerveau est compliquée.
357689,Ces_étudiants_sont_l.mp3,Ces étudiants sont la crème de la crème de notre école.
356606,Les_Japonais_ont_att.mp3,Les Japonais ont attaqué Pearl Harbor le 7 décembre 1941.
356379,Il_mange_beaucoup_.mp3,Il mange beaucoup.
355654,Je_suis_à_Londres_.mp3,Je suis à Londres.
355651,Il_fait_à_peu_près_m.mp3,Il fait à peu près ma taille.
354787,Elle_a_dix_enfants_.mp3,Elle a dix enfants.
354758,N_aie_pas_peur_.mp3,N'aie pas peur.
354386,Il_va_certainement_p.mp3,Il va certainement pleuvoir.
354362,Tu_as_peut_être_rais.mp3,Tu as peut-être raison.
354290,Je_regrette_d_y_être.mp3,Je regrette d'y être allé.
353428,On_ne_peut_pas_lui_f.mp3,On ne peut pas lui faire confiance.
353423,Je_suis_plus_vieux_q.mp3,Je suis plus vieux que lui.
352823,Elle_continua_à_pleu.mp3,Elle continua à pleurer.
352622,Votre_école_est_vrai.mp3,"Votre école est vraiment bien, elle vous rembourse vos billets aller-retour."
352341,J_ai_essayé_de_m_éch.mp3,J'ai essayé de m'échapper.
352329,Il_économise_pour_po.mp3,Il économise pour pouvoir aller à l'université.
351155,La_maison_d_un_Angla.mp3,La maison d'un Anglais est son château.
351153,Ces_deux_idées_sont_.mp3,Ces deux idées sont assez distinctes.
351152,Il_n_a_jamais_eu_de_.mp3,Il n'a jamais eu de vacances.
351148,Cet_avion_décolle_à_.mp3,Cet avion décolle à huit heures du matin.
351144,Je_suis_terriblement.mp3,Je suis terriblement désolé.
351143,Je_dois_réduire_mes_.mp3,Je dois réduire mes dépenses ce mois-ci.
351141,J_ai_essayé_pendant_.mp3,"J'ai essayé pendant des heures de me rappeler où j'avais mis mes clefs, mais cela m'a complètement échappé."
350877,Il_a_soigné_ma_malad.mp3,Il a soigné ma maladie.
350239,Je_pense_que_tu_te_t.mp3,Je pense que tu te trompes.
350215,Ces_prunes_sont_mûre.mp3,Ces prunes sont mûres.
348853,Le_courant_est_rapid.mp3,Le courant est rapide par ici.
348852,C_est_la_plus_grande.mp3,C'est la plus grande tour au Japon.
348851,Il_n_y_avait_pas_plu.mp3,Il n'y avait pas plus de deux livres sur le bureau.
348850,Cette_robe_me_va_à_r.mp3,Cette robe me va à ravir.
348849,Certaines_plantes_so.mp3,Certaines plantes sont rapidement affectées par le froid.
348848,Le_nombre_de_personn.mp3,Le nombre de personnes qui visitent cette ville augmente d'année en année.
348847,Si_j_avais_été_libre.mp3,"Si j'avais été libre, j'aurais pu t'aider."
348846,Quand_t_es_tu_marié_.mp3,Quand t'es-tu marié ?
348844,Ne_mange_pas_aussi_v.mp3,"Ne mange pas aussi vite, espèce de goinfre !"
348842,Que_signifie_ce_mot_.mp3,Que signifie ce mot ?
348841,L_anglais_a_adopté_d.mp3,L'anglais a adopté de nombreux mots venant du français.
348840,Peux_tu_fermer_la_po.mp3,Peux-tu fermer la porte ?
348839,Je_l_ai_rencontré_av.mp3,Je l'ai rencontré avant-hier.
348838,Il_n_a_pas_encore_re.mp3,Il n'a pas encore repris conscience.
348835,Quelle_est_la_destin.mp3,Quelle est la destination de ce bateau ?
348834,Hors_de_mon_chemin__.mp3,"Hors de mon chemin, gamin."
348833,Tu_as_la_liberté_de_.mp3,Tu as la liberté de voyager où bon te semble.
348832,Il_m_a_demandé_de_lu.mp3,Il m'a demandé de lui passer le sel.
348831,Cet_ordinateur_fonct.mp3,Cet ordinateur fonctionne sur batteries.
348830,Il_est_aussi_intelli.mp3,Il est aussi intelligent que n'importe lequel de ses camarades.
348571,Nous_partirons_après.mp3,Nous partirons après-demain.
348567,Ta_montre_est_sur_le.mp3,Ta montre est sur le bureau.
348565,Le_docteur_me_rassur.mp3,Le docteur me rassura quant à l'état de mon père.
348564,Ton_nom_a_été_mentio.mp3,Ton nom a été mentionné.
348563,Cette_boîte_contient.mp3,Cette boîte contient cinq pommes.
348562,Si_seulement_nous_av.mp3,Si seulement nous avions un jardin !
348561,Tu_devrais_commencer.mp3,Tu devrais commencer aussi tôt que possible.
348560,Cela_fait_plus_de_tr.mp3,Cela fait plus de trois ans depuis que j'ai emménagé ici.
348559,Étant_très_fatigué__.mp3,"Étant très fatigué, j'allai me coucher tôt."
348558,Notre_voiture_est_éq.mp3,Notre voiture est équipée de l'air conditionné.
348557,Ce_sac_est_à_la_fois.mp3,Ce sac est à la fois bien et cher.
348556,T_es_tu_battu_avec_K.mp3,T'es-tu battu avec Ken ?
348555,J_avais_un_petit_chi.mp3,J'avais un petit chien quand j'étais petit.
348554,Je_quitte_la_maison_.mp3,Je quitte la maison tous les matins avant huit heures.
348553,Prête_moi_quelque_ch.mp3,Prête-moi quelque chose pour couper cela.
348552,Il_était_guidé_par_s.mp3,Il était guidé par ses peurs.
348529,Tu_as_l_air_de_t_enn.mp3,Tu as l'air de t'ennuyer.
348519,Il_l_aime_.mp3,Il l'aime.
348484,Il_a_doublé_une_voix.mp3,"Il a doublé une voix dans ""Avatar""."
347812,Tenez__ceci_est_ma_c.mp3,"Tenez, ceci est ma carte de visite."
347808,Depuis_combien_de_te.mp3,Depuis combien de temps es-tu à Shanghai ?
347377,Puis_je_savoir_où_vo.mp3,Puis-je savoir où vous travaillez ?
347348,Je_suis_shanghaien_.mp3,Je suis shanghaien.
347336,Qui_est_ce__.mp3,Qui est-ce ?
347306,Je_suis_content_de_t.mp3,Je suis content de t'avoir rencontré aujourd'hui.
345095,Chat_échaudé_craint_.mp3,Chat échaudé craint l'eau froide.
345062,Elle_est_diplômée_en.mp3,Elle est diplômée en psychologie infantile.
344272,Vous_ne_devriez_pas_.mp3,Vous ne devriez pas faire confiance à cet homme.
344271,Ken_se_plaignit_d_av.mp3,Ken se plaignit d'avoir mal à la tête.
344270,C_est_la_lettre_écri.mp3,C'est la lettre écrite par M. Brown.
344269,Ceci_est_la_maison_o.mp3,Ceci est la maison où je suis né.
344268,Tu_peux_choisir_n_im.mp3,Tu peux choisir n'importe quelle couleur que tu aimes.
344267,Les_us_et_coutumes_d.mp3,Les us et coutumes d'un pays reflètent sa culture.
344266,La_nation_entière_fu.mp3,La nation entière fut attristée d'apprendre que son roi était mort.
343303,Des_garçons_de_ta_cl.mp3,"Des garçons de ta classe, qui chante le mieux ?"
343299,Où_as_tu_passé_tes_v.mp3,Où as-tu passé tes vacances ?
343295,Je_suis_désolé_de_ne.mp3,Je suis désolé de ne pas pouvoir vous rencontrer le 27 février à cause d'un imprévu.
343279,Il_expliqua_en_détai.mp3,Il expliqua en détail ce qu'il avait vu.
342826,Cette_balle__est_ell.mp3,"Cette balle, est-elle la tienne ou la sienne ?"
342752,Comment_se_fait_il_q.mp3,Comment se fait-il que tu saches parler cette langue ?
342188,Pour_dire_la_vérité_.mp3,"Pour dire la vérité, je ne l'aime pas trop."
342187,Tom_sent_que_son_équ.mp3,Tom sent que son équipe gagnera le match.
342127,Je_ne_peux_voir_cett.mp3,Je ne peux voir cette image sans repenser à mon enfance.
342114,Le_ciel_est_bleu_.mp3,Le ciel est bleu.
342086,Qu_aimes_tu__.mp3,Qu'aimes-tu ?
342085,Aimes_tu_chanter__.mp3,Aimes-tu chanter ?
342084,Aimes_tu_le_poisson_.mp3,Aimes-tu le poisson ?
342083,Tu_aimes_la_pluie__n.mp3,"Tu aimes la pluie, n'est-ce pas ?"
341907,Allouer_plus_d_argen.mp3,Allouer plus d'argent à l'éducation stimulera la croissance économique.
341906,Quand_on_est_endormi.mp3,"Quand on est endormi, l'activité corporelle ralentit et la température du corps chute."
341904,Il_ne_faut_pas_révei.mp3,Il ne faut pas réveiller le chien qui dort.
341901,Le_Ministère_dut_fai.mp3,Le Ministère dut faire face à une montagne de questions de la presse.
341900,C_est_une_tâche_trop.mp3,C'est une tâche trop facile pour lui.
341899,J_ai_déduit_de_cette.mp3,J'ai déduit de cette lettre qu'il était en colère.
341898,Le_chien_qui_a_mordu.mp3,Le chien qui a mordu l'enfant fut attrapé peu de temps après.
341897,Ce_meurtre_demeure_u.mp3,Ce meurtre demeure un mystère.
341896,Le_feu_dévora_la_vil.mp3,Le feu dévora la ville.
341895,Ma_voiture_a_besoin_.mp3,Ma voiture a besoin d'être lavée.
341894,L_une_de_ces_routes_.mp3,L'une de ces routes amène à la station.
341893,J_espère_clarifier_p.mp3,"J'espère clarifier pourquoi je pense que la théorie d'Emmet, à l'origine introduite dans le domaine de l'architecture, est si importante en physique."
341892,Ce_lieu_est_pratique.mp3,Ce lieu est pratique pour se baigner.
341877,J_ai_le_regret_de_vo.mp3,J'ai le regret de vous informer que votre candidature a été rejetée.
341876,Combien_y_a_t_il_d_œ.mp3,Combien y a-t-il d'œufs dans la cuisine ?
341873,Crois_tu_en_Dieu__.mp3,Crois-tu en Dieu ?
341872,Tous_les_étudiants_p.mp3,Tous les étudiants passent un test de conduite.
341871,Il_essaya_en_vain_d_.mp3,Il essaya en vain d'ouvrir cette porte verrouillée.
341870,C_est_un_vieil_homme.mp3,C'est un vieil homme et il doit être traité comme tel.
341869,Le_dimanche_n_est_pa.mp3,Le dimanche n'est pas un jour ordinaire pour moi.
341868,Le_fait_est_qu_ils_s.mp3,Le fait est qu'ils sont trop jeunes.
341867,Je_lui_ai_donné_quel.mp3,Je lui ai donné quelques livres.
341866,Elle_prit_une_profon.mp3,Elle prit une profonde respiration.
341865,Il_y_a_un_petit_jard.mp3,Il y a un petit jardin devant ma maison.
341864,Je_vais_épargner_plu.mp3,Je vais épargner plus d'argent.
341863,Quel_grand_garçon_es.mp3,Quel grand garçon est Tom !
341862,Je_lui_ai_demandé_où.mp3,Je lui ai demandé où je pourrais garer ma voiture.
341861,Nul_flux_sans_reflux.mp3,Nul flux sans reflux.
341860,J_ai_dû_rester_au_li.mp3,J'ai dû rester au lit pendant deux jours.
341859,Je_veux_étudier_le_f.mp3,Je veux étudier le français.
341857,Viendra_t_il_demain_.mp3,Viendra-t-il demain ?
341854,Ce_thé_sent_bon_.mp3,Ce thé sent bon.
341850,Je_suis_mal_barré_.mp3,Je suis mal barré.
341849,Je_suis_dans_le_pétr.mp3,Je suis dans le pétrin.
341847,Je_suis_gelé_.mp3,Je suis gelé.
341846,Tu_n_avais_pas_besoi.mp3,Tu n'avais pas besoin de prendre un parapluie avec toi.
341845,Marchez_vous_main_da.mp3,Marchez-vous main dans la main ?
341844,Fred_est_un_mec_feig.mp3,Fred est un mec feignant.
341843,Je_n_avais_jamais_vu.mp3,Je n'avais jamais vu de lion avant l'âge de mes dix ans.
341842,Le_lac_était_gelé_.mp3,Le lac était gelé.
341840,Nous_sommes_devenus_.mp3,Nous sommes devenus la risée de tout le village.
341838,Les_bénéfices_devrai.mp3,Les bénéfices devraient évidemment dépasser les coûts.
341837,Resteras_tu_à_la_mai.mp3,Resteras-tu à la maison ce soir ?
341836,Les_gens_avaient_l_h.mp3,Les gens avaient l'habitude avant de voyager à pied.
341835,Nous_vivons_à_la_cam.mp3,Nous vivons à la campagne durant l'été.
341833,La_mer_était_aussi_l.mp3,La mer était aussi lisse que le verre.
341832,Il_y_avait_seulement.mp3,Il y avait seulement six personnes à la réunion.
341831,C_est_aussi_lourd_qu.mp3,C'est aussi lourd que du plomb.
341830,John_joue_au_chat_et.mp3,John joue au chat et à la souris avec Dick.
341829,Je_suis_désolé_de_t_.mp3,Je suis désolé de t'avoir autant embêté.
341828,J_ai_eu_un_mal_fou_.mp3,J'ai eu un mal fou.
341827,Mon_père_travaille_p.mp3,Mon père travaille pour une banque.
341826,Je_finirai_ce_travai.mp3,"Je finirai ce travail dans une semaine, c'est-à-dire le 5 mai."
341752,Cela_m_a_pris_trois_.mp3,Cela m'a pris trois heures pour écrire cette lettre.
341750,On_te_réclame_au_tél.mp3,On te réclame au téléphone.
341749,Il_était_né_pour_êtr.mp3,Il était né pour être peintre.
341534,Nous_espérions_que_q.mp3,"Nous espérions que quelques étudiants seraient venus, mais il n'y en avait aucun dans la classe."
341531,Tu_peux_rester_aussi.mp3,Tu peux rester aussi longtemps que tu veux.
341482,Ma_mère_m_emmena_au_.mp3,Ma mère m'emmena au parc.
341481,Pardonnez_moi__qui_e.mp3,"Pardonnez-moi, qui est à l'appareil ?"
341480,Elle_est_timide_et_p.mp3,Elle est timide et parle peu.
341479,Quand_ce_fut_le_mome.mp3,"Quand ce fut le moment de voter, il s'abstint."
341478,Nous_devons_acheter_.mp3,Nous devons acheter un nouveau tapis pour cette pièce.
341477,La_pneumonie_entraîn.mp3,La pneumonie entraîne des difficultés respiratoires.
341354,C_est_une_brillante_.mp3,C'est une brillante idée.
341353,L_un_des_jumeaux_est.mp3,"L'un des jumeaux est en vie, mais l'autre est mort."
341352,Quel_genre_de_musiqu.mp3,Quel genre de musiques est en vogue ces temps-ci ?
341351,Il_faisait_si_sombre.mp3,Il faisait si sombre.
341350,Référez_vous_au_guid.mp3,Référez-vous au guide de l'utilisateur si vous avez le moindre problème.
341349,C_est_amusant_de_jou.mp3,C'est amusant de jouer aux cartes.
341328,À_mon_avis__ce_sera_.mp3,"À mon avis, ce sera difficile de résoudre ce problème."
341327,Que_lis_tu__.mp3,Que lis-tu ?
341310,Il_n_a_pas_dit_un_mo.mp3,Il n'a pas dit un mot.
341290,Cette_chaise_est_lai.mp3,Cette chaise est laide.
341054,Tu_dois_le_faire_toi.mp3,Tu dois le faire toi-même.
341053,Pierre_a_beaucoup_de.mp3,Pierre a beaucoup de logiciels piratés sur son ordinateur.
340814,C_est_la_chambre_839.mp3,C'est la chambre 839.
340680,Les_collines_étaient.mp3,Les collines étaient recouvertes de neige.
340678,Il_y_avait_du_tonner.mp3,Il y avait du tonnerre et des éclairs la nuit dernière.
340428,Ce_n_est_pas_parce_q.mp3,Ce n'est pas parce qu'il est bon qu'il est forcément sage.
340406,Ken_est_aussi_grand_.mp3,Ken est aussi grand que Bill.
340404,Nous_ferions_mieux_d.mp3,Nous ferions mieux de la laisser seule.
340318,Il_me_semble_que_nou.mp3,Il me semble que nous devrions partir à présent.
340257,J_ai_écrit_ce_livre_.mp3,J'ai écrit ce livre.
340143,Ce_livre_est_très_pe.mp3,Ce livre est très petit.
340142,Ce_film_était_vraime.mp3,Ce film était vraiment émouvant.
340072,Qui_a_organisé_cette.mp3,Qui a organisé cette réunion ?
340071,Tom_est_le_capitaine.mp3,Tom est le capitaine de cette équipe de baseball.
340070,C_est_un_professeur_.mp3,C'est un professeur d'anglais.
340069,Il_est_prof_d_anglai.mp3,Il est prof d'anglais.
340068,Elle_est_de_loin_cel.mp3,Elle est de loin celle qui travaille le plus dur dans mon entreprise.
340067,Je_devine_à_ton_visa.mp3,Je devine à ton visage que tu as de bonnes nouvelles.
340066,Ces_feuilles_vertes_.mp3,Ces feuilles vertes deviennent rouges ou jaunes à l'automne.
340027,Il_veut_se_procurer_.mp3,Il veut se procurer un nouveau dictionnaire.
339970,Tu_as_beaucoup_d_arg.mp3,"Tu as beaucoup d'argent, et je n'en ai pas."
339969,J_ai_une_douleur_aig.mp3,J'ai une douleur aiguë dans la poitrine.
339968,Les_ordinateurs_nous.mp3,Les ordinateurs nous épargnent beaucoup de temps et d'ennuis.
339754,Trop_manger_peut_ren.mp3,Trop manger peut rendre malade.
339753,Où_se_situe_le_musée.mp3,Où se situe le musée le plus proche ?
339752,Le_prix_de_l_or_vari.mp3,Le prix de l'or varie d'un jour à l'autre.
339751,C_est_une_belle_jour.mp3,C'est une belle journée !
339750,Je_n_aime_pas_parler.mp3,Je n'aime pas parler en public.
339749,Deux_verres_de_jus_d.mp3,Deux verres de jus d'orange s'il vous plaît.
339748,S_il_avait_suivi_les.mp3,"S'il avait suivi les conseils de son médecin, il ne serait peut-être pas mort."
339746,Il_n_avait_jamais_vu.mp3,Il n'avait jamais vu un garçon aussi méchant.
339745,Cette_théorie_est_gé.mp3,Cette théorie est généralement acceptée.
339744,Je_ferai_comme_tu_m_.mp3,Je ferai comme tu m'as conseillé.
339743,Nous_sommes_arrivés_.mp3,Nous sommes arrivés à la conclusion que l'entraide était essentiel pour atteindre ce but.
339739,Je_préfère_marcher_p.mp3,Je préfère marcher plutôt que de prendre le bus.
339736,Es_tu_déjà_allé_à_Ko.mp3,Es-tu déjà allé à Kobe ?
339734,Notre_équipe_de_foot.mp3,Notre équipe de foot bat toutes les autres équipes de la ville.
339728,Cette_nouvelle_nous_.mp3,Cette nouvelle nous surprit beaucoup.
339726,Garde_un_œil_sur_cet.mp3,Garde un œil sur cette mallette.
339725,Ces_stylos_sont_à_lu.mp3,Ces stylos sont à lui.
339724,Au_vu_du_ciel__le_te.mp3,"Au vu du ciel, le temps se dégagera dans l'après-midi."
339722,Tu_ne_me_dépasseras_.mp3,"Tu ne me dépasseras jamais, tu entends, jamais !"
339719,À_Rome__fais_comme_l.mp3,"À Rome, fais comme les Romains."
339717,As_tu_quelque_chose_.mp3,As-tu quelque chose à lire ?
339714,Est_ce_que_ça_fait_m.mp3,Est-ce que ça fait mal ?
339706,C_est_à_toi_de_voir_.mp3,C'est à toi de voir.
339609,Pourrais_tu_me_dire_.mp3,Pourrais-tu me dire pourquoi tu l'aimes ?
339608,Pourriez_vous_m_aide.mp3,Pourriez-vous m'aider s'il vous plaît ?
339607,Tu_dois_répondre_à_c.mp3,Tu dois répondre à ces questions.
339606,Nous_utilisons_notre.mp3,Nous utilisons notre bouche pour manger.
339604,Ils_veulent_augmente.mp3,Ils veulent augmenter la production de nourriture en faisant pousser de nouvelles espèces de riz.
339595,Où_se_trouve_ton_éco.mp3,Où se trouve ton école ?
339593,Va_à_l_école_.mp3,Va à l'école.
339453,Je_vais_laver_les_pl.mp3,Je vais laver les plats.
339432,Je_n_écris_pas_encor.mp3,Je n'écris pas encore très bien chinois.
339014,J_ai_bien_peur_que_n.mp3,J'ai bien peur que non.
338999,Finalement_elle_s_ad.mp3,Finalement elle s'adonna à la tentation et mangea le gâteau en entier.
338994,Cette_idée_est_pas_m.mp3,Cette idée est pas mal.
338992,Vous_n_êtes_pas_cens.mp3,Vous n'êtes pas censés fumer ici.
338990,Tu_dois_peaufiner_to.mp3,Tu dois peaufiner ton anglais.
338984,Hier__alors_que_je_r.mp3,"Hier, alors que je revenais de l'école, j'ai soudain été pris sous une averse."
338982,L_image_de_l_acciden.mp3,L'image de l'accident me rendit malade.
338980,Je_souhaiterais_avoi.mp3,Je souhaiterais avoir un ami comme toi.
338979,Le_match_de_foot_ser.mp3,"Le match de foot sera disputé, même s'il doit pleuvoir."
338978,Les_deux_hommes_assi.mp3,Les deux hommes assis sur le banc étaient américains.
338976,Windows_95_m_a_ENCOR.mp3,Windows 95 m'a ENCORE pété à la gueule !
338909,Les_oiseaux_construi.mp3,Les oiseaux construisent un nid au printemps pour élever leurs petits dedans.
338908,Ne_tire_pas_avantage.mp3,Ne tire pas avantage des faiblesses des autres.
338907,Cela_va_sans_dire_qu.mp3,"Cela va sans dire que le temps, c'est de l'argent."
338906,Nous_avons_vécu_à_Os.mp3,Nous avons vécu à Osaka pendant dix ans avant de venir à Tokyo.
338905,Nous_avons_regardé_u.mp3,Nous avons regardé un oiseau nourrir ses petits.
338904,Comment_diable_l_as_.mp3,Comment diable l'as-tu eu ?
338903,Arrivera_t_il_à_attr.mp3,Arrivera-t-il à attraper le train ?
338902,Le_professeur_Smith_.mp3,Le professeur Smith est connu pour son style de vie excentrique.
338887,Que_prévois_tu_de_fa.mp3,Que prévois-tu de faire après que tout cela sera fini ?
338886,Tenir_un_journal_int.mp3,Tenir un journal intime nous donne aussi une chance de réfléchir sur notre vie quotidienne.
338780,Elle_était_en_Amériq.mp3,Elle était en Amérique le mois dernier.
338778,Il_y_a_un_bus_toutes.mp3,Il y a un bus toutes les quinze minutes.
338762,Voulez_vous_lui_lais.mp3,Voulez-vous lui laisser un message ?
338759,Qui_a_fabriqué_la_po.mp3,Qui a fabriqué la poupée ?
338672,Peux_tu_t_exprimer_e.mp3,Peux-tu t'exprimer en anglais ?
338671,Nous_allons_peindre_.mp3,Nous allons peindre le mur.
338670,On_n_est_jamais_trop.mp3,On n'est jamais trop prudent au volant d'une voiture.
338669,Notre_siècle_a_vu_un.mp3,Notre siècle a vu un accroissement notable de la somme des connaissances.
338668,J_adore_vraiment_mon.mp3,J'adore vraiment mon travail.
338667,C_est_vraiment_un_pa.mp3,C'est vraiment un parfait idiot.
338647,J_étais_trop_fatigué.mp3,J'étais trop fatigué pour continuer à marcher.
338645,Je_suis_allé_à_l_aér.mp3,Je suis allé à l'aéroport pour lui dire au revoir.
338644,Ses_mots_étaient_rem.mp3,Ses mots étaient remplis par la mélancolie.
338643,Je_lui_rendis_visite.mp3,Je lui rendis visite en vue de lui donner un petit conseil.
338642,Ses_travaux_perdurer.mp3,Ses travaux perdureront pendant des siècles.
338641,J_ai_étudié_pendant_.mp3,J'ai étudié pendant une heure.
338640,C_est_le_passage_ver.mp3,C'est le passage vers la mer.
338637,Ne_sachant_pas_quoi_.mp3,"Ne sachant pas quoi faire, il m'a appelé à l'aide."
338636,Il_est_nécessaire_d_.mp3,Il est nécessaire d'être préparé au pire.
338635,Nous_sommes_vieux_am.mp3,Nous sommes vieux amis.
338627,On_a_un_jour_férié_a.mp3,On a un jour férié aujourd'hui.
338626,Elle_sera_étudiante_.mp3,Elle sera étudiante dans le supérieur le printemps prochain.
338489,Cette_maison_a_six_p.mp3,Cette maison a six pièces.
338485,Bob_est_mon_ami_.mp3,Bob est mon ami.
338419,Elle_déclina_son_inv.mp3,Elle déclina son invitation.
338418,Mon_père_ne_boit_pas.mp3,Mon père ne boit pas de liqueur.
338414,Elle_a_appelé_le_cha.mp3,"Elle a appelé le chaton ""Jaguar""."
338412,Pourquoi_ce_mois_ci_.mp3,Pourquoi ce mois-ci le propriétaire n'est pas encore venu récupérer le loyer ?
338411,Mince__je_me_suis_tr.mp3,"Mince, je me suis trompé."
338408,Si_je_l_avais_su__je.mp3,"Si je l'avais su, je te l'aurais dit."
338407,Le_fait_qu_il_soit_u.mp3,Le fait qu'il soit un génie est clair pour tout le monde.
338406,Pas_à_pas__on_va_loi.mp3,"Pas à pas, on va loin."
338382,Il_pleut_des_cordes_.mp3,Il pleut des cordes ce soir.
338381,Vu_d_avion__cette_îl.mp3,"Vu d'avion, cette île a l'air très belle."
338380,La_sécheresse_condui.mp3,La sécheresse conduisit à une pénurie de nourriture.
338379,J_avais_travaillé_du.mp3,"J'avais travaillé dur toute la journée, donc j'étais très fatigué."
338378,C_est_un_bureau_.mp3,C'est un bureau.
338266,Depuis_combien_de_te.mp3,Depuis combien de temps connais-tu Jack ?
338265,En_d_autres_termes__.mp3,"En d'autres termes, c'est un feignant."
338264,Hé__que_s_est_il_pas.mp3,"Hé, que s'est-il passé ?"
338263,La_bougie_s_éteignit.mp3,La bougie s'éteignit d'elle-même.
338262,Dix_jours_passèrent_.mp3,Dix jours passèrent.
338261,L_un_est_à_Kumamoto_.mp3,L'un est à Kumamoto et l'autre à Tokyo.
338260,Est_ce_la_ville_où_M.mp3,Est-ce la ville où Mika est né ?
338259,Oui__je_pense_que_tu.mp3,"Oui, je pense que tu devrais y aller."
338257,Voudrais_tu_jouer_au.mp3,Voudrais-tu jouer au foot avec nous ?
338256,Cette_école_a_été_fo.mp3,Cette école a été fondée en 1650.
338255,Les_ordinateurs_sont.mp3,Les ordinateurs sont capables d'effectuer des tâches extrêmement compliquées.
338254,Quelle_équipe_gagner.mp3,Quelle équipe gagnera la partie ?
338253,Ce_bébé_ne_fait_rien.mp3,Ce bébé ne fait rien d'autre que pleurer.
338252,Je_suis_de_Singapour.mp3,Je suis de Singapour.
338251,Tu_ferais_mieux_d_y_.mp3,Tu ferais mieux d'y aller à pied.
338249,Serais_tu_assez_gent.mp3,Serais-tu assez gentil pour me l'expliquer ?
338248,Nous_n_arrivons_pas_.mp3,Nous n'arrivons pas à dormir bien les nuits d'été.
338247,À_ma_surprise__elle_.mp3,"À ma surprise, elle n'arriva pas à répondre à la question."
338179,Tous_les_êtres_humai.mp3,Tous les êtres humains naissent libres et égaux en dignité et en droits. Ils sont doués de raison et de conscience et doivent agir les uns envers les autres dans un esprit de fraternité.
338178,Les_années_90_ont_co.mp3,Les années 90 ont commencé avec la guerre du golfe.
338173,Il_a_une_mauvaise_vu.mp3,Il a une mauvaise vue.
338030,Peux_tu_m_aider_à_tr.mp3,Peux-tu m'aider à traduire ces phrases en chinois ?
338026,Je_te_suivrai_partou.mp3,Je te suivrai partout où tu iras.
338025,Les_médicaments_doiv.mp3,Les médicaments doivent être hors de la portée des enfants.
338024,Le_soldat_fut_blessé.mp3,Le soldat fut blessé à la jambe.
338022,Ma_maison_est_près_d.mp3,Ma maison est près de l'église.
337993,Des_années_ont_passé.mp3,Des années ont passé.
337986,Il_n_a_pas_spécifié_.mp3,Il n'a pas spécifié quand il reviendrait.
337982,Dis_bonjour_à_ta_mam.mp3,Dis bonjour à ta maman de ma part.
337971,Ces_aliments_ont_l_a.mp3,Ces aliments ont l'air délicieux.
337970,D_une_certaine_maniè.mp3,"D'une certaine manière tu as raison, mais j'ai encore des doutes."
337967,Tu_as_besoin_de_neuf.mp3,Tu as besoin de neuf heures de sommeil ! Tu es une vraie marmotte.
337962,Combien_y_a_t_il_de_.mp3,Combien y a-t-il de garçons dans votre classe ?
337961,Il_s_occupera_des_ch.mp3,Il s'occupera des chats pour moi quand je serai à l'étranger.
337960,Nous_irons_d_abord_à.mp3,"Nous irons d'abord à Hong Kong, et ensuite à Singapour."
337959,Qui_s_occupera_du_ch.mp3,Qui s'occupera du chien pendant notre absence ?
337943,De_nos_jours_personn.mp3,De nos jours personne ne peut imaginer une vie sans télévision.
337942,Il_est_sûr_de_réussi.mp3,Il est sûr de réussir l'examen.
337941,M__Tanaka_n_est_pas_.mp3,M. Tanaka n'est pas à son bureau pour le moment.
337940,Le_prince_fut_changé.mp3,Le prince fut changé en arbre par magie.
337939,Tu_as_tellement_chan.mp3,Tu as tellement changé que j'ai du mal à te reconnaître.
337919,Il_a_assurément_pris.mp3,Il a assurément pris des produits dopants pour arriver à courir aussi vite.
337869,J_ai_vu_un_article_s.mp3,"J'ai vu un article sur le blog de Tatoeba qui parlait d'une nouvelle version pour bientôt, l'avez-vous lu ?"
337867,Je_suis_impatient_de.mp3,Je suis impatient de voir la nouvelle version de Tatoeba.
337866,J_ai_fait_une_pétiti.mp3,"J'ai fait une pétition pour qu'il y ait des biscuits aux figues dans les restaurants universitaires, vous voulez la signer ?"
337865,Dommage_qu_il_n_y_ai.mp3,Dommage qu'il n'y ait pas de biscuits aux figues au restaurant universitaire.
337864,Pour_quoi_les_puniss.mp3,Pour quoi les punissez-vous ?
337863,J_ai_acheté_ce_livre.mp3,"J'ai acheté ce livre chez Maruzen, le marchand de livres."
337862,À_bientôt__.mp3,À bientôt !
337861,Helen_est_très_inqui.mp3,Helen est très inquiète pour sa fille.
337860,Que_dirais_tu_d_un_v.mp3,Que dirais-tu d'un verre de bière ?
337806,Je_suis_facile_à_viv.mp3,Je suis facile à vivre.
337805,La_réalité_est_plus_.mp3,La réalité est plus étrange que la fiction.
337804,Mère_était_très_occu.mp3,Mère était très occupée la plupart du temps.
337803,Un_professeur_doit_ê.mp3,Un professeur doit être juste avec ses élèves.
337802,Son_échec_vient_de_s.mp3,Son échec vient de son ignorance.
337801,Voyagez_vous_beaucou.mp3,Voyagez-vous beaucoup ?
337738,Nous_avons_loué_un_a.mp3,Nous avons loué un appartement quand nous vivions à New York.
337737,Un_vieux_château_se_.mp3,Un vieux château se tient en haut de la falaise.
337736,Envoie_moi_un_messag.mp3,Envoie-moi un message quand tu as des problèmes.
337735,Y_a_t_il_une_quelcon.mp3,Y a-t-il une quelconque aide de disponible ?
337734,Elle_jeta_un_regard_.mp3,Elle jeta un regard à sa mère.
337733,Nous_n_avons_pas_eu_.mp3,Nous n'avons pas eu d'autres choix que d'appeler la police la nuit dernière.
337732,Papa_gère_le_magasin.mp3,Papa gère le magasin.
337722,Il_résolut_le_problè.mp3,Il résolut le problème facilement.
337721,Il_neigera_peut_être.mp3,Il neigera peut-être.
337719,La_fille_sur_cette_i.mp3,La fille sur cette image porte une couronne non pas d'or mais de fleurs.
337718,Le_film_passionna_to.mp3,Le film passionna toute l'audience.
337717,C_était_vraiment_sym.mp3,C'était vraiment sympathique de te revoir.
337716,Donne_moi_une_autre_.mp3,Donne-moi une autre chance s'il te plaît.
337715,Cette_montagne_est_r.mp3,Cette montagne est recouverte de neige.
337714,Je_ne_peux_me_permet.mp3,Je ne peux me permettre de gaspiller le moindre yen.
337713,Le_problème_est_que_.mp3,Le problème est que cela coûte trop cher.
337712,Un_tel_homme_est_sûr.mp3,Un tel homme est sûr d'échouer.
337500,Il_y_a_une_autre_que.mp3,Il y a une autre question dont nous devons discuter.
337499,Tom_parle_couramment.mp3,Tom parle couramment japonais.
337498,J_ai_lu_cette_histoi.mp3,J'ai lu cette histoire dans un livre.
337474,Ce_film_l_a_rendue_t.mp3,Ce film l'a rendue très populaire.
337467,Elle_disparut_lentem.mp3,Elle disparut lentement dans la forêt brumeuse.
337466,Le_méchant_garçon_se.mp3,Le méchant garçon se perdit et regarda autour de lui.
337465,Il_n_arriva_qu_une_f.mp3,Il n'arriva qu'une fois que je l'avais appelé.
337464,Il_m_ordonna_de_quit.mp3,Il m'ordonna de quitter la chambre immédiatement.
337423,Tu_n_as_pas_besoin_d.mp3,Tu n'as pas besoin d'utiliser un dictionnaire quand tu lis ce livre.
337422,Peux_tu_me_dire_où_j.mp3,Peux-tu me dire où je me situe sur cette carte ?
337421,Il_parle_anglais_aus.mp3,Il parle anglais aussi couramment que n'importe quel étudiant de sa classe.
337420,Où_sont_les_toilette.mp3,Où sont les toilettes les plus proches ?
337411,C_est_insoluble_dans.mp3,C'est insoluble dans l'eau.
337410,La_première_chose_qu.mp3,La première chose que tu dois prendre en considération est le temps.
337409,Peux_tu_prendre_ça_s.mp3,Peux-tu prendre ça s'il te plaît ?
337408,Même_les_cœurs_de_pi.mp3,Même les cœurs de pierre peuvent être émus à en pleurer.
337407,Il_est_vrai_que_la_t.mp3,Il est vrai que la terre est ronde.
337406,La_thèse_est_finie_à.mp3,La thèse est finie à l'exception de la conclusion.
337405,Nicole_sait_très_bie.mp3,Nicole sait très bien parler japonais.
337372,Ils_ont_des_jumelles.mp3,Ils ont des jumelles.
337366,Dans_un_premier_temp.mp3,Dans un premier temps personne ne me crut.
337365,Il_fait_presque_six_.mp3,Il fait presque six pieds de haut.
337364,Je_suis_sûr_que_ce_l.mp3,Je suis sûr que ce livre sera d'une grande utilité pour toi.
337363,Quel_est_le_nom_de_t.mp3,Quel est le nom de ta compagnie d'assurance ?
337360,J_ai_promis_d_aider_.mp3,J'ai promis d'aider mon frère avec ses devoirs.
337359,Il_me_donna_tout_l_a.mp3,Il me donna tout l'argent qu'il avait sur lui.
337358,Il_tomba_par_hasard_.mp3,Il tomba par hasard sur cette vieille pièce dans un magasin d'antiquités.
337357,Il_resta_ici_un_mome.mp3,Il resta ici un moment.
337356,C_est_de_loin_la_mei.mp3,C'est de loin la meilleure méthode.
337340,Le_match_fut_annulé_.mp3,Le match fut annulé à cause de la pluie.
337339,Je_me_sens_mieux_auj.mp3,Je me sens mieux aujourd'hui.
337338,Il_est_fier_que_son_.mp3,Il est fier que son père soit un grand scientifique.
337317,J_espère_qu_elle_ira.mp3,J'espère qu'elle ira bientôt mieux.
337316,Elle_est_fermement_d.mp3,Elle est fermement déterminée à posséder son propre magasin.
337314,Ce_manuel_scolaire_e.mp3,Ce manuel scolaire est trop dur pour moi.
337295,Personne_n_est_venu_.mp3,Personne n'est venu à la fête.
337244,Sans_un_dictionnaire.mp3,"Sans un dictionnaire, cela sera dur d'étudier l'anglais."
337242,Dieu_est_mort_et_c_e.mp3,Dieu est mort et c'est nous qui l'avons tué.
337214,Cela_me_surprend_tou.mp3,Cela me surprend toujours à quel point il peut être stupide.
337213,Tom__qui_avait_trava.mp3,"Tom, qui avait travaillé toute la journée, voulait se reposer."
337212,Il_se_fit_beaucoup_d.mp3,Il se fit beaucoup d'argent à New-York et retourna dans la petite ville où il était né.
337211,Ils_me_demandèrent_q.mp3,Ils me demandèrent quelque chose à boire.
337210,Il_est_venu_de_Bosto.mp3,Il est venu de Boston.
337209,Il_exhiba_sa_nouvell.mp3,Il exhiba sa nouvelle voiture.
337208,Ils_mirent_le_feu_à_.mp3,Ils mirent le feu à la maison de leur voisin pour se venger.
337207,Il_n_aime_pas_le_poi.mp3,Il n'aime pas le poisson.
337174,Elle_n_a_pas_pu_me_v.mp3,Elle n'a pas pu me voir à la fête.
337173,La_compagnie_cessa_s.mp3,La compagnie cessa son activité après plusieurs années de baisse de profits.
337172,Je_ne_sais_pas_la_ra.mp3,Je ne sais pas la raison pour laquelle il est absent aujourd'hui.
337171,Il_continua_à_faire_.mp3,Il continua à faire commerce pendant plusieurs années.
337170,La_rivière_coule_dou.mp3,La rivière coule doucement vers la mer.
337169,Je_trouve_que_tu_es_.mp3,Je trouve que tu es vraiment un gars sympa.
337168,Le_vin_est_fait_à_pa.mp3,Le vin est fait à partir du raisin.
337167,Tu_dois_mettre_fin_à.mp3,Tu dois mettre fin à ce stupide comportement.
337166,L_anglais_est_parlé_.mp3,L'anglais est parlé dans de nombreux pays à travers le monde.
337165,J_ai_fait_le_plein_d.mp3,J'ai fait le plein de ma voiture à la station service du coin.
337164,Tes_idées_sont_toute.mp3,Tes idées sont toutes dépassées.
337163,Ce_jouet_est_fait_en.mp3,Ce jouet est fait en bois.
337162,Regarde_ce_problème_.mp3,Regarde ce problème plus attentivement.
337161,Le_film_était_si_tri.mp3,Le film était si triste que tout le monde a pleuré.
337160,Ce_diseur_de_bonne_a.mp3,Ce diseur de bonne aventure n'est rien de mieux qu'un menteur.
337159,Tu_m_as_abasourdi__.mp3,Tu m'as abasourdi !
337158,Le_travail_doit_être.mp3,Le travail doit être fini pour demain.
337128,Il_va_venir_chez_moi.mp3,Il va venir chez moi ce soir.
337127,C_est_notre_saison_d.mp3,C'est notre saison des pluies.
337126,Luciano_a_peut_être_.mp3,"Luciano a peut-être la foule derrière lui, mais il a encore du lait qui lui coule derrière les oreilles."
337125,Cette_fille_n_a_pas_.mp3,Cette fille n'a pas de mère.
337124,Il_y_a_une_banque_en.mp3,Il y a une banque en face de la gare.
337123,Si_Ted_était_là__il_.mp3,"Si Ted était là, il aurait pu nous aider à nettoyer notre chambre."
337122,De_nos_jours_les_gen.mp3,De nos jours les gens ne savent plus vivre sans air-conditionné.
337121,Jack_est_en_chemin_p.mp3,Jack est en chemin pour le succès cette fois-ci.
337120,Comment_a_t_il_fait_.mp3,Comment a-t-il fait pour vivre dans une telle pauvreté ?
337119,Cela_m_est_indiffére.mp3,Cela m'est indifférent qu'il vienne ou pas.
337118,Les_nuages_s_ouvrire.mp3,Les nuages s'ouvrirent et laissèrent passer les rayons du soleil.
337110,Il_n_y_a_pas_beaucou.mp3,Il n'y a pas beaucoup de livres sur ces étagères.
337107,Elle_parle_difficile.mp3,Elle parle difficilement un mot d'anglais.
337104,Ce_poisson_ne_contie.mp3,Ce poisson ne contient pas de poison.
337101,Cette_bibliothèque_a.mp3,Cette bibliothèque a plus de 50 000 volumes.
337093,Les_rivières_débordè.mp3,Les rivières débordèrent à cause des pluies torrentielles.
337092,C_est_le_pire_film_q.mp3,C'est le pire film que j'ai jamais vu.
337091,Il_plongea_la_main_d.mp3,Il plongea la main dans sa poche pour prendre son portefeuille.
337090,L_accident_s_est_pas.mp3,L'accident s'est passé avant-hier.
337089,Le_train_est_à_desti.mp3,Le train est à destination de Londres.
337047,Avec_un_peu_de_chanc.mp3,"Avec un peu de chance, je peux produire plusieurs pièces par jour."
337046,Il_a_dit_qu_il_était.mp3,Il a dit qu'il était fatigué et que donc il irait tôt chez lui.
337045,Je_ne_crois_pas_que_.mp3,Je ne crois pas que cet enfant est venu seul à Tokyo.
337044,Tes_paroles_doivent_.mp3,Tes paroles doivent correspondre à tes actions.
337043,Qui_va_le_plus_vite_.mp3,"Qui va le plus vite, un navire ou un train ?"
337042,Les_années_de_résist.mp3,Les années de résistances et de mauvaises fortunes finirent lorsque le village des colons fut pris par les sauvages ainsi que leurs espoirs et leur vie.
337041,Nous_avons_perdu_l_h.mp3,Nous avons perdu l'homme de vue dans la foule.
337040,J_étais_sur_le_point.mp3,J'étais sur le point de quitter la maison quand le téléphone sonna.
337039,Quel_fruit_aimes_tu_.mp3,Quel fruit aimes-tu le plus ?
337038,Ces_jours_ci_John_bo.mp3,Ces jours-ci John boit trop.
337037,C_est_un_livre_.mp3,C'est un livre.
337036,Il_a_travaillé_très_.mp3,Il a travaillé très dur.
337035,Alors_que_nous_attei.mp3,"Alors que nous atteignions le coin, le lac nous apparut."
337034,On_mange_pour_vivre_.mp3,On mange pour vivre.
337033,La_longueur_de_ce_na.mp3,La longueur de ce navire est de 30 mètres.
337032,Elle_pleura_en_lisan.mp3,Elle pleura en lisant la lettre.
337031,Ton_comportement_lai.mp3,Ton comportement laisse beaucoup à désirer.
337030,Dis_lequel_tu_voudra.mp3,Dis lequel tu voudrais.
337029,Elle_alla_dans_sa_ch.mp3,Elle alla dans sa chambre pour changer sa robe.
337028,À_cause_de_nombreux_.mp3,"À cause de nombreux facteurs malheureux, le nombre de familles mono-parentales est en augmentation."
337027,J_admets_que_ce_n_es.mp3,J'admets que ce n'est peut-être pas le meilleur moyen de le faire.
337026,Je_crois_que_tu_sera.mp3,Je crois que tu seras bientôt sur pieds.
337025,Le_bébé_ne_sait_pas_.mp3,Le bébé ne sait pas encore utiliser une cuillère.
337024,Arrête_de_parler__ve.mp3,"Arrête de parler, veux-tu ?"
337023,Il_y_a_une_masse_de_.mp3,Il y a une masse de nuages noirs dans le ciel.
337022,Les_deux_équipes_se_.mp3,Les deux équipes se battirent âprement.
337021,Le_ciel_semble_en_co.mp3,Le ciel semble en colère.
337020,Puis_je_faire_une_ré.mp3,Puis-je faire une réservation pour un golf ?
337019,Le_jeune_homme_tendi.mp3,Le jeune homme tendit la main et je la lui serrai.
337018,Quoi_que_tu_fasses__.mp3,"Quoi que tu fasses, tu dois faire de ton mieux."
337017,Nous_accepterons_seu.mp3,Nous accepterons seulement à cette condition.
337016,Ce_problème_est_trop.mp3,Ce problème est trop difficile pour être résolu par des enfants de l'école primaire.
337015,Tu_parles_tellement_.mp3,Tu parles tellement doucement que je n'arrive pas très bien à entendre ce que tu dis.
337014,Quelle_heure_est_il_.mp3,Quelle heure est-il sur ta montre ?
337013,Voudrais_tu_danser_a.mp3,Voudrais-tu danser avec moi ?
337012,Tu_ferais_mieux_de_f.mp3,Tu ferais mieux de faire comme le médecin t'a conseillé.
337011,Que_devraient_ils_fa.mp3,Que devraient-ils faire dans cette situation ?
337010,Donnez_nous_les_outi.mp3,"Donnez-nous les outils, et nous finirons le travail."
337009,La_récession_est_une.mp3,La récession est une baisse temporaire des activités commerciales à une période où une telle activité généralement augmente.
337007,La_ville_était_plein.mp3,La ville était pleine d'activité.
337006,J_ai_passé_des_journ.mp3,J'ai passé des journées à ne rien faire durant mes congés.
337005,Les_plastiques_ont_p.mp3,Les plastiques ont pris la place de nombreux matériaux conventionnels.
337004,L_homme_qui_se_noyai.mp3,L'homme qui se noyait s'agrippa à la corde.
337003,J_espère_que_tu_iras.mp3,J'espère que tu iras de nouveau mieux avant longtemps.
337002,L_administration_jap.mp3,"L'administration japonaise doit apprendre comment traiter avec les travailleurs américains, dit-il."
337001,Dépêche_toi_ou_tu_va.mp3,Dépêche-toi ou tu vas rater ton train.
336999,Rendez_vos_armes_.mp3,Rendez vos armes.
336998,Nous_devons_toujours.mp3,Nous devons toujours nous préparer face aux désastres.
336997,Un_matin_pluvieux__i.mp3,"Un matin pluvieux, il partit tôt de chez lui afin d'arriver à l'heure à l'école."
336996,Où_penses_tu_que_tu_.mp3,Où penses-tu que tu passeras tes congés ?
336995,C_est_l_idéologie_po.mp3,C'est l'idéologie pour laquelle mon discours est écrit.
336994,Ce_genre_de_magazine.mp3,Ce genre de magazine peut être dommageable pour les jeunes.
336993,Il_ne_s_est_pas_levé.mp3,Il ne s'est pas levé tôt.
336992,Mike_est_le_seul_hom.mp3,Mike est le seul homme du comité.
336991,Si_tu_en_as_fini_ave.mp3,"Si tu en as fini avec ce livre, j'aimerais l'avoir."
336990,Merci_beaucoup_de_m_.mp3,Merci beaucoup de m'avoir invité à diner l'autre soir.
336989,L_homme_par_là_bas_q.mp3,L'homme par là-bas qui lit le journal est mon oncle.
336988,Le_démon_détruisit_H.mp3,Le démon détruisit Hiroshima et Nagasaki.
336987,Ce_couteau_a_une_lam.mp3,Ce couteau a une lame très effilée.
336986,Qu_en_penses_tu__.mp3,Qu'en penses-tu ?
336985,Il_est_l_heure_que_t.mp3,Il est l'heure que tu ailles te coucher. Coupe la radio.
336984,Connaître_une_langue.mp3,"Connaître une langue est une chose, l'enseigner en est une autre."
336983,Aller_retour_ou_alle.mp3,Aller-retour ou aller simple ?
336982,Nous_acceptons_ton_o.mp3,Nous acceptons ton offre avec plaisir.
336980,L_anglais_est_devenu.mp3,L'anglais est devenu une langue internationale.
336979,Ted_fut_finalement_c.mp3,Ted fut finalement capable de communiquer ses pensées en japonais.
336978,Allons_y_et_voyons_a.mp3,Allons-y et voyons autant de choses que nous pourrons.
336949,Pourquoi_es_tu_venu_.mp3,Pourquoi es-tu venu au Japon ?
336948,Pas_moins_de_trois_c.mp3,Pas moins de trois cents dollars furent nécessaires pour ce travail.
336947,J_espère_que_je_ne_t.mp3,J'espère que je ne te dérange pas ?
336945,Ce_mot_n_est_pas_dan.mp3,Ce mot n'est pas dans mon dictionnaire.
336944,Picasso_est_un_artis.mp3,Picasso est un artiste célèbre que tout le monde connaît.
336934,C_est_un_crayon_.mp3,C'est un crayon.
336933,Tout_le_voisinage_fu.mp3,Tout le voisinage fut surpris par cette nouvelle.
336932,Je_suis_assez_conten.mp3,Je suis assez content avec toi.
336931,J_ai_trébuché_sur_le.mp3,J'ai trébuché sur le tapis en entrant dans la maison.
336928,Je_ne_veux_pas_qu_il.mp3,Je ne veux pas qu'il y ait la moindre mécompréhension ici.
336924,Quel_chapeau_est_le_.mp3,Quel chapeau est le tien ?
336922,Je_voudrais_acheter_.mp3,Je voudrais acheter quelques bottes.
336915,La_dame_semblait_tri.mp3,"La dame semblait triste, et aussi fatiguée."
336914,Bien_sûr__Bonne_chan.mp3,Bien sûr. Bonne chance !
336913,La_somme_de_ces_chif.mp3,La somme de ces chiffres ne colle pas.
336912,Des_50_postulants__i.mp3,"Des 50 postulants, il y eut 20 échecs."
336911,Il_y_a_eu_beaucoup_d.mp3,Il y a eu beaucoup de neige l'hiver dernier.
336909,Il_y_avait_10_offici.mp3,Il y avait 10 officiers de police sur le site.
336905,Il_est_nécessaire_qu.mp3,Il est nécessaire que tu viennes ici immédiatement.
336904,Où_as_tu_vu_Nancy__.mp3,Où as-tu vu Nancy ?
336902,Passe_une_bonne_jour.mp3,Passe une bonne journée.
336901,Cette_image_rend_mie.mp3,Cette image rend mieux de loin.
336899,J_espère_juste_que_n.mp3,J'espère juste que nous puissions quitter cet horrible endroit.
336896,Une_nouvelle_équipe_.mp3,Une nouvelle équipe fut formée afin de prendre part à la course de bateaux.
336895,Nous_avons_facilemen.mp3,Nous avons facilement deviné le mot de passe.
336893,Ce_livre_est_suffisa.mp3,Ce livre est suffisamment facile pour qu'ils puissent le lire.
336891,Le_chapeau_est_trop_.mp3,Le chapeau est trop petit pour moi.
336882,C_est_difficile_de_g.mp3,C'est difficile de garder notre équilibre sur des routes gelées.
336881,Nous_allons_générale.mp3,Nous allons généralement à l'école à pied.
336879,Mes_parents_sont_par.mp3,Mes parents sont partis à l'aéroport pour dire au-revoir à mon oncle.
336878,Deux_mois_ont_passé_.mp3,Deux mois ont passé depuis qu'il est parti pour la France.
336876,Je_voudrais_passer_u.mp3,"Je voudrais passer un appel à Tokyo, au Japon, le numéro est 3202-5625."
336756,Ils_disent_qu_il_ne_.mp3,Ils disent qu'il ne reviendra plus.
336755,Je_souhaite_qu_il_éc.mp3,Je souhaite qu'il écrive plus souvent.
336754,La_ville_fut_détruit.mp3,La ville fut détruite par les inondations après la tempête.
336753,Il_est_complétement_.mp3,Il est complétement immergé dans sa vie de famille et n'a pas envie de travailler.
336752,Il_est_reporter_pour.mp3,Il est reporter pour le Time.
336751,Le_train_arrivera_en.mp3,Le train arrivera en gare probablement avant midi.
336750,L_accusé_paraîtra_de.mp3,L'accusé paraîtra devant la cour vendredi.
336749,Nick_sait_très_bien_.mp3,Nick sait très bien parler portugais. C'est parce qu'il l'étudie depuis 5 ans.
336748,Voudras_tu_prendre_u.mp3,Voudras-tu prendre un thé avec moi ?
336747,Cela_ne_fait_pas_de_.mp3,Cela ne fait pas de différence pour moi si Fred vient ou pas.
336746,Je_ne_pense_pas_que_.mp3,Je ne pense pas que John soit fait pour ce travail.
336745,La_meilleure_façon_d.mp3,La meilleure façon de savoir comment est un pays est d'y aller pour voir de ses propres yeux.
336744,Le_soleil_d_été_tapa.mp3,Le soleil d'été tapait sur nous.
336743,C_est_ainsi_qu_il_se.mp3,C'est ainsi qu'il se sortit du danger.
336742,Nous_espérions_avoir.mp3,Nous espérions avoir fini le travail avant les vacances.
336741,Après_cela_nous_n_av.mp3,Après cela nous n'avons plus rien entendu de lui.
336740,En_plus_de_parler_an.mp3,"En plus de parler anglais, il sait parler français."
336738,C_est_étrange_à_dire.mp3,"C'est étrange à dire, mais il ne connaissait pas la nouvelle."
336737,Le_stade_fut_submerg.mp3,Le stade fut submergé par les fans de baseball.
336736,T_entends_tu_bien_av.mp3,T'entends-tu bien avec ton patron ?
336735,Ce_livre_de_classe_e.mp3,Ce livre de classe est écrit en anglais simplifié.
336734,Nous_avons_eu_beauco.mp3,Nous avons eu beaucoup de neige l'année dernière.
336733,Pourquoi_as_tu_peint.mp3,Pourquoi as-tu peint le banc en rouge ?
336732,Le_vase_se_brisa_en_.mp3,Le vase se brisa en mille morceaux.
336731,Je_vais_discuter_ave.mp3,Je vais discuter avec Marty et voir ce qu'il en pense.
336729,L_ingénieur_nous_a_d.mp3,L'ingénieur nous a dit comment utiliser la machine.
336726,Tu_as_dit_une_chose_.mp3,Tu as dit une chose et ensuite tu as fait juste le contraire.
336723,Il_y_a_un_chat_sous_.mp3,Il y a un chat sous le bureau.
336721,C_est_l_idée_.mp3,C'est l'idée.
336717,Le_temps_change_souv.mp3,Le temps change souvent en Angleterre.
336716,Le_pneu_est_un_peu_d.mp3,Le pneu est un peu dégonflé.
336714,L_incendie_se_déclar.mp3,L'incendie se déclara après que les employés fussent rentrés chez eux.
336713,Sais_tu_comment_mani.mp3,Sais-tu comment manipuler un ordinateur ?
336707,Tom_sembla_anxieux_d.mp3,Tom sembla anxieux des résultats du test d'anglais.
336705,Tu_es_assez_vieux_po.mp3,Tu es assez vieux pour savoir mieux.
336704,Cela_ne_mena_à_rien_.mp3,Cela ne mena à rien.
336701,Je_sais_que_tu_pense.mp3,"Je sais que tu penses avoir compris ce que tu pensais que j'avais dit, mais je ne suis pas sûr que tu as réalisé que ce que tu as entendu n'est pas ce que je voulais dire."
336617,Tu_ne_dois_pas_mange.mp3,Tu ne dois pas manger trop.
336614,Le_bébé_s_endormit_d.mp3,Le bébé s'endormit dans le berceau.
336612,Quand_es_tu_revenu_d.mp3,Quand es-tu revenu de ton voyage ?
336610,Cela_est_basé_sur_de.mp3,Cela est basé sur des suppositions.
336607,Ne_te_moque_pas_de_l.mp3,Ne te moque pas de lui parce qu'il a fait une erreur.
336603,Nous_fûmes_stupéfait.mp3,Nous fûmes stupéfaits d'entendre ce qui s'était passé.
336601,Son_feignant_de_peti.mp3,Son feignant de petit ami demanda à Beth de lui faire ses devoirs d'Histoire.
336598,Jim_l_accompagna_au_.mp3,Jim l'accompagna au piano.
336596,Prends_n_importe_que.mp3,Prends n'importe quel train sur la voie 5.
336595,C_est_ce_que_je_veux.mp3,C'est ce que je veux.
336594,La_rumeur_se_révéla_.mp3,La rumeur se révéla fausse.
336593,D_où_cela_part_il__.mp3,D'où cela part-il ?
336592,C_est_après_être_arr.mp3,C'est après être arrivé à la maison que j'ai oublié mon porte-monnaie.
336588,Plus_tu_liras_de_liv.mp3,"Plus tu liras de livres, plus tu en sauras."
336585,Cette_tâche_me_prit_.mp3,Cette tâche me prit plus de temps que je n'avais prévu.
336582,Y_a_t_il_un_zoo_dans.mp3,Y a-t-il un zoo dans le parc ?
336580,Parlons_de_cela_auto.mp3,"Parlons de cela autour d'une tasse de thé, qu'en pensez-vous ?"
336579,Que_signifie__PTA___.mp3,"Que signifie ""PTA"" ?"
336578,Ce_gâteau_est_délici.mp3,Ce gâteau est délicieux !
336577,Le_climat_de_Londres.mp3,Le climat de Londres diffère de celui de Tokyo.
336576,Que_tu_aimes_ça_ou_p.mp3,Que tu aimes ça ou pas n'a pas d'importance.
336575,Le_pauvre_jeune_homm.mp3,Le pauvre jeune homme devint finalement un grand artiste.
336543,Tu_peux_prendre_la_r.mp3,Tu peux prendre la route que tu veux.
336542,Nous_sommes_arrivés_.mp3,Nous sommes arrivés en vue de la colline.
336536,La_compagnie_abandon.mp3,La compagnie abandonna ce projet.
336534,Nous_allons_vous_tro.mp3,Nous allons vous trouver une place bientôt.
336515,Il_semblerait_que_Ja.mp3,Il semblerait que Jack soit malade.
336514,C_est_une_fille_obst.mp3,C'est une fille obstinée.
336513,On_peut_parler_en_pr.mp3,On peut parler en privé ?
336512,Il_est_difficilement.mp3,Il est difficilement amical avec ses compagnons de travail.
336511,Viens_me_voir_demain.mp3,Viens me voir demain.
336499,Il_est_resté_chez_sa.mp3,Il est resté chez sa tante.
336498,Qu_est_devenu_son_fi.mp3,Qu'est devenu son fils ?
336496,Les_oiseaux_volaient.mp3,Les oiseaux volaient en groupe.
336494,C_est_une_personne_p.mp3,C'est une personne plutôt active.
336493,Il_était_impliqué_da.mp3,Il était impliqué dans l'affaire.
336491,Il_est_parti_pour_re.mp3,Il est parti pour rester avec son cousin.
336490,J_attendrai_ici_jusq.mp3,J'attendrai ici jusqu'à ce qu'il revienne.
336489,Elle_était_différent.mp3,Elle était différente de la plupart des femmes du voisinage en ce qu'elle savait lire et écrire.
336487,Ils_le_laissèrent_po.mp3,Ils le laissèrent pour mort.
336482,Ayant_vécu_à_Tokyo__.mp3,"Ayant vécu à Tokyo, je connais bien la ville."
336479,Ses_yeux_se_remplire.mp3,Ses yeux se remplirent de larmes.
336478,Elle_a_un_visage_ron.mp3,Elle a un visage rond.
336476,Le_jugement_alla_à_l.mp3,Le jugement alla à l'encontre du gouvernement.
336475,Il_est_plein_d_énerg.mp3,Il est plein d'énergie.
336473,L_audience_fut_profo.mp3,L'audience fut profondément affectée.
336472,Il_semblerait_qu_il_.mp3,Il semblerait qu'il se méprend.
336404,Il_est_idiot_au_poin.mp3,Il est idiot au point de croire ça ?
336403,Il_a_déménagé_pour_l.mp3,Il a déménagé pour le Canada.
336402,J_ai_besoin_de_quelq.mp3,J'ai besoin de quelqu'un pour réparer mon traitement de texte.
336392,Elle_passe_beaucoup_.mp3,Elle passe beaucoup de temps à exercer son piano.
336271,Il_fit_irruption_dan.mp3,Il fit irruption dans la pièce avec sa veste enfilée.
336270,Mon_papa_est_un_peu_.mp3,Mon papa est un peu démodé.
336269,Il_souligna_les_aspe.mp3,Il souligna les aspects pratiques de la vie citadine.
336268,Malheureusement_je_n.mp3,Malheureusement je ne suis pas arrivé à l'heure pour son discours.
336267,J_atteignis_la_gare_.mp3,J'atteignis la gare après le démarrage du train.
336266,Il_ne_dit_rien__ce_q.mp3,"Il ne dit rien, ce qui la mit en colère."
336265,Ne_rate_pas_le_bus_.mp3,Ne rate pas le bus.
336264,En_cas_d_urgence__co.mp3,"En cas d'urgence, contactez mon agent."
336263,Tâche_de_faire_plus_.mp3,Tâche de faire plus attention à l'avenir s'il te plaît.
336259,Je_n_aimais_pas_la_b.mp3,Je n'aimais pas la bière à cette époque.
336217,Les_ambulances_trans.mp3,Les ambulances transportèrent les blessés à l'hôpital le plus proche.
336216,C_est_le_manager_du_.mp3,C'est le manager du département marketing.
336215,Sais_tu_faire_du_pat.mp3,Sais-tu faire du patin sur glace ?
336214,Voilà_une_lettre_pou.mp3,Voilà une lettre pour toi.
336213,Nous_avons_applaudi_.mp3,Nous avons applaudi l'artiste.
336212,Tu_vas_devoir_formul.mp3,Tu vas devoir formuler quelques excuses.
336211,Nous_devons_garder_l.mp3,Nous devons garder les traditions familiales.
336210,Elle_déchira_en_mill.mp3,Elle déchira en mille morceaux la lettre.
336209,C_est_devenu_naturel.mp3,C'est devenu naturel pour lui de parler français.
336207,Il_est_dit_qu_un_tré.mp3,Il est dit qu'un trésor est enterré dans cet endroit.
336205,J_aime_ce_travail_ca.mp3,"J'aime ce travail car on voit tout de suite le résultat, c'est très gratifiant."
336173,Nous_faisons_confian.mp3,Nous faisons confiance à Patty parce qu'elle tient toujours ses promesses.
336172,Il_était_destiné_à_n.mp3,Il était destiné à ne plus jamais la revoir.
336171,On_entend_souvent_di.mp3,On entend souvent dire que les Japonais sont des bons travailleurs.
336167,L_école_fut_fermée_u.mp3,L'école fut fermée une journée à cause de la neige.
336150,Cela_semble_bon_marc.mp3,Cela semble bon marché.
336149,On_peut_voir_le_gran.mp3,On peut voir le grand bâtiment depuis la fenêtre.
336148,Y_a_t_il_un_musicien.mp3,Y a-t-il un musicien connu sur scène ?
336147,Ils_insistent_sur_le.mp3,Ils insistent sur le fait qu'il devrait partir.
336146,Ces_données_montrent.mp3,Ces données montrent clairement que le tabagisme chez les jeunes n'a pas diminué.
336145,Elle_prétendit_être_.mp3,Elle prétendit être étudiante.
336144,Le_vieil_homme_tenta.mp3,Le vieil homme tenta de nager 5 kilomètres.
336143,Il_devrait_déjà_être.mp3,Il devrait déjà être arrivé maintenant.
336142,Si_tu_te_dépêches__t.mp3,"Si tu te dépêches, tu pourras le rattraper."
336141,J_ai_décidé_d_aller_.mp3,J'ai décidé d'aller en Amérique plutôt qu'en Europe.
336140,Je_ne_comprends_pas_.mp3,Je ne comprends pas très bien ce qu'il dit.
336139,Pouvez_vous_attendre.mp3,Pouvez-vous attendre quelques minutes s'il vous plaît ?
336136,L_habitude_est_une_s.mp3,L'habitude est une seconde nature.
336134,Je_suis_le_chef_de_c.mp3,Je suis le chef de cette équipe.
336133,C_est_la_maison_où_j.mp3,C'est la maison où j'habitais quand j'étais jeune.
336132,Elle_habite_au_56_Ru.mp3,Elle habite au 56 Russell Square.
336131,Ils_disent_qu_elle_e.mp3,Ils disent qu'elle est née en Allemagne.
336130,Les_garçons_chuchota.mp3,"Les garçons chuchotaient, je savais qu'ils préparaient quelque chose."
336129,Ce_livre_a_de_belles.mp3,Ce livre a de belles illustrations.
336128,Comme_tu_auras_semé_.mp3,Comme tu auras semé tu moissonneras.
336127,Nous_devons_délivrer.mp3,Nous devons délivrer notre rapport avant la fin du mois.
336067,Nous_nous_rassemblon.mp3,Nous nous rassemblons ici une fois par semaine.
336066,C_est_le_même_livre_.mp3,C'est le même livre que celui que j'ai.
336065,Son_régime_est_sur_l.mp3,Son régime est sur le point de s'effondrer.
336057,Ils_vécurent_une_vie.mp3,Ils vécurent une vie heureuse.
336056,Que_tu_réussisses_ou.mp3,Que tu réussisses ou pas repose sur tes propres efforts.
336050,La_radio_est_éteinte.mp3,La radio est éteinte.
335942,Regarde_cette_montag.mp3,Regarde cette montagne recouverte par la neige.
335941,Vous_pourrez_le_cont.mp3,Vous pourrez le contacter chez lui ce soir.
335940,Sa_mère_continuera_à.mp3,Sa mère continuera à travailler.
335939,À_partir_de_quand_en.mp3,À partir de quand en as-tu besoin ?
335927,J_ai_remercié_Marie_.mp3,J'ai remercié Marie pour son aide.
335926,Descendons_ici_.mp3,Descendons ici.
335925,Mon_père_va_de_mieux.mp3,Mon père va de mieux en mieux.
335924,Nous_avons_vu_beauco.mp3,Nous avons vu beaucoup de poissons vivants dans la mare.
335922,Si_le_temps_le_perme.mp3,"Si le temps le permet, nous partirons dans une heure."
335921,Il_est_faible_en_chi.mp3,Il est faible en chimie.
335916,Ce_bâtiment_gris__.mp3,Ce bâtiment gris ?
335915,Tu_ne_dois_pas_couri.mp3,Tu ne dois pas courir à l'intérieur des bâtiments de l'école.
335914,Tu_dois_commencer_su.mp3,Tu dois commencer sur-le-champ.
335909,Prends_autant_de_boî.mp3,Prends autant de boîtes que tu peux porter.
335908,Par_qui_a_été_invent.mp3,Par qui a été inventée cette machine ?
335907,Il_nous_trahit_en_di.mp3,Il nous trahit en disant à l'ennemi où nous nous trouvions.
335775,Est_ce_que_j_avais_t.mp3,Est-ce que j'avais tort ?
335749,Le_combat_est_termin.mp3,Le combat est terminé.
335741,Il_est_en_train_de_f.mp3,Il est en train de faire des cookies.
335734,On_n_y_peut_rien_.mp3,On n'y peut rien.
335731,Nous_n_avons_pas_le_.mp3,Nous n'avons pas le temps.
335729,J_ai_beaucoup_d_amis.mp3,J'ai beaucoup d'amis pour m'aider.
335728,Elle_me_raconta_une_.mp3,Elle me raconta une histoire intéressante.
335727,Nous_regardions_cet_.mp3,Nous regardions cet enfant jouer.
335726,La_chasse_d_eau_ne_m.mp3,La chasse d'eau ne marche pas correctement.
335725,Pas_de_mon_vivant__.mp3,Pas de mon vivant !
335707,Je_respecte_les_pers.mp3,Je respecte les personnes âgées.
335705,Des_milliers_de_pers.mp3,Des milliers de personnes voulaient connaître la réponse.
335682,As_tu_encore_besoin_.mp3,As-tu encore besoin de thé ?
335681,Le_garçon_a_une_pomm.mp3,Le garçon a une pomme dans sa poche.
335478,Qui_est_propriétaire.mp3,Qui est propriétaire de cette maison ?
335437,Laisse_moi_m_en_char.mp3,Laisse-moi m'en charger.
335379,Il_est_ce_qu_on_appe.mp3,Il est ce qu'on appelle un homme d'action.
335378,Elle_s_évanouit_quan.mp3,Elle s'évanouit quand elle vit du sang.
335377,Père_n_approuvera_ja.mp3,Père n'approuvera jamais mon mariage.
335376,Les_étudiants_ne_pur.mp3,Les étudiants ne purent donner une réponse.
335374,Si_je_venais_à_mouri.mp3,"Si je venais à mourir, qui s'occuperait de mes enfants ?"
335357,Le_café_était_tellem.mp3,Le café était tellement chaud que je n'ai pas pu le boire.
335356,Il_y_a_une_subtile_d.mp3,Il y a une subtile différence entre les deux mots.
335355,Tout_comme_le_corps_.mp3,"Tout comme le corps a besoin d'exercice, l'esprit a besoin de stimulation pour rester en bonne santé."
335354,Je_suis_fatigué_de_r.mp3,Je suis fatigué de regarder la télé.
335352,Je_suis_désolé_de_t_.mp3,Je suis désolé de t'amener tous ces ennuis.
335350,Je_veux_parler_à_M__.mp3,Je veux parler à M. Sato s'il vous plaît.
335349,N_importe_comment__c.mp3,"N'importe comment, c'est embêtant, n'est-ce pas ?"
335348,Il_n_eut_aucune_diff.mp3,Il n'eut aucune difficulté pour trouver la place.
335346,On_demande_usuelleme.mp3,On demande usuellement aux visiteurs de retirer leurs chaussures avant de rentrer dans une maison japonaise.
335343,Nous_avons_énormémen.mp3,Nous avons énormément de temps ce soir.
335340,Ils_s_adaptèrent_rap.mp3,Ils s'adaptèrent rapidement au changement.
335338,Le_docteur_n_est_pas.mp3,Le docteur n'est pas disponible maintenant.
335336,La_chambre_des_enfan.mp3,La chambre des enfants est mal rangée.
335335,Je_prendrai_une_coup.mp3,Je prendrai une coupe de champagne.
335333,Il_nia_avoir_pris_pa.mp3,Il nia avoir pris part au crime.
335331,Tout_le_monde_s_étai.mp3,Tout le monde s'était moqué de moi.
335329,Mike_aimait_beaucoup.mp3,Mike aimait beaucoup les animaux.
335305,Qu_est_ce_que_vous_a.mp3,Qu'est-ce que vous avez ?
335281,Bien_qu_elle_ait_été.mp3,"Bien qu'elle ait été très occupée, elle est quand même venue me voir partir."
335210,Personne_n_aime_la_g.mp3,Personne n'aime la guerre.
335203,J_ai_peur_de_mourir_.mp3,J'ai peur de mourir.
335074,Il_a_joué_au_tennis_.mp3,Il a joué au tennis.
334953,Une_tasse_de_thé__s_.mp3,"Une tasse de thé, s'il vous plait."
334930,Tu_aimes_quel_style_.mp3,Tu aimes quel style de musique ?
334899,Il_ne_savait_pas_bie.mp3,Il ne savait pas bien parler français.
334898,Hier_soir_nous_avons.mp3,Hier soir nous avons entendu le président parler à la télévision.
334896,Tu_devrais_enrichir_.mp3,Tu devrais enrichir ton esprit quand tu es jeune.
334895,Nous_avons_pris_des_.mp3,Nous avons pris des mesures fortes pour prévenir cela.
334893,J_ai_toujours_voulu_.mp3,J'ai toujours voulu te voir.
334891,Je_n_ai_rien_à_voir_.mp3,Je n'ai rien à voir avec ce crime.
334890,Elle_partit_faire_du.mp3,"Elle partit faire du shopping, laissant son jeune enfant tout seul."
334886,Je_me_suis_assis_à_c.mp3,Je me suis assis à côté de lui.
334885,L_île_est_au_sud_du_.mp3,L'île est au sud du Japon.
334884,Le_spectacle_était_v.mp3,Le spectacle était vraiment intéressant. Tu aurais dû venir le voir.
334880,Ta_conduite_est_parf.mp3,Ta conduite est parfaitement légale.
334879,Voulez_vous_un_peu_p.mp3,Voulez-vous un peu plus de thé ?
334877,Cette_lettre_a_t_ell.mp3,Cette lettre a-t-elle été écrite par Mary ?
334875,Le_courant_de_cette_.mp3,Le courant de cette rivière est rapide.
334874,Les_mesures_préventi.mp3,Les mesures préventives sont beaucoup plus efficaces que le traitement lui-même.
334873,Il_s_est_marié_à_une.mp3,Il s'est marié à une hôtesse de l'air.
334860,Il_est_méchant_.mp3,Il est méchant.
334856,Elle_prend_des_leçon.mp3,Elle prend des leçons de piano une fois par semaine.
334853,Nous_avons_envoyé_le.mp3,Nous avons envoyé les invitations hier.
334851,Il_maria_sa_fille_à_.mp3,Il maria sa fille à un banquier.
334849,Je_garde_en_tête_que.mp3,Je garde en tête que les malheurs n'arrivent jamais seuls.
334847,J_aimerais_visiter_t.mp3,J'aimerais visiter ton pays un de ces jours.
334846,Ce_prix_n_est_pas_ra.mp3,Ce prix n'est pas raisonnable.
334844,Le_baseball_ne_l_int.mp3,Le baseball ne l'intéresse pas beaucoup.
334842,Nous_avons_une_bonne.mp3,Nous avons une bonne vue sur la mer depuis la fenêtre.
334837,Où_puis_je_avoir_une.mp3,Où puis-je avoir une carte téléphonique ?
334834,La_pluie_commença_à_.mp3,La pluie commença à tomber.
334832,Deux_détectives_suiv.mp3,Deux détectives suivirent le suspect.
334829,Il_dit_qu_il_avait_p.mp3,Il dit qu'il avait peur qu'il ne pleuve.
334826,Ils_m_accusèrent_de_.mp3,Ils m'accusèrent de ne pas avoir tenu ma promesse.
334825,Puis_je_jeter_un_œil.mp3,Puis-je jeter un œil au magazine ?
334823,Comment_se_fait_il_q.mp3,Comment se fait-il que tu ne le saches pas ?
334821,Il_est_temps_que_tu_.mp3,Il est temps que tu abandonnes tes manières puériles.
334819,La_fumée_montait_par.mp3,La fumée montait par la cheminée.
334815,Cela_coûtera_trente_.mp3,Cela coûtera trente mille yens selon la plus faible estimation.
334813,Tu_ne_devrais_pas_li.mp3,Tu ne devrais pas lire les lettres privées des gens sans permission.
334811,Nous_en_savons_peu_s.mp3,Nous en savons peu sur son histoire personnelle.
334809,Dis_moi_comment_il_l.mp3,Dis-moi comment il l'a eu.
334807,Dans_des_temps_durs_.mp3,"Dans des temps durs comme ceux-ci, aucun effort ordinaire ne peut sortir notre compagnie du rouge."
334805,Elle_aime_quand_un_g.mp3,Elle aime quand un garçon la regarde.
334803,Il_n_y_a_rien_de_bon.mp3,Il n'y a rien de bon d'en parler.
334801,Qui_es_tu_pour_me_di.mp3,Qui es-tu pour me dire de partir ?
334797,J_étais_sur_le_point.mp3,J'étais sur le point de partir quand la cloche d'entrée sonna.
334776,Je_ne_fais_jamais_un.mp3,Je ne fais jamais un discours sans être nerveux.
334774,Si_je_l_avais_su__je.mp3,"Si je l'avais su, je ne lui aurais jamais dit de telles choses."
334770,Nous_avons_deux_fill.mp3,Nous avons deux filles.
334769,Quel_sujet_penses_tu.mp3,Quel sujet penses-tu l'intéresse ?
334768,Les_enfants_doivent_.mp3,Les enfants doivent aller au lit sans regarder la télévision.
334767,Je_pris_une_veste_pa.mp3,Je pris une veste parce qu'il faisait un peu frais ce matin.
334766,Le_bateau_de_pêche_q.mp3,Le bateau de pêche qui avait été perdu est retourné à son port sain et sauf.
334764,Son_long_discours_m_.mp3,Son long discours m'a ennuyé.
334762,Le_seigneur_avait_un.mp3,Le seigneur avait un pouvoir absolu sur ses sujets.
334760,Son_sac_est_juste_ic.mp3,"Son sac est juste ici, donc il ne peut pas être déjà parti à l'école."
334759,Il_dévora_son_repas_.mp3,Il dévora son repas.
334758,C_est_pratique_pour_.mp3,C'est pratique pour moi de te voir ce soir à dix heures.
334755,Elle_est_non_seuleme.mp3,Elle est non seulement belle mais aussi intelligente.
334752,Elle_a_essayé_divers.mp3,Elle a essayé diverses méthodes pour maigrir.
334750,Les_conduites_danger.mp3,Les conduites dangereuses devraient être punies.
334747,Tu_peux_partir_ou_re.mp3,"Tu peux partir ou rester, comme tu le souhaites."
334746,Neigera_t_il_ce_soir.mp3,Neigera-t-il ce soir ?
334745,Tu_peux_identifier_l.mp3,Tu peux identifier la voix des enfants sans le moindre problème.
334744,L_âge_des_deux_enfan.mp3,L'âge des deux enfants additionné ensemble était égale à celui de leur père.
334741,Qui_l_a_construit__.mp3,Qui l'a construit ?
334739,La_Terre_a_une_forme.mp3,La Terre a une forme similaire à celle d'une orange.
334738,Je_ne_l_ai_pas_invit.mp3,Je ne l'ai pas invité à la fête. Je me sens coupable de ça.
334735,La_seule_ressource_p.mp3,La seule ressource plus précieuse que n'importes quelles autres était la terre.
334731,Tu_ne_dois_pas_fumer.mp3,Tu ne dois pas fumer pendant que tu travailles.
334730,La_persévérance__com.mp3,"La persévérance, comme vous le savez, est la clé du succès."
334728,Non_seulement_eux__m.mp3,"Non seulement eux, mais moi aussi je fus puni par le professeur."
334724,Les_profits_des_agen.mp3,Les profits des agences de voyages explosèrent.
334722,On_doit_respecter_le.mp3,On doit respecter les règles.
334720,Elle_aimait_ses_enfa.mp3,Elle aimait ses enfants pareil.
334719,Il_y_a_une_pomme_sur.mp3,Il y a une pomme sur la table.
334718,Je_n_arrive_pas_à_ar.mp3,Je n'arrive pas à arrêter de penser à l'argent volé.
334717,Il_est_toujours_en_t.mp3,Il est toujours en train de se plaindre que sa chambre est petite.
334715,Nous_avons_été_incap.mp3,Nous avons été incapables de les joindre jusqu'à ce qu'il soit trop tard.
334714,J_ai_besoin_de_savoi.mp3,J'ai besoin de savoir pour demain.
334686,Je_veux_que_ce_trava.mp3,Je veux que ce travail soit fini demain à 14 heures.
334684,Tom_sait_parler_alle.mp3,Tom sait parler allemand aussi bien qu'anglais.
334682,Fumer_a_touché_ses_p.mp3,Fumer a touché ses poumons.
334681,Je_reste_à_l_hôtel_p.mp3,Je reste à l'hôtel pour le moment.
334678,Bois_ta_soupe_tant_q.mp3,Bois ta soupe tant qu'elle est chaude.
334676,Je_promène_mon_chien.mp3,Je promène mon chien dans le parc tous les matins.
334675,Tu_dois_étudier_plus.mp3,Tu dois étudier plus.
334673,Les_policiers_leur_d.mp3,"Les policiers leur dirent ""Stop""."
334671,Tu_ne_peux_pas_boire.mp3,Tu ne peux pas boire l'eau de mer car elle est trop salée.
334670,Nous_vivions_ici_dep.mp3,Nous vivions ici depuis dix ans quand la guerre éclata.
334669,Un_homme_doit_travai.mp3,Un homme doit travailler.
334666,Travaille_dur__et_tu.mp3,"Travaille dur, et tu réussiras ton examen."
334665,L_anglais_n_est_pas_.mp3,"L'anglais n'est pas facile, mais c'est intéressant."
334664,Il_est_sûrement_en_r.mp3,Il est sûrement en retard pour l'école.
334660,Je_veux_que_tu_m_att.mp3,Je veux que tu m'attendes jusqu'à ce que je sorte du travail à 7 heures.
334658,Mon_père_a_déjà_arrê.mp3,Mon père a déjà arrêté de fumer et de boire.
334655,L_oiseau_était_couve.mp3,L'oiseau était couvert de plumes blanches.
334652,Puis_je_me_reposer_u.mp3,Puis-je me reposer un peu ?
334651,As_tu_déjà_visité_Ky.mp3,As-tu déjà visité Kyoto ?
334649,Il_y_avait_beaucoup_.mp3,Il y avait beaucoup de monde au concert.
334629,Que_veut_faire_ton_f.mp3,Que veut faire ton fils quand il sera grand ?
334592,L_industrie_telle_qu.mp3,L'industrie telle que nous la connaissons aujourd'hui n'existait pas à cette époque.
334591,Le_garçon_qui_joue_d.mp3,Le garçon qui joue de la guitare est mon frère.
334590,Avez_vous_déjà_eu_un.mp3,Avez-vous déjà eu une maladie grave ?
334589,Essaie_d_être_génére.mp3,Essaie d'être généreux et pardonne.
334588,Elle_est_morte_paisi.mp3,Elle est morte paisiblement dans son sommeil.
334587,À_ce_propos__l_as_tu.mp3,"À ce propos, l'as-tu vu dernièrement ?"
334586,Le_garçon_que_j_aime.mp3,Le garçon que j'aime ne m'aime pas.
334585,Vas_tu_visiter_d_aut.mp3,Vas-tu visiter d'autres pays ?
334584,Il_y_avait_deux_gâte.mp3,Il y avait deux gâteaux.
334583,Nous_sommes_arrivés_.mp3,"Nous sommes arrivés ici rapidement, n'est-ce pas ?"
334574,Ce_style_de_chapeau_.mp3,Ce style de chapeau est à la mode en ce moment.
334573,Es_tu_déjà_allé_à_Ha.mp3,Es-tu déjà allé à Hawaï ?
334572,Le_chien_est_appelé_.mp3,Le chien est appelé 'Spot' par la famille.
334571,Dans_quel_but_est_il.mp3,Dans quel but est-il venu ici ?
334570,Il_y_a_un_chemin_à_t.mp3,Il y a un chemin à travers les champs.
334569,Il_est_diplômé_de_Ca.mp3,Il est diplômé de Cambridge avec mention.
334568,Je_comprends_ce_que_.mp3,Je comprends ce que tu ressens.
334567,Le_problème_est_comm.mp3,Le problème est comment gérons-nous les difficultés actuelles ?
334559,Inutile_de_me_menace.mp3,"Inutile de me menacer, je ne dirai rien."
334558,Ce_travail_ne_paie_p.mp3,Ce travail ne paie pas.
334557,Je_devrais_arrêter_l.mp3,Je devrais arrêter la procrastination.
334522,Je_me_suis_senti_trè.mp3,Je me suis senti très gêné.
334521,Je_me_sentais_seul_.mp3,Je me sentais seul.
334520,Je_me_sentais_très_h.mp3,Je me sentais très heureux.
334519,J_avais_envie_de_ple.mp3,J'avais envie de pleurer.
334516,Nous_avons_une_bonne.mp3,Nous avons une bonne nouvelle.
334513,Il_y_est_allé_en_bic.mp3,Il y est allé en bicyclette.
334509,C_est_ma_bicyclette_.mp3,C'est ma bicyclette.
334412,Quoi_de_beau__.mp3,Quoi de beau ?
334370,Prenez_votre_temps_.mp3,Prenez votre temps.
334359,C_est_mon_dictionnai.mp3,C'est mon dictionnaire.
334353,Il_fait_très_humide_.mp3,"Il fait très humide ici en été, de l'autre côté, il fait très sec en hiver."
334351,Que_fais_tu__.mp3,Que fais-tu ?
334350,Il_nous_donna_non_se.mp3,"Il nous donna non seulement des habits, mais aussi un peu d'argent."
334348,Je_ne_lis_pas_trop_l.mp3,Je ne lis pas trop les journaux.
334347,Les_gens_ici_sont_ac.mp3,Les gens ici sont accoutumés au froid.
334346,Quels_sont_tes_point.mp3,Quels sont tes points forts ?
334345,C_est_l_homme_le_plu.mp3,C'est l'homme le plus grand que j'ai jamais vu.
334344,Elle_dépense_la_plup.mp3,Elle dépense la plupart de son argent dans ses robes.
334335,Elle_parlait_d_une_v.mp3,Elle parlait d'une voix douce.
334316,La_nouvelle_se_répan.mp3,La nouvelle se répandit petit à petit.
334315,Y_a_t_il_quelque_cho.mp3,Y a-t-il quelque chose que je doive faire ?
334314,Ils_eurent_un_air_so.mp3,Ils eurent un air soulagé seulement quand il fut en mouvement.
334313,J_ai_peur_des_trembl.mp3,J'ai peur des tremblements de terre.
334312,Ils_répondirent_diff.mp3,Ils répondirent difficilement à la question de leur professeur.
334311,Je_m_arrangerai_pour.mp3,Je m'arrangerai pour que quelqu'un vienne te chercher chez toi.
334310,Comment_c_est_dans_u.mp3,Comment c'est dans une école privée ?
334308,Cela_te_coutera_100_.mp3,Cela te coutera 100$ pour un vol vers l'île.
334307,Tu_as_fait_une_erreu.mp3,Tu as fait une erreur.
334306,J_ai_des_lèvres_crev.mp3,J'ai des lèvres crevassées.
334305,Elle_a_une_rose_dans.mp3,Elle a une rose dans la main.
334303,Ton_nouvel_ordinateu.mp3,Ton nouvel ordinateur marche bien ?
334296,Je_doute_qu_il_vienn.mp3,Je doute qu'il vienne.
334295,Tu_peux_te_blesser_s.mp3,Tu peux te blesser si tu ne suis pas les procédures de sécurité.
334294,Bientôt__la_cité_fut.mp3,"Bientôt, la cité fut occupée par les soldats."
334293,Nous_devons_aller_à_.mp3,Nous devons aller à l'école.
334292,Elle_dit_qu_elle_éta.mp3,Elle dit qu'elle était heureuse.
334291,Il_a_beaucoup_changé.mp3,Il a beaucoup changé de look.
334290,Elle_n_a_pas_encore_.mp3,Elle n'a pas encore entendu la nouvelle.
334289,Il_a_été_récompensé_.mp3,Il a été récompensé par une médaille d'or une fois.
334287,Le_docteur_lui_dit_q.mp3,Le docteur lui dit qu'elle devrait se reposer.
334286,Le_tien_est_par_là_b.mp3,Le tien est par là-bas.
334273,J_ai_bien_peur_de_ne.mp3,J'ai bien peur de ne pas être du même avis que toi sur ce point.
334272,Nous_vîmes_l_enfant_.mp3,Nous vîmes l'enfant monter dans le bus.
334271,Nous_restâmes_silenc.mp3,Nous restâmes silencieux.
334270,Macbeth_de_Shakespea.mp3,Macbeth de Shakespeare est une tragédie.
334269,Il_est_vrai_qu_il_eu.mp3,Il est vrai qu'il eut tout bon à l'examen.
334265,Que_prends_tu_au_pet.mp3,Que prends-tu au petit-déjeuner ?
334249,Mary_n_est_pas_pauvr.mp3,"Mary n'est pas pauvre, au contraire, elle est plutôt riche."
334246,Elle_était_capable_d.mp3,"Elle était capable de répondre, qu'importe ce qui était demandé."
334245,Tu_avais_bon_après_t.mp3,Tu avais bon après tout.
334244,Ce_weekend__si_possi.mp3,"Ce weekend, si possible."
334241,Mon_père_est_dans_un.mp3,Mon père est dans un bon état depuis son opération.
334230,Père_est_sorti__mais.mp3,"Père est sorti, mais Mère est à la maison."
334229,Mon_père_est_un_chir.mp3,Mon père est un chirurgien expert.
334203,L_Angleterre_est_fiè.mp3,L'Angleterre est fière de ses poètes.
334196,Nous_nageâmes_dans_l.mp3,Nous nageâmes dans le lac.
334194,Cette_histoire_de_sc.mp3,Cette histoire de science-fiction semble intéressante. Me la prêteras-tu quand tu auras fini de la lire ?
334193,Je_veux_me_marier_av.mp3,Je veux me marier avec une fille comme elle.
334191,Elle_aimait_le_tenni.mp3,Elle aimait le tennis et devint coach.
334190,Taro_a_un_grand_sens.mp3,Taro a un grand sens des responsabilités.
334148,Ils_doivent_travaill.mp3,Ils doivent travailler 8 heures par jour.
334147,Je_me_suis_marié_il_.mp3,Je me suis marié il y a 8 ans.
334144,Au_mieux_il_aura_peu.mp3,Au mieux il aura peut-être la troisième place.
334143,Que_dis_tu_si_on_sor.mp3,Que dis-tu si on sort dîner ce soir ?
334135,N_oublie_pas_le_fait.mp3,N'oublie pas le fait que fumer est mauvais pour ta santé.
334134,Rien_n_est_aussi_imp.mp3,Rien n'est aussi important que la paix.
334133,J_ai_été_piqué_par_u.mp3,J'ai été piqué par une abeille.
334132,Je_suis_aussi_fatigu.mp3,Je suis aussi fatigué que l'on peut l'être.
334131,Je_me_demande_où_ell.mp3,Je me demande où elle est partie.
334103,L_eau_devient_solide.mp3,L'eau devient solide quand elle gèle.
334101,Elle_doit_avoir_plus.mp3,Elle doit avoir plus de 80 ans.
334098,Je_me_demande_ce_que.mp3,Je me demande ce que veut dire cette phrase.
334095,Je_ne_suis_pas_du_to.mp3,Je ne suis pas du tout fatigué.
334094,Peux_tu_me_prêter_to.mp3,Peux-tu me prêter ton vélo ?
334092,Je_ne_suis_jamais_al.mp3,Je ne suis jamais allé en Europe.
334091,Enseigner_l_anglais_.mp3,Enseigner l'anglais est sa profession.
334088,Ils_s_entraidèrent_p.mp3,Ils s'entraidèrent pour faire du festival de l'école un succès.
334087,L_homme_assis_à_côté.mp3,L'homme assis à côté de moi me parla.
334086,Combien_de_temps_cel.mp3,Combien de temps cela met-il pour marcher jusqu'à la gare ?
334081,Je_n_avais_aucune_id.mp3,Je n'avais aucune idée que cela te causerait autant de problèmes.
334078,J_ai_dit_qu_il_pourr.mp3,J'ai dit qu'il pourrait pleuvoir.
334076,Elle_aime_cuisiner_p.mp3,Elle aime cuisiner pour sa famille.
334070,Elle_donnera_sa_phot.mp3,Elle donnera sa photo à qui la veut.
334066,Ne_pleure_plus_comme.mp3,Ne pleure plus comme un enfant.
334063,Je_veux_te_faire_tra.mp3,Je veux te faire travailler plus dur.
334062,Penses_tu_qu_il_est_.mp3,Penses-tu qu'il est bien pour la place ?
334061,Je_n_avais_jamais_vu.mp3,Je n'avais jamais vu ce genre de poisson jusqu'à maintenant.
334060,Quelques_plantes_ne_.mp3,Quelques plantes ne s'adaptent pas au froid.
334056,Il_est_toujours_en_t.mp3,Il est toujours en train de rire.
334055,Je_pense_qu_il_m_est.mp3,Je pense qu'il m'est impossible d'écrire une nouvelle en français.
334054,Je_partais_de_chez_m.mp3,Je partais de chez moi quand Tom me téléphona.
334025,Elle_semblait_plus_b.mp3,Elle semblait plus belle que jamais.
334024,Il_eut_l_amabilité_d.mp3,Il eut l'amabilité de me conduire à l'hôpital.
334023,Les_politiciens_ne_n.mp3,Les politiciens ne nous disent jamais leurs arrières-pensées.
334021,Ce_ticket_est_valabl.mp3,Ce ticket est valable pendant trois mois.
334020,Les_transports_moder.mp3,Les transports modernes nous permettent de faire le tour du monde en quelques jours.
334019,À_la_lumière_de_ce_q.mp3,"À la lumière de ce que tu nous as dit, je pense que nous devrions revoir notre plan."
334017,Je_n_ai_pas_les_moye.mp3,Je n'ai pas les moyens d'acheter cela.
334016,Il_est_en_harmonie_a.mp3,Il est en harmonie avec tous ses camarades.
334015,Il_commença_à_cherch.mp3,Il commença à chercher un travail.
334014,Mets_tes_chaussures_.mp3,Mets tes chaussures et allons dîner.
334013,Ken_cria_à_l_aide_.mp3,Ken cria à l'aide.
334012,Pourriez_vous_me_mon.mp3,"Pourriez-vous me montrer cette jupe, s'il vous plaît ?"
334011,Elle_me_dit_que_sa_m.mp3,Elle me dit que sa mère l'avait acheté pour elle.
334010,Tout_le_monde_joue_a.mp3,Tout le monde joue au jeu de l'amour.
334009,Elle_épousa_un_homme.mp3,Elle épousa un homme riche.
334008,Quand_il_partit_à_la.mp3,"Quand il partit à la retraite, son fils reprit son affaire."
334007,Il_n_est_plus_ce_qu_.mp3,Il n'est plus ce qu'il était avant.
334006,Le_pays_en_entier_ét.mp3,Le pays en entier était couvert de neige.
334005,Ma_sœur_ressemble_à_.mp3,Ma sœur ressemble à ma mère.
334004,J_ai_attendu_un_des_.mp3,J'ai attendu un des amis pendant une heure.
334003,Il_y_a_un_arrêt_de_b.mp3,Il y a un arrêt de bus pas loin.
334002,Vivre_en_ville_est_a.mp3,Vivre en ville est assez différent de vivre à la campagne.
334001,Il_a_enduré_plus_de_.mp3,Il a enduré plus de sacrifices pour l'Amérique que la plupart d'entre nous peuvent à peine imaginer.
334000,Cela_me_prendra_20_m.mp3,Cela me prendra 20 minutes pour aller jusqu'à la gare en taxi.
333999,L_horloge_ne_marche_.mp3,L'horloge ne marche pas.
333996,J_ai_un_léger_mal_de.mp3,J'ai un léger mal de tête à présent.
333995,Le_garçon_nia_avoir_.mp3,Le garçon nia avoir volé le vélo.
333993,Il_dort_le_jour_et_t.mp3,Il dort le jour et travaille la nuit.
333987,Je_suis_allé_pêcher_.mp3,Je suis allé pêcher dans la rivière hier.
333986,Tu_en_as_peut_être_e.mp3,Tu en as peut-être entendu parler.
333985,Combien_de_temps_com.mp3,Combien de temps comptes-tu rester dans ce pays ?
333983,La_pluie_dura_une_se.mp3,La pluie dura une semaine.
333979,Alice_est_enrhumée_d.mp3,Alice est enrhumée depuis dimanche dernier.
333975,C_est_un_casse_tête_.mp3,C'est un casse-tête de décider quoi mettre pour la fête.
333971,J_espère_que_tout_ir.mp3,J'espère que tout ira bien à la fin.
333970,Quelqu_un_m_a_t_il_a.mp3,Quelqu'un m'a-t-il appelé pendant que j'étais sorti ?
333967,Peux_tu_me_dire_ce_q.mp3,Peux-tu me dire ce que c'est ?
333965,Ogai_est_son_auteur_.mp3,Ogai est son auteur préféré.
333964,La_voilà__.mp3,La voilà !
333963,Il_est_grand__gros__.mp3,"Il est grand, gros, et toujours occupé."
333961,La_cheminée_manquant.mp3,"La cheminée manquant de bois de chauffage, les flammes ont déjà commencé à perdre de leur vigueur."
333960,Le_poisson_et_le_vin.mp3,Le poisson et le vin rouge ne vont pas bien ensemble.
333958,Le_chien_vint_vers_m.mp3,Le chien vint vers moi en courant.
333956,L_Irlande_et_l_Angle.mp3,L'Irlande et l'Angleterre sont séparées par la mer.
333955,Le_typhon_est_parti_.mp3,Le typhon est parti.
333952,La_piscine_est_utili.mp3,La piscine est utilisée en commun par tous les enfants du voisinage.
333950,Cela_fera_deux_ans_q.mp3,Cela fera deux ans que nous vivons ici avril prochain.
333949,La_Suisse_est_située.mp3,"La Suisse est située entre la France, l'Italie, l'Autriche et l'Allemagne."
333948,Elle_vécut_une_longu.mp3,Elle vécut une longue vie.
333937,Ken_était_il_à_la_ma.mp3,Ken était-il à la maison hier ?
333936,Il_sait_comment_fair.mp3,Il sait comment faire une radio.
333935,Personne_ne_crut_ce_.mp3,Personne ne crut ce que je dis.
333934,C_est_sur_ce_point_q.mp3,C'est sur ce point que nos opinions diffèrent.
333933,La_moyenne_de_taille.mp3,La moyenne de taille des filles de la classe est au-dessus de 1 mètre 55.
333932,Ça_te_gêne_si_j_ouvr.mp3,Ça te gêne si j'ouvre la fenêtre ?
333931,Punir_les_mauvais_et.mp3,Punir les mauvais et sauver les faibles.
333930,Mis_à_part_les_carot.mp3,"Mis à part les carottes, il n'y a rien qu'il ne mange pas."
333929,Pleuvra_t_il_demain_.mp3,Pleuvra-t-il demain ?
333926,Elle_rassemble_du_ma.mp3,Elle rassemble du matériel pour un livre.
333914,Je_me_dépêchai_pour_.mp3,Je me dépêchai pour avoir le premier train.
333913,L_incident_sema_les_.mp3,L'incident sema les germes de la guerre.
333890,Un_bon_fils_est_touj.mp3,Un bon fils est toujours soucieux de plaire à ses parents.
333889,Il_n_y_a_jamais_eu_d.mp3,Il n'y a jamais eu de bonne guerre ni de mauvaise paix.
333888,Je_partis_tôt_de_che.mp3,Je partis tôt de chez moi afin d'avoir une bonne place.
333887,Il_gara_sa_voiture_d.mp3,Il gara sa voiture devant le bâtiment.
333886,Il_ne_peut_pas_achet.mp3,"Il ne peut pas acheter une voiture, encore moins une maison."
333885,Il_est_en_train_d_ap.mp3,Il est en train d'apprendre comment conduire une voiture.
333884,Il_plaça_les_skis_su.mp3,Il plaça les skis sur le dessus de la voiture.
333883,Il_confirma_que_quel.mp3,Il confirma que quelque chose n'allait pas avec sa voiture.
333882,C_est_un_mauvais_con.mp3,C'est un mauvais conducteur.
333881,Je_veux_un_bateau_qu.mp3,Je veux un bateau qui m'emmènera très loin d'ici.
333880,Les_réfugiés_en_Afri.mp3,Les réfugiés en Afrique recherchent de l'aide.
333879,Mes_doigts_sont_tell.mp3,Mes doigts sont tellement engourdis par le froid que je n'arrive pas à jouer du piano.
333878,J_ai_besoin_de_médic.mp3,J'ai besoin de médicament pour tuer la douleur.
333877,Je_serai_très_heureu.mp3,Je serai très heureux de pouvoir te servir.
333876,On_dirait_que_Jiro_a.mp3,On dirait que Jiro a raté son train.
333875,Je_ne_connaissais_pa.mp3,"Je ne connaissais pas la ville, et qui plus est, je ne savais pas un mot de la langue."
333874,M__Johnson__le_prési.mp3,"M. Johnson, le président du club, viendra bientôt."
333873,Cette_bombe_peut_tue.mp3,Cette bombe peut tuer beaucoup de personnes.
333872,N_importe_qui_sera_m.mp3,N'importe qui sera mieux que personne.
333862,Le_jour_du_festival_.mp3,Le jour du festival coïncide avec celui de l'examen.
333861,Je_ne_pense_pas_qu_e.mp3,Je ne pense pas qu'elle ressemble à sa mère.
333860,À_demain_au_bureau_.mp3,À demain au bureau.
333831,Nous_espérons_invite.mp3,Nous espérons inviter Peter au Japon dans un futur proche.
333830,Je_n_ai_pas_envie_de.mp3,Je n'ai pas envie de faire une marche ce matin.
333829,Cet_ami__lequel_je_p.mp3,"Cet ami, lequel je pensais aurait réussi cet examen, l'a échoué."
333828,Le_caméscope_était_e.mp3,Le caméscope était essentiel pour moi.
333827,La_coupe_des_Beatles.mp3,La coupe des Beatles fit sensation.
333826,Ils_partirent_avec_u.mp3,Ils partirent avec un guide juste au cas où ils se perdraient.
333825,Nous_l_avons_élue_ca.mp3,Nous l'avons élue capitaine de notre équipe.
333824,Je_le_connais_de_nom.mp3,"Je le connais de nom, mais pas de visage."
333823,Bien__je_dois_partir.mp3,"Bien, je dois partir."
333796,Hier_elle_a_vu_un_ho.mp3,Hier elle a vu un homme très grand.
333795,Il_laissa_à_sa_fille.mp3,Il laissa à sa fille une grande fortune.
333794,Notre_tâche_a_été_ai.mp3,"Notre tâche a été aisée jusqu'ici, mais à partir de maintenant cela va être difficile."
333756,Dis_le_en_anglais_.mp3,Dis-le en anglais.
333753,La_glace_sur_le_lac_.mp3,La glace sur le lac est trop fine pour supporter ton poids.
333750,Un_homme_doit_être_h.mp3,Un homme doit être honnête.
333744,Résous_le_mystère_qu.mp3,Résous le mystère qui se cache derrière le meurtre.
333743,Qui_lui_apprit_comme.mp3,Qui lui apprit comment parler anglais ?
333741,Aimes_tu_la_musique_.mp3,Aimes-tu la musique ?
333740,Ils_fournirent_à_la_.mp3,Ils fournirent à la bibliothèque de nombreux livres.
333739,Il_le_nota_dans_son_.mp3,Il le nota dans son carnet.
333738,Y_a_t_il_quelqu_un_q.mp3,Y a-t-il quelqu'un qui puisse prononcer ce mot ?
333737,La_nouvelle_robe_lui.mp3,La nouvelle robe lui plut.
333733,Je_suis_triste_.mp3,Je suis triste.
333732,Ce_n_est_pas_parce_q.mp3,Ce n'est pas parce qu'un livre n'intéresse pas les lecteurs que la faute se situe forcément dans le livre.
333727,Grâce_au_développeme.mp3,"Grâce au développement de l'agronomie, la production mondiale en nourriture a pu réussir à suivre la croissance de la population, mais seulement au détriment du futur."
333724,Elle_parla_puérileme.mp3,Elle parla puérilement.
333723,Marque_les_mots_que_.mp3,Marque les mots que tu n'arrives pas à comprendre.
333722,Ce_n_est_pas_grave_.mp3,Ce n'est pas grave.
333721,Il_aime_beaucoup_le_.mp3,Il aime beaucoup le baseball.
333720,Je_travaille_tous_le.mp3,Je travaille tous les jours à des heures différentes.
333719,N_importe_quelle_tâc.mp3,N'importe quelle tâche peut devenir pénible.
333717,Ça_ne_peut_être_qu_u.mp3,Ça ne peut être qu'un gentleman pour agir ainsi.
333714,Aucun_de_mes_camarad.mp3,Aucun de mes camarades de classe ne vit près d'ici.
333707,C_est_cruel_de_sa_pa.mp3,C'est cruel de sa part que de lui dire de telles choses.
333706,Il_était_debout_au_c.mp3,Il était debout au coin de la rue.
333703,Ne_laisse_plus_jamai.mp3,Ne laisse plus jamais cela arriver !
333702,Elle_garde_des_anima.mp3,Elle garde des animaux de compagnie variés.
333699,Toute_la_classe_est_.mp3,Toute la classe est présente une fois par semaine.
333697,Il_la_connut_par_le_.mp3,"Il la connut par le passé, mais à présent ils ne sont plus amis."
333696,Mon_oncle_m_a_donné_.mp3,Mon oncle m'a donné une jolie montre.
333695,Nous_ne_soutiendrons.mp3,Nous ne soutiendrons jamais le terrorisme.
333694,Il_l_embrassa__les_y.mp3,"Il l'embrassa, les yeux fermés."
333693,Tout_le_monde_sait_q.mp3,Tout le monde sait que la joie est dans le contentement.
333692,Il_est_celui_qui_tra.mp3,Il est celui qui travaille le plus dur dans sa classe.
333691,Tu_ne_devrais_pas_ga.mp3,Tu ne devrais pas gaspiller ton temps.
333690,Je_n_aime_pas_la_faç.mp3,Je n'aime pas la façon dont tu te moques d'elle.
333689,Elle_est_secrétaire_.mp3,Elle est secrétaire au supermarché.
333688,Elle_adore_les_anima.mp3,Elle adore les animaux.
333687,Ce_n_est_pas_facile_.mp3,Ce n'est pas facile de discerner le bien du mal.
333686,Cette_soupe_est_trop.mp3,Cette soupe est trop salée.
333685,Elle_est_sympathique.mp3,Elle est sympathique avec tout le monde.
333684,Ne_dissimule_pas_ce_.mp3,Ne dissimule pas ce que tu ressens à propos de cela.
333683,C_est_une_bonne_chos.mp3,C'est une bonne chose que de lire de bons livres quand on est jeune.
333681,À_quoi_font_allusion.mp3,À quoi font allusion ses paroles ?
333680,Cette_nouvelle_la_re.mp3,Cette nouvelle la rendit heureuse.
333582,Le_gouvernement_de_c.mp3,Le gouvernement de ce pays oppresse son peuple.
333580,Tu_aurais_mieux_fait.mp3,Tu aurais mieux fait d'aller à l'infirmerie.
333578,Regarder_les_oiseaux.mp3,Regarder les oiseaux est un loisir sympa.
333576,J_ai_la_gorge_sèche_.mp3,J'ai la gorge sèche.
333574,Faisons_une_pause_ma.mp3,Faisons une pause maintenant.
333571,Le_conflit_entre_les.mp3,Le conflit entre les blancs et les noirs dans la ville s'empira.
333570,Nous_considérâmes_ce.mp3,Nous considérâmes ce rapport comme faux.
333568,Nous_étions_dans_le_.mp3,Nous étions dans le rouge l'année dernière.
333566,Un_vrai_gentleman_ne.mp3,Un vrai gentleman ne trahit pas ses amis.
333564,Beaucoup_d_hirondell.mp3,Beaucoup d'hirondelles viendront bientôt du sud.
333560,Elle_dépensa_une_bon.mp3,Elle dépensa une bonne partie de son argent durant ses congés.
333558,Quel_est_ce_gros_bât.mp3,Quel est ce gros bâtiment en face de nous ?
333557,Il_devint_fou_en_ent.mp3,Il devint fou en entendant l'histoire.
333555,Mon_père_est_vraimen.mp3,Mon père est vraiment très impliqué dans la bourse à présent.
333553,Un_architecte_connu_.mp3,Un architecte connu a construit cette maison.
333552,C_est_la_structure_l.mp3,C'est la structure la plus massive que j'ai jamais vue.
333551,Que_ferais_tu__si_tu.mp3,"Que ferais-tu, si tu avais un million de dollars ?"
333550,Es_tu_occupé_aujourd.mp3,Es-tu occupé aujourd'hui ?
333549,D_accord__mais_dînon.mp3,"D'accord, mais dînons d'abord."
333547,Je_ne_serai_pas_chez.mp3,Je ne serai pas chez moi dimanche prochain.
333546,Sa_grande_sœur_est_p.mp3,Sa grande sœur est plus âgée que mon grand frère.
333545,Arrête_de_fumer_si_t.mp3,Arrête de fumer si tu veux vivre longtemps.
333544,Et_surtout__fais_att.mp3,"Et surtout, fais attention à ce que tu manges et à ce que tu bois."
333541,Il_était_présent_à_l.mp3,Il était présent à la réunion.
333540,J_espère_que_je_devi.mp3,J'espère que je deviendrai dentiste.
333536,Il_me_dit_quand_dire.mp3,Il me dit quand dire oui.
333533,Elle_aida_son_père_à.mp3,Elle aida son père à faire le travail dans le jardin.
333523,Il_était_horriblemen.mp3,Il était horriblement pauvre quand il était jeune.
333522,Nous_déjeunâmes_à_se.mp3,Nous déjeunâmes à sept heures.
333521,Son_docteur_lui_ordo.mp3,Son docteur lui ordonna de se reposer.
333520,Le_président_refusa_.mp3,Le président refusa de répondre à la question.
333519,Il_peignit_son_vélo_.mp3,Il peignit son vélo en rouge.
333518,J_espère_que_je_vivr.mp3,J'espère que je vivrai près de chez toi.
333517,La_fête_fut_reportée.mp3,La fête fut reportée d'une semaine.
333516,On_est_en_train_de_p.mp3,On est en train de parler du problème en ce moment.
333515,Mike_et_sa_sœur_save.mp3,"Mike et sa sœur savent parler français, mais pas le japonais."
333514,Mettons_en_ordre_le_.mp3,Mettons en ordre le bureau.
333513,Quand_on_nous_dit_de.mp3,"Quand on nous dit de ne pas venir, nous avons encore plus envie de partir."
333439,Il_a_agi_sagement_.mp3,Il a agi sagement.
333430,Pour_faire_un_gâteau.mp3,"Pour faire un gâteau, vous devez utiliser des œufs, du beurre et du sucre."
333428,Je_préfère_encore_re.mp3,Je préfère encore rester à la maison plutôt que de sortir.
333426,Un_étudiant_ne_doit_.mp3,Un étudiant ne doit pas perdre de vue sa propre identité.
333424,Le_temps_était_non_s.mp3,"Le temps était non seulement froid, mais aussi humide."
333423,Autrefois__nous_joui.mp3,"Autrefois, nous jouions dans le parc."
333422,J_en_ai_besoin_aussi.mp3,J'en ai besoin aussi vite que possible.
333420,Elle_me_fit_signe_av.mp3,Elle me fit signe avant d'entrer à bord de l'avion.
333417,S_il_pleut_demain__j.mp3,"S'il pleut demain, je resterai à la maison."
333416,La_troisième_puissan.mp3,La troisième puissance de 3 est 27.
333414,Je_connais_le_garçon.mp3,Je connais le garçon qui est assis le plus près de la porte.
333413,Elle_adore_jouer_au_.mp3,Elle adore jouer au tennis.
333410,Tu_m_entends__.mp3,Tu m'entends ?
333409,Ne_ferions_nous_pas_.mp3,Ne ferions-nous pas mieux de partir tôt ?
333405,Il_a_plus_d_argent_q.mp3,Il a plus d'argent qu'on ne peut en dépenser.
333404,Elle_prit_l_un_des_v.mp3,Elle prit l'un des vases en verre.
333399,Mon_père_est_diplômé.mp3,Mon père est diplômé de l'université d'Harvard.
333398,Combien_de_temps_pui.mp3,Combien de temps puis-je garder ce livre ?
333395,Clarifions_un_peu_ce.mp3,Clarifions un peu ce problème.
333393,Il_y_a_quelques_livr.mp3,Il y a quelques livres sur le bureau.
333391,Il_le_fît_au_détrime.mp3,Il le fît au détriment de sa santé.
333389,Le_seul_accès_au_vil.mp3,Le seul accès au village est par la rivière.
333387,La_police_est_à_la_r.mp3,La police est à la recherche des biens volés depuis près d'un mois.
333385,Il_ronflait_bruyamme.mp3,Il ronflait bruyamment pendant son sommeil.
333381,Les_feuilles_tombent.mp3,Les feuilles tombent en automne.
333379,Viendras_tu_me_cherc.mp3,Viendras-tu me chercher demain matin à sept heures ?
333377,Jouais_tu_au_tennis_.mp3,Jouais-tu au tennis hier matin ?
333375,Ma_sœur_n_étudie_pas.mp3,Ma sœur n'étudie pas pour l'instant.
333373,Puis_je_utiliser_vot.mp3,Puis-je utiliser votre crayon ?
333371,Je_me_demande_lequel.mp3,Je me demande lequel des coureurs finira premier.
333368,Mon_père_n_aime_pas_.mp3,Mon père n'aime pas le foot.
333366,La_tomate_est_sujett.mp3,La tomate est sujette à de nombreuses maladies.
333365,Elle_se_vante_toujou.mp3,Elle se vante toujours d'être une bonne nageuse.
333364,Combien_de_temps_com.mp3,Combien de temps comptes-tu rester ?
333361,La_manière_la_plus_r.mp3,La manière la plus rapide de voyager est par avion.
333360,Tokyo_est_une_très_g.mp3,Tokyo est une très grande ville.
333359,Le_nombre_de_voiture.mp3,Le nombre de voitures circulant en ville a augmenté.
333356,Il_alla_en_Amérique_.mp3,Il alla en Amérique étudier la médecine.
333330,C_est_de_loin_la_mei.mp3,C'est de loin la meilleure nouvelle qui a été publiée cette année.
333329,Le_sens_de_cette_phr.mp3,Le sens de cette phrase est obscur.
333328,Tu_peux_acheter_celu.mp3,"Tu peux acheter celui que tu aimes, mais pas les deux."
333327,Je_ne_vois_pas_d_aut.mp3,Je ne vois pas d'autres moyens de lui faire accepter notre proposition.
333326,En_faisant_un_peu_pl.mp3,"En faisant un peu plus d'effort, il aurait réussi."
333325,Mère_était_inquiète_.mp3,Mère était inquiète à propos des enfants.
333323,Il_salua_la_dame_.mp3,Il salua la dame.
333322,Comment_ose_t_il_ouv.mp3,Comment ose-t-il ouvrir mon courrier !
333321,Essaie_d_utiliser_au.mp3,Essaie d'utiliser au mieux ton temps.
333320,Ses_actes_de_bravour.mp3,Ses actes de bravoures lui apportèrent la gloire.
333319,Elle_est_aussi_intel.mp3,Elle est aussi intelligente qu'elle est belle.
333318,Il_espérait_avoir_ré.mp3,Il espérait avoir réussi.
333317,Qu_importe_combien_j.mp3,"Qu'importe combien je lui dis souvent, elle continue de faire la même erreur."
333316,Ils_vivent_en_paix_.mp3,Ils vivent en paix.
333314,La_musique_est_une_l.mp3,La musique est une langue commune pour l'humanité.
333302,Le_prix_du_chou_chut.mp3,Le prix du chou chuta à cause de la surproduction.
333300,Il_boit_tout_le_temp.mp3,Il boit tout le temps son café noir.
333298,Servez_vous_du_gâtea.mp3,Servez-vous du gâteau je vous prie.
333294,Nous_calculâmes_que_.mp3,Nous calculâmes que nous pouvions atteindre l'endroit en deux semaines.
333293,Ils_font_pousser_des.mp3,Ils font pousser des oranges en Californie.
333291,J_essaie_de_garder_d.mp3,J'essaie de garder de la place pour le dessert.
333290,J_ai_eu_le_même_prob.mp3,J'ai eu le même problème que toi.
333289,Puis_je_utiliser_ton.mp3,Puis-je utiliser ton dictionnaire ?
333288,Il_ne_peut_dire_le_v.mp3,Il ne peut dire le vrai du faux.
333286,Faire_des_exercices_.mp3,Faire des exercices est bon pour la santé.
333283,Les_secours_scrutère.mp3,"Les secours scrutèrent la zone, à la recherche de l'enfant."
333280,Cela_fait_dix_ans_qu.mp3,Cela fait dix ans que mon père est mort.
333277,Ce_sont_tous_les_deu.mp3,Ce sont tous les deux de bons professeurs.
333276,Dois_je_annuler_l_ap.mp3,Dois-je annuler l'appel ?
333274,Tout_le_monde_savait.mp3,Tout le monde savait qu'elle pouvait parler très bien anglais.
333272,Il_vient_d_Angleterr.mp3,Il vient d'Angleterre.
333267,L_enfant_creusa_une_.mp3,L'enfant creusa une tombe pour son chien qui venait de mourir.
333265,Des_milliers_de_pers.mp3,Des milliers de personnes furent déçues par la publicité.
333264,L_acide_agit_sur_les.mp3,L'acide agit sur les choses qui contiennent du métal.
333263,Ils_escaladèrent_jus.mp3,Ils escaladèrent jusqu'en haut de la falaise.
333262,M__Brown__un_ami_de_.mp3,"M. Brown, un ami de l'Oregon, viendra nous rendre visite demain."
333259,Je_voudrais_pouvoir_.mp3,"Je voudrais pouvoir vivre à un rythme plus relâché, au lieu d'avoir à regarder l'heure tout le temps."
333256,Il_parle_aussi_bien_.mp3,Il parle aussi bien thai qu'anglais.
333255,Pouvez_vous_nous_pre.mp3,Pouvez-vous nous prendre en photo avec cet appareil ?
333254,Quand_l_avion_arrive.mp3,Quand l'avion arrivera-t-il à Tokyo ?
333253,Je_veux_aller_à_Seat.mp3,Je veux aller à Seattle.
333252,L_animal_en_haut_à_g.mp3,L'animal en haut à gauche est censé être un dragon.
333251,Que_présage_cette_no.mp3,Que présage cette nouvelle ?
333250,Le_nombre_de_personn.mp3,Le nombre de personnes souffrant de problèmes cardiaques a augmenté.
333249,Quand_le_monde_conna.mp3,Quand le monde connaîtra-t-il une fin ?
333248,Hier_c_était_mon_dix.mp3,Hier c'était mon dix-septième anniversaire.
333247,L_Homme_ne_pourrait_.mp3,L'Homme ne pourrait vivre sans air.
333246,Nous_étions_sur_le_p.mp3,Nous étions sur le point d'entrer dans la pièce.
333245,Garçon__je_voudrais_.mp3,"Garçon, je voudrais commander."
333244,La_capitale_du_Japon.mp3,La capitale du Japon est Tokyo.
333188,Je_t_appellerai_vers.mp3,Je t'appellerai vers 5 heures.
333187,Elle_est_vraiment_at.mp3,Elle est vraiment attentive et patiente.
333178,Les_chaussures_sont_.mp3,Les chaussures sont faites en cuir.
333177,Tu_es_tout_pour_moi_.mp3,Tu es tout pour moi.
333176,Pour_le_moment__ma_s.mp3,"Pour le moment, ma sœur est vendeuse dans un supermarché."
333175,Elle_nous_invita_à_s.mp3,Elle nous invita à sa fête d'anniversaire.
333174,Elle_était_occupée_à.mp3,Elle était occupée à tricoter.
333173,Il_arrive_difficilem.mp3,Il arrive difficilement à écrire son nom.
333139,Ce_serait_le_dernier.mp3,Ce serait le dernier à te décevoir.
333138,Le_jardin_était_ento.mp3,Le jardin était entouré par une barrière en bois.
333136,Il_n_y_a_pas_cours_e.mp3,Il n'y a pas cours en août.
333135,Ton_stylo_est_meille.mp3,Ton stylo est meilleur que le mien.
333134,Peux_tu_deviner_ce_q.mp3,Peux-tu deviner ce que j'ai ?
333133,Il_fait_beau_aujourd.mp3,Il fait beau aujourd'hui.
333131,Un_brillant_avenir_s.mp3,Un brillant avenir s'offre devant lui.
333130,C_est_illégal_pour_l.mp3,C'est illégal pour les bicyclettes de doubler les voitures par la droite.
333129,Je_ne_suis_pas_d_acc.mp3,Je ne suis pas d'accord avec toi.
333094,Jane_était_sur_le_po.mp3,Jane était sur le point de quitter la maison.
333092,Ann_écrivit_quelque_.mp3,Ann écrivit quelque chose au tableau.
333089,Il_y_a_quelques_pomm.mp3,"Il y a quelques pommes sur cet arbre, n'est-ce pas ?"
333087,Je_garde_toujours_un.mp3,Je garde toujours un dictionnaire à portée de main.
333085,Dans_un_accès_de_rag.mp3,"Dans un accès de rage, il dit tout ce qu'il voulait dire et retourna chez lui."
333082,Sais_tu_quand_le_mus.mp3,Sais-tu quand le musicien viendra ici ?
333080,Sais_tu_quelle_est_l.mp3,Sais-tu quelle est la distance entre la gare et l'hôtel de ville ?
333079,Cette_boutique_est_o.mp3,Cette boutique est ouverte de 9 heures à 18 heures.
333077,Nous_nous_mîmes_d_ac.mp3,Nous nous mîmes d'accord pour commencer tôt le lendemain.
333074,Tu_as_peut_être_rais.mp3,"Tu as peut-être raison, mais je suis contre ton opinion."
333072,J_ai_bu_une_tasse_de.mp3,J'ai bu une tasse de café pour me garder éveillé.
333069,Je_ne_pense_pas_qu_ê.mp3,Je ne pense pas qu'être pauvre soit quelque chose dont on doit avoir honte.
333066,Mon_père_va_partir_à.mp3,Mon père va partir à l'étranger la semaine prochaine.
333064,Tu_devrais_toujours_.mp3,Tu devrais toujours dire la vérité.
333063,Il_est_ce_qu_on_appe.mp3,Il est ce qu'on appelle un lettré.
333062,Dans_sa_douleur__ell.mp3,"Dans sa douleur, elle fondit en larmes."
333061,Bienvenue_à_la_maiso.mp3,Bienvenue à la maison.
333060,Vous_avez_seulement_.mp3,Vous avez seulement à écrire votre nom et adresse ici.
333059,C_est_le_point_le_pl.mp3,C'est le point le plus profond du lac.
333058,Qui_est_cette_femme_.mp3,Qui est cette femme qui porte un manteau brun ?
333056,Nous_restâmes_avec_e.mp3,Nous restâmes avec eux tout au long de l'été.
333054,On_ne_trouve_aucun_t.mp3,On ne trouve aucun tigre sauvage en Afrique.
333052,Nous_surnommions_Rob.mp3,"Nous surnommions Robert ""Bob""."
333050,Il_partit_voyager_à_.mp3,Il partit voyager à la recherche d'aventures.
333048,Laisse_moi_essayer_.mp3,Laisse-moi essayer.
333047,Il_travailla_au_prix.mp3,Il travailla au prix de son propre temps.
333046,Un_large_pilier_bloq.mp3,Un large pilier bloque la vue sur le lac.
333045,La_réunion_s_est_fin.mp3,La réunion s'est finie à 9 heures.
333043,Si_j_étais_toi__j_au.mp3,"Si j'étais toi, j'aurais fait la même chose dans une situation aussi difficile."
333041,Le_mieux_est_souvent.mp3,Le mieux est souvent l'ennemi du bien.
333022,Quelques_camarades_m.mp3,Quelques camarades me virent lui donner du chocolat.
333021,J_ai_mal_à_l_estomac.mp3,J'ai mal à l'estomac.
333020,Tu_vas_mieux_mainten.mp3,Tu vas mieux maintenant ?
333019,Quand_est_elle_née__.mp3,Quand est-elle née ?
333018,En_ouvrant_la_porte_.mp3,"En ouvrant la porte, j'ai cassé la serrure."
333011,Nous_l_avons_rencont.mp3,Nous l'avons rencontrée par hasard.
333009,Les_bonnes_habitudes.mp3,Les bonnes habitudes doivent se cultiver pendant l'enfance.
333006,Tu_sais_t_y_prendre_.mp3,Tu sais t'y prendre avec les femmes.
332998,Votre_proposition_mé.mp3,Votre proposition mérite qu'on la considère.
332992,Ton_oncle_t_a_t_il_l.mp3,Ton oncle t'a-t-il laissé conduire sa voiture ?
332977,Ton_école_se_situe_t.mp3,Ton école se situe-t-elle dans cette ville ?
332976,Ken_va_partir_aux_Ét.mp3,Ken va partir aux États-unis fin juillet.
332975,Je_n_ai_jamais_vu_ni.mp3,Je n'ai jamais vu ni entendu parler d'une telle chose.
332974,D_après_ce_qu_on_dit.mp3,"D'après ce qu'on dit, son père serait mort à l'étranger."
332965,Il_entra_et__au_même.mp3,"Il entra et, au même moment, la cloche sonna."
332888,Nous_l_avons_puni_co.mp3,Nous l'avons puni comme le veut la règle.
332883,Pour_dire_vrai__je_n.mp3,"Pour dire vrai, je ne l'aime pas."
332882,Quel_est_le_numéro_d.mp3,Quel est le numéro de ma chambre ?
332761,Il_n_est_pas_idiot_.mp3,Il n'est pas idiot.
332713,Combien_y_a_t_il_de_.mp3,Combien y a-t-il de garçons dans la classe ?
332682,Il_est_très_intéress.mp3,Il est très intéressé par l'Histoire du Japon. Nous sommes surpris par l'étendue de ses connaissances sur le sujet.
332674,Les_gens_sont_plus_é.mp3,Les gens sont plus éduqués qu'ils ne l'étaient avant.
332672,Est_ce_correct_pour_.mp3,Est-ce correct pour un médecin de décider quand quelqu'un doit mourir ?
332671,Les_bâtiments_furent.mp3,Les bâtiments furent secoués lors du tremblement de terre.
332669,Nous_vîmes_beaucoup_.mp3,Nous vîmes beaucoup de poissons dans l'étang.
332665,Même_s_ils_ont_une_b.mp3,"Même s'ils ont une bonne carte des vins, je ne veux pas manger ici."
332664,Il_a_beaucoup_de_liv.mp3,Il a beaucoup de livres d'Histoire.
332659,Les_banques_prélèven.mp3,Les banques prélèvent des intérêts plus hauts sur les crédits aux clients à risque.
332650,Il_deviendra_docteur.mp3,Il deviendra docteur quand il sera grand.
332646,Il_est_professeur_de.mp3,Il est professeur de biologie à Harvard.
332644,Désirez_vous_un_autr.mp3,Désirez-vous un autre verre de vin ?
332628,Les_fiançailles_de_M.mp3,Les fiançailles de M. Rogers et de Mlle. Smith ont été annoncées hier.
332627,Vous_pouvez_vous_ser.mp3,Vous pouvez vous servir du gâteau.
332626,Excusez_moi__pouvez_.mp3,"Excusez-moi, pouvez-vous me montrer le chemin jusqu'au prochain village ?"
332625,Notre_plan_est_mal_p.mp3,Notre plan est mal parti dès le début.
332624,C_est_secret_.mp3,C'est secret.
332623,Elle_n_aime_pas_ma_m.mp3,Elle n'aime pas ma manière de parler.
332534,Il_nous_a_raconté_un.mp3,Il nous a raconté une histoire tellement drôle que nous avons tous ri.
332531,Ils_lui_remirent_le_.mp3,Ils lui remirent le premier prix au concours floral.
332530,Pars_quand_tu_veux_.mp3,Pars quand tu veux.
332521,Tu_peux_faire_un_tou.mp3,Tu peux faire un tour sur ma mobylette.
332519,Le_dialogue_diplomat.mp3,Le dialogue diplomatique aida à mettre fin au conflit.
332516,Mon_crime_me_semble_.mp3,Mon crime me semble irréel.
332515,Il_chercha_tous_les_.mp3,Il chercha tous les moyens possibles pour s'échapper.
332514,Tu_ferais_mieux_d_ab.mp3,Tu ferais mieux d'abandonner une idée aussi radicale.
332511,J_ai_vu_une_fille_av.mp3,J'ai vu une fille avec de longs cheveux.
332510,Quand_elle_vit_qu_il.mp3,"Quand elle vit qu'ils n'avaient pas d'école, elle en créa une."
332504,Gardez_ces_places_po.mp3,Gardez ces places pour les personnes âgées.
332497,Mon_père_est_occupé_.mp3,Mon père est occupé.
332494,Le_thermomètre_desce.mp3,Le thermomètre descend souvent en dessous de zéro.
332493,Je_n_arrive_pas_à_me.mp3,Je n'arrive pas à mettre des mots sur mes sentiments.
332492,Le_contrat_est_dans_.mp3,"Le contrat est dans la poche, donc sortons fêter ça."
332484,J_en_ai_plusieurs_do.mp3,J'en ai plusieurs douzaines.
332483,Tu_bois_trop_de_café.mp3,Tu bois trop de café.
332482,Dans_dix_ans_notre_v.mp3,Dans dix ans notre ville aura beaucoup changé.
332476,John_mit_environ_deu.mp3,John mit environ deux semaines à se remettre de sa maladie.
332475,Je_trouve_le_concept.mp3,Je trouve le concept de ce site vraiment très bien.
332463,Terminer_le_rapport_.mp3,Terminer le rapport avant demain est quasiment impossible.
332458,Docteur__donnez_les_.mp3,"Docteur, donnez les premiers secours à cet enfant s'il vous plaît."
332457,Il_regrette_de_ne_pa.mp3,Il regrette de ne pas avoir travaillé plus dur à l'école.
332446,Je_voudrais_partir_v.mp3,Je voudrais partir voyager autour du monde si possible.
332414,Le_soleil_se_lève_.mp3,Le soleil se lève.
332412,Nous_étions_tous_fat.mp3,Nous étions tous fatigués.
332410,Je_suis_très_fatigué.mp3,Je suis très fatigué.
332369,Le_courrier_est_arri.mp3,Le courrier est arrivé.
332347,Il_a_tout_mangé_.mp3,Il a tout mangé.
332340,Où_travailles_tu__.mp3,Où travailles-tu ?
332306,Le_chien_a_l_air_d_a.mp3,Le chien a l'air d'avoir faim.
332303,Essayons_de_nouveau_.mp3,Essayons de nouveau.
332302,Essaie_encore_.mp3,Essaie encore.
332291,Est_il_en_train_de_d.mp3,Est-il en train de dormir ?
332290,Le_bébé_est_en_train.mp3,Le bébé est en train de dormir.
332278,J_admire_ton_talent_.mp3,J'admire ton talent.
332244,Cela_n_a_aucun_sens_.mp3,Cela n'a aucun sens.
332240,Fais_bouillir_un_peu.mp3,Fais bouillir un peu d'eau.
332239,Voici_un_peu_d_eau_.mp3,Voici un peu d'eau.
332117,J_y_ai_été_une_fois_.mp3,J'y ai été une fois.
332104,Nous_avons_attrapé_l.mp3,Nous avons attrapé le voleur.
332043,Ils_ont_chanté_juste.mp3,Ils ont chanté juste.
331746,Est_ce_de_l_or_pur__.mp3,Est-ce de l'or pur ?
331689,Je_suis_sûr_qu_ils_v.mp3,Je suis sûr qu'ils vont gagner.
331185,Nous_sommes_des_homm.mp3,Nous sommes des hommes.
331151,Elle_a_tort_.mp3,Elle a tort.
331133,Ils_habitent_à_côté_.mp3,Ils habitent à côté.
331128,Quand_puis_je_te_ren.mp3,Quand puis-je te rendre visite ?
331126,J_ai_rencontré_un_am.mp3,J'ai rencontré un ami là-bas.
331125,Nous_sommes_étudiant.mp3,Nous sommes étudiants.
331103,Est_ce_que_c_est_vot.mp3,Est-ce que c'est votre vélo ?
331092,J_ai_trouvé_l_immeub.mp3,J'ai trouvé l'immeuble.
331038,Je_me_sens_vivant_.mp3,Je me sens vivant.
330957,J_ai_acheté_une_nouv.mp3,J'ai acheté une nouvelle voiture.
330948,Je_reviendrai_.mp3,Je reviendrai.
330863,C_est_tellement_pass.mp3,C'est tellement passionnant.
330513,Envoie_moi_une_carte.mp3,Envoie-moi une carte postale.
330396,Le_chien_me_suivit_.mp3,Le chien me suivit.
330362,Il_tomba_en_arrière_.mp3,Il tomba en arrière.
330353,Tu_aimes__.mp3,Tu aimes ?
330350,Elle_est_maladroite_.mp3,Elle est maladroite.
330335,De_quoi_as_tu_besoin.mp3,De quoi as-tu besoin ?
330332,Avez_vous_besoin_de_.mp3,Avez-vous besoin de lui ?
330292,Je_ne_peux_rien_aval.mp3,Je ne peux rien avaler de plus.
330269,C_est_tout__.mp3,C'est tout ?
330177,C_est_gratuit__.mp3,C'est gratuit ?
330014,Je_reviens_à_dix_heu.mp3,Je reviens à dix heures.
329743,Est_ce_qu_il_fait_ch.mp3,Est-ce qu'il fait chaud là-bas ?
237252,Je_me_suis_levé_vers.mp3,Je me suis levé vers cinq heures.
237251,Je_l_ai_rencontré_ve.mp3,Je l'ai rencontré vers midi.
237250,Il_doit_avoir_la_qua.mp3,Il doit avoir la quarantaine.
237234,C_est_maintenant_ou_.mp3,C'est maintenant ou jamais.
237233,Est_ce_que_tout_va_b.mp3,Est-ce que tout va bien ?
237231,Vous_vous_sentez_bie.mp3,Vous vous sentez bien ?
237210,J_étais_dehors_toute.mp3,J'étais dehors toute la journée.
237206,J_ai_été_occupé_tout.mp3,J'ai été occupé toute la journée.
237065,C_est_une_question_d.mp3,C'est une question de bon sens.
236476,Pourquoi_pensez_vous.mp3,Pourquoi pensez-vous ça ?
182757,J_ai_une_question_.mp3,J'ai une question.
182071,À_cette_époque__nous.mp3,"À cette époque, nous étions plus jeunes."
182070,La_plupart_des_gens_.mp3,La plupart des gens pensent ça.
181992,Il_n_ira_pas_.mp3,Il n'ira pas.
181983,C_est_gratuit_.mp3,C'est gratuit.
181925,Vous_le_connaissez__.mp3,Vous le connaissez ?
181858,Encore_un_petit_effo.mp3,Encore un petit effort.
181852,Vous_ne_vous_sentez_.mp3,Vous ne vous sentez pas bien ?
181802,Tu_nous_manques_beau.mp3,Tu nous manques beaucoup.
181712,Qui_est_cette_fille_.mp3,Qui est cette fille  ?
181693,Je_dois_partir_maint.mp3,Je dois partir maintenant.
181681,C_est_vrai__.mp3,C'est vrai ?
181596,Amusons_nous_.mp3,Amusons-nous.
181500,Savez_vous_parler_fr.mp3,Savez-vous parler français ?
181493,Je_veux_partir_à_l_é.mp3,Je veux partir à l'étranger.
181480,Deux_bières__s_il_vo.mp3,"Deux bières, s'il vous plait."
181473,Nous_sommes_de_vieux.mp3,Nous sommes de vieux amis.
181460,C_est_à_quel_prix__.mp3,C'est à quel prix ?
181450,Elle_est_arrivée_en_.mp3,Elle est arrivée en voiture.
181433,Ça_ira_.mp3,Ça ira.
181425,Je_ne_peux_pas_l_att.mp3,Je ne peux pas l'atteindre.
181403,Je_viens_de_me_coupe.mp3,Je viens de me couper le doigt.
181373,Pour_une_fois_j_ai_r.mp3,Pour une fois j'ai raison.
181359,Je_suis_sur_le_balco.mp3,Je suis sur le balcon.
181352,J_ai_entendu_parler_.mp3,J'ai entendu parler de vous.
181338,Crois_tu_en_moi__.mp3,Crois-tu en moi ?
181319,Je_lui_donnerai_un_s.mp3,Je lui donnerai un stylo.
181307,Cette_porte_ne_veut_.mp3,Cette porte ne veut pas s'ouvrir.
181306,C_est_une_table_.mp3,C'est une table.
181303,C_est_ainsi_.mp3,C'est ainsi.
181289,Ce_sont_mes_amis_.mp3,Ce sont mes amis.
181235,Tournez_à_droite_s_i.mp3,Tournez à droite s'il vous plait.
181222,Il_marchait_tranquil.mp3,Il marchait tranquillement.
181206,J_espère_bien_.mp3,J'espère bien.
181178,Quelque_chose_ne_va_.mp3,Quelque chose ne va pas ?
181146,Il_est_DJ_.mp3,Il est DJ.
180986,Remplissez_les_espac.mp3,Remplissez les espaces libres.
180832,Je_joue_au_baseball_.mp3,Je joue au baseball.
180776,Ma_mère_cuisine_bien.mp3,Ma mère cuisine bien.
180774,Elle_a_acheté_un_pou.mp3,Elle a acheté un poulet.
180617,Je_choisis_ceci_.mp3,Je choisis ceci.
180612,C_est_pour_ton_bien_.mp3,C'est pour ton bien.
180607,La_radio_est_cassée_.mp3,La radio est cassée.
180599,La_voiture_est_cassé.mp3,La voiture est cassée.
180487,Pensez_y_.mp3,Pensez-y.
180310,Elle_se_sent_mal_auj.mp3,Elle se sent mal aujourd'hui.
180235,Laisse_le_chien_deho.mp3,Laisse le chien dehors.
140037,Ils_chassaient_les_r.mp3,Ils chassaient les renards.
139810,Il_s_accrocha_à_son_.mp3,Il s'accrocha à son travail.
139757,C_est_une_carte_rout.mp3,C'est une carte routière.
139756,Je_voudrais_un_plan_.mp3,Je voudrais un plan de la ville.
139611,Pour_quoi_faire__.mp3,Pour quoi faire ?
139596,Tu_pars_quand__.mp3,Tu pars quand ?
139595,Reste_en_dehors_de_ç.mp3,Reste en dehors de ça.
139582,Le_moteur_s_est_arrê.mp3,Le moteur s'est arrêté.
139463,J_ai_fixé_l_homme_du.mp3,J'ai fixé l'homme du regard.
139456,J_ai_vu_l_homme_saut.mp3,J'ai vu l'homme sauter.
139299,Avez_vous_utilisé_mo.mp3,Avez-vous utilisé mon appareil photo ?
139067,Vous_pouvez_lui_parl.mp3,Vous pouvez lui parler.
139050,Nous_l_avons_trouvé_.mp3,Nous l'avons trouvé vivant.
139024,Cela_m_est_égal_.mp3,Cela m'est égal.
138975,C_est_ici_qu_il_joue.mp3,C'est ici qu'il joue.
138701,Ne_sois_pas_un_imita.mp3,Ne sois pas un imitateur.
138700,Les_singes_grimpent_.mp3,Les singes grimpent aux arbres.
136661,Ils_sont_allés_au_zo.mp3,Ils sont allés au zoo.
136573,Est_ce_qu_il_vit_ici.mp3,Est-ce qu'il vit ici ?
136309,Pouvez_vous_le_prouv.mp3,Pouvez-vous le prouver ?
136217,Elle_étudie_l_anglai.mp3,Elle étudie l'anglais.
136211,Ils_étaient_tous_par.mp3,Ils étaient tous partis.
136030,J_ai_rencontré_Mary_.mp3,J'ai rencontré Mary hier.
136017,Il_sera_puni_.mp3,Il sera puni.
135975,C_est_un_jour_venteu.mp3,C'est un jour venteux.
135895,Tout_est_fini_.mp3,Tout est fini.
135891,Elle_le_lui_donna_.mp3,Elle le lui donna.
135883,N_importe_qui_peut_l.mp3,N'importe qui peut le lire.
135855,Un_camion_a_percuté_.mp3,Un camion a percuté le chien.
135766,Mon_père_est_sorti_.mp3,Mon père est sorti.
135674,Soyez_gentil_envers_.mp3,Soyez gentil envers les personnes âgées.
135671,Soyez_respectueux_en.mp3,Soyez respectueux envers les personnes âgées.
135618,Aimez_vous_les_étés_.mp3,Aimez-vous les étés frais ?
135579,Ne_te_lève_pas_.mp3,Ne te lève pas.
135540,Il_sera_très_occupé_.mp3,Il sera très occupé le mois prochain.
135530,Venez_nous_aider_.mp3,Venez nous aider.
135504,C_est_l_heure_du_dîn.mp3,C'est l'heure du dîner.
135495,Venez_me_voir_.mp3,Venez me voir.
135451,N_aimez_vous_pas_le_.mp3,N'aimez-vous pas le baseball ?
135423,Ouvrez_vos_yeux_.mp3,Ouvrez vos yeux.
135422,Garde_les_yeux_ouver.mp3,Garde les yeux ouverts.
135413,Mes_yeux_sont_bleus_.mp3,Mes yeux sont bleus.
135360,Venez_demain_matin_.mp3,Venez demain matin.
135314,Ne_vous_manifestez_p.mp3,Ne vous manifestez pas.
135309,Je_me_suis_senti_dél.mp3,Je me suis senti délaissé.
135301,Es_tu_fatigué__.mp3,Es-tu fatigué ?
135283,Puis_je_avoir_un_ore.mp3,Puis-je avoir un oreiller ?
135279,J_y_vais_tous_les_an.mp3,J'y vais tous les ans.
135254,Raconte_moi_une_hist.mp3,Raconte-moi une histoire vraie.
135251,Dites_moi_la_vérité_.mp3,Dites-moi la vérité.
135236,Lire_un_livre_est_in.mp3,Lire un livre est intéressant.
135196,Je_veux_dormir_.mp3,Je veux dormir.
135185,Je_te_crois_.mp3,Je te crois.
135148,Je_me_lève_à_6_heure.mp3,Je me lève à 6 heures.
135143,Je_ne_suis_pas_fatig.mp3,Je ne suis pas fatigué du tout.
135130,Ne_m_attendez_pas_.mp3,Ne m'attendez pas.
135129,Laissez_moi_m_en_occ.mp3,Laissez-moi m'en occuper.
135006,Reste_en_contact_.mp3,Reste en contact.
134976,Je_sais_.mp3,Je sais.
134960,Change_de_vêtements_.mp3,Change de vêtements.
134955,J_ai_attrapé_froid_.mp3,J'ai attrapé froid.
134947,J_ai_besoin_d_une_en.mp3,J'ai besoin d'une enveloppe.
134918,Papa_est_grand_.mp3,Papa est grand.
134865,Papa_est_à_la_maison.mp3,Papa est à la maison.
134736,Êtes_vous_fatigué__.mp3,Êtes-vous fatigué ?
134727,Ne_sois_pas_malheure.mp3,Ne sois pas malheureux.
134681,Elle_est_attirante_.mp3,Elle est attirante.
134665,Ceci_est_une_carte_.mp3,Ceci est une carte.
134661,Elle_marche_.mp3,Elle marche.
134537,Elle_est_très_occupé.mp3,Elle est très occupée.
134523,Elle_a_de_petits_pie.mp3,Elle a de petits pieds.
134512,Elle_guidait_sa_gran.mp3,Elle guidait sa grand-mère en la tenant par la main.
134461,Elle_est_tombée_grav.mp3,Elle est tombée gravement malade.
134403,Elle_m_évite_.mp3,Elle m'évite.
134376,Elle_s_est_assise_à_.mp3,Elle s'est assise à côté de moi.
134375,Elle_est_ma_camarade.mp3,Elle est ma camarade de classe.
134349,Elle_m_a_servi_un_ca.mp3,Elle m'a servi un café.
134296,Elle_n_est_plus_seul.mp3,Elle n'est plus seule maintenant.
134264,Elle_a_acheté_du_pou.mp3,Elle a acheté du poulet.
134260,Te_connaît_elle__.mp3,Te connaît-elle ?
134238,Elle_a_éclaté_en_san.mp3,Elle a éclaté en sanglots.
134236,Elle_est_de_mauvaise.mp3,Elle est de mauvaise humeur.
134220,Elle_est_partie_.mp3,Elle est partie.
134208,Elle_est_devenue_cha.mp3,Elle est devenue chanteuse.
134161,Elle_a_travaillé_dur.mp3,Elle a travaillé dur.
134133,Elle_parle_beaucoup_.mp3,Elle parle beaucoup.
134081,Elle_adore_les_chats.mp3,Elle adore les chats.
134071,C_est_une_personne_t.mp3,C'est une personne très intéressante.
134019,Elle_est_très_belle_.mp3,Elle est très belle.
133805,Ses_cheveux_sont_lon.mp3,Ses cheveux sont longs.
133639,Je_l_ai_entendue_cha.mp3,Je l'ai entendue chanter.
133600,Ne_l_arrête_pas_.mp3,Ne l'arrête pas.
133516,Il_aime_chanter_des_.mp3,Il aime chanter des chansons populaires.
133513,Il_a_essayé_de_se_le.mp3,Il a essayé de se lever.
133494,Je_pense_qu_il_viend.mp3,Je pense qu'il viendra.
133410,C_est_un_bon_docteur.mp3,C'est un bon docteur.
133365,C_est_une_gentille_p.mp3,C'est une gentille personne.
133339,Il_aime_l_aventure_.mp3,Il aime l'aventure.
133320,Il_aime_les_études__.mp3,"Il aime les études, mais aussi le sport."
133305,C_est_un_physicien_.mp3,C'est un physicien.
133290,Il_entra_dans_la_piè.mp3,Il entra dans la pièce.
133247,Il_est_malade_.mp3,Il est malade.
133214,Il_connaît_le_secret.mp3,Il connaît le secret.
133153,Il_est_aussi_grand_q.mp3,Il est aussi grand qu'elle.
133079,Il_tient_un_journal_.mp3,Il tient un journal intime.
133060,Il_a_fondu_en_larmes.mp3,Il a fondu en larmes.
133058,Il_a_été_placé_en_is.mp3,Il a été placé en isolement.
133045,Il_avait_mal_à_la_tê.mp3,Il avait mal à la tête.
133032,Est_ce_qu_il_habite_.mp3,Est-ce qu'il habite ici ?
132999,Il_était_réputé_pour.mp3,Il était réputé pour être un génie.
132998,C_est_un_génie_.mp3,C'est un génie.
132885,Il_était_trempé_des_.mp3,Il était trempé des pieds à la tête.
132843,Il_a_commencé_à_cour.mp3,Il a commencé à courir.
132830,Il_est_arrivé_trop_t.mp3,Il est arrivé trop tôt.
132829,Il_se_mit_au_lit_tôt.mp3,Il se mit au lit tôt.
132660,Il_construisait_une_.mp3,Il construisait une nouvelle maison.
132647,Il_est_fainéant_.mp3,Il est fainéant.
132623,Il_était_embarrassé_.mp3,Il était embarrassé.
132442,Il_l_a_fait_tout_seu.mp3,Il l'a fait tout seul.
132380,Il_a_une_bonne_vue_.mp3,Il a une bonne vue.
132358,Il_me_fixa_.mp3,Il me fixa.
132304,C_est_mon_patron_.mp3,C'est mon patron.
132299,Il_n_a_pas_encore_ré.mp3,Il n'a pas encore répondu à ma lettre.
132298,Il_m_a_pris_par_la_m.mp3,Il m'a pris par la main.
132293,Il_s_est_marié_avec_.mp3,Il s'est marié avec ma sœur.
132290,Il_accepta_mon_idée_.mp3,Il accepta mon idée.
132272,Ce_n_est_pas_mon_cou.mp3,Ce n'est pas mon cousin.
132218,Il_m_a_donné_dix_mil.mp3,Il m'a donné dix mille yen.
132206,Il_nous_connaît_très.mp3,Il nous connaît très bien.
132159,Il_a_été_élu_maire_.mp3,Il a été élu maire.
132075,Il_est_en_train_de_l.mp3,Il est en train de lire un livre.
132073,Il_lit_un_livre_.mp3,Il lit un livre.
132067,Il_est_à_la_maison_a.mp3,Il est à la maison aujourd'hui.
132059,Maintenant__il_court.mp3,"Maintenant, il court."
132057,Il_est_en_train_de_d.mp3,Il est en train de déjeuner.
132036,Il_a_un_long_nez_.mp3,Il a un long nez.
131890,Il_semble_être_malad.mp3,Il semble être malade.
131797,Il_n_a_pas_l_air_bie.mp3,Il n'a pas l'air bien. Il a dû trop boire la nuit dernière.
131733,Il_me_dit_toujours__.mp3,"Il me dit toujours ""Bonjour"" quand je le vois."
131666,Il_aime_beaucoup_la_.mp3,Il aime beaucoup la musique.
131636,Parle_t_il_anglais__.mp3,Parle-t-il anglais ?
131626,Il_enseigne_l_anglai.mp3,Il enseigne l'anglais.
131471,C_est_un_bon_étudian.mp3,C'est un bon étudiant.
131438,Il_est_déjà_parti_.mp3,Il est déjà parti.
131377,Il_travaille_à_peine.mp3,Il travaille à peine.
131366,Il_tapa_dans_le_ball.mp3,Il tapa dans le ballon.
131350,Il_parle_français_.mp3,Il parle français.
131301,Il_est_descendu_du_b.mp3,Il est descendu du bus.
131287,Je_sais_pourquoi_il_.mp3,Je sais pourquoi il a fait ça.
131272,Il_est_très_prudent_.mp3,Il est très prudent.
131260,Il_est_très_honnête_.mp3,Il est très honnête.
131252,Il_semble_assez_cont.mp3,Il semble assez content.
131249,Il_est_très_malade_.mp3,Il est très malade.
131214,Il_aime_regarder_la_.mp3,Il aime regarder la télévision.
131061,Il_ressent_ce_prix_c.mp3,Il ressent ce prix comme la gloire suprême.
130978,Est_il_allé_là_bas__.mp3,Est-il allé là-bas ?
130950,Il_est_resté_silenci.mp3,Il est resté silencieux.
130949,Il_a_été_occupé_.mp3,Il a été occupé.
130940,Il_est_revenu_peu_ap.mp3,Il est revenu peu après.
130932,Expliquez_ça_s_il_vo.mp3,Expliquez ça s'il vous plaît.
130912,Il_s_est_déguisé_en_.mp3,Il s'est déguisé en Père Noël pour plaire à ses enfants.
130909,Il_joue_au_football_.mp3,Il joue au football.
130905,Il_a_peur_de_nager_.mp3,Il a peur de nager.
130844,Il_est_certain_de_ve.mp3,Il est certain de venir.
130667,Il_s_est_fait_battre.mp3,Il s'est fait battre trop facilement.
130622,Il_doit_avoir_enviro.mp3,Il doit avoir environ 40 ans.
130516,Il_regarde_la_TV_.mp3,Il regarde la TV.
130367,Il_a_de_longues_jamb.mp3,Il a de longues jambes.
130356,Son_explication_avai.mp3,"Son explication avait éclairci le premier problème, mais j'étais toujours confus en ce qui concernait le second."
130203,Sa_maison_a_été_vend.mp3,Sa maison a été vendue pour 10.000$.
130148,Je_lui_ai_téléphoné_.mp3,Je lui ai téléphoné.
130087,Il_est_incapable_de_.mp3,Il est incapable de le faire.
130035,Je_sais_qu_il_est_oc.mp3,Je sais qu'il est occupé.
130016,Je_l_ai_vu_courir_.mp3,Je l’ai vu courir.
129987,Je_l_apprécie_.mp3,Je l'apprécie.
129963,Il_a_chanté_une_chan.mp3,Il a chanté une chanson.
129908,Je_ne_l_ai_jamais_en.mp3,Je ne l'ai jamais entendu mentir.
129865,Je_dois_manger__auss.mp3,"Je dois manger, aussi."
129862,Les_chevaux_sont_des.mp3,Les chevaux sont des animaux.
129835,Sois_gentil_envers_l.mp3,Sois gentil envers les aînées.
129828,As_tu_de_la_fièvre__.mp3,As-tu de la fièvre ?
129684,Je_viens_du_Japon_.mp3,Je viens du Japon.
129660,Ce_sont_tous_les_deu.mp3,Ce sont tous les deux mes collègues.
129629,Es_tu_seul__.mp3,Es-tu seul ?
129600,Ne_bougez_pas__s_il_.mp3,"Ne bougez pas, s'il vous plait."
129590,J_ai_mal_au_crâne_.mp3,J’ai mal au crâne.
129587,J_aurais_aimé_être_i.mp3,J'aurais aimé être intelligent.
129553,Ne_sois_pas_fâché_.mp3,Ne sois pas fâché.
129535,Puis_je_utiliser_le_.mp3,Puis-je utiliser le téléphone ?
129505,M__Tanabe_est_sorti_.mp3,M. Tanabe est sorti pour le moment.
129477,C_est_un_jour_ensole.mp3,C'est un jour ensoleillé.
129439,Je_suis_allé_pêcher_.mp3,Je suis allé pêcher.
129411,Les_oiseaux_volent_.mp3,Les oiseaux volent.
129403,Les_oiseaux_chantent.mp3,Les oiseaux chantent.
129344,Laissez_moi_rentrer_.mp3,Laissez-moi rentrer.
129224,Tout_le_monde_aime_s.mp3,Tout le monde aime son pays.
129217,Va_voir_qui_c_est_.mp3,Va voir qui c'est.
129168,Je_t_adore_.mp3,Je t'adore.
129154,Parle_distinctement_.mp3,Parle distinctement.
129141,Comment_s_est_passé_.mp3,Comment s'est passé votre séjour ?
129072,J_ai_froid_aux_pieds.mp3,J'ai froid aux pieds.
129048,Ferme_la_fenêtre_.mp3,Ferme la fenêtre.
129027,Viens_vite__.mp3,Viens vite !
128907,Ça_ressemble_à_de_la.mp3,Ça ressemble à de la neige.
128582,J_ai_eu_une_crise_ca.mp3,J'ai eu une crise cardiaque.
128573,J_apprécie_vraiment_.mp3,J'apprécie vraiment cela.
128566,J_aime_dormir_.mp3,J'aime dormir.
128565,Puis_je_aller_au_lit.mp3,Puis-je aller au lit ?
128558,Mâche_bien_ta_nourri.mp3,Mâche bien ta nourriture.
128543,Faisons_la_vaisselle.mp3,Faisons la vaisselle.
128482,Pas_moins_de_cinquan.mp3,Pas moins de cinquante passagers ont été blessés dans cet accident de circulation.
128374,Fais_tes_devoirs_.mp3,Fais tes devoirs.
128320,Laissez_moi_un_mot_.mp3,Laissez-moi un mot.
128214,Excusez_ma_maladress.mp3,Excusez ma maladresse.
128167,Écoute_attentivement.mp3,Écoute attentivement.
128075,Le_papier_brûle_faci.mp3,Le papier brûle facilement.
128052,Te_souviens_tu_du_jo.mp3,Te souviens-tu du jour où l'on s'est rencontré ?
128035,La_viande_est_dure_.mp3,La viande est dure.
128029,Moi_aussi__j_adore_l.mp3,"Moi aussi, j'adore la musique."
128027,Je_le_pense_aussi_.mp3,Je le pense aussi.
128005,Je_cuisine_en_ce_mom.mp3,Je cuisine en ce moment.
127973,Je_suis_devenu_direc.mp3,Je suis devenu directeur.
127921,Je_pensais_ce_que_j_.mp3,Je pensais ce que j'ai dit.
127910,Je_suis_occupé_.mp3,Je suis occupé.
127898,Je_vais_étudier_.mp3,Je vais étudier.
127896,Je_dois_étudier_.mp3,Je dois étudier.
127833,Je_la_regardais_.mp3,Je la regardais.
127825,Je_n_apprécie_guère_.mp3,Je n'apprécie guère son comportement hostile.
127797,Je_lui_ai_montré_ma_.mp3,Je lui ai montré ma chambre.
127784,Je_les_connais_.mp3,Je les connais.
127774,Je_l_ai_vu_nager_.mp3,Je l'ai vu nager.
127668,Je_suis_d_accord_ave.mp3,Je suis d'accord avec lui.
127667,Je_lui_dois_50_000_y.mp3,"Je lui dois 50,000 yens."
127653,Je_lui_ai_acheté_une.mp3,Je lui ai acheté une cravate.
127600,Je_suis_sûr_qu_il_ré.mp3,Je suis sûr qu'il réussira.
127545,J_ai_deux_livres_.mp3,J'ai deux livres.
127542,J_aime_lire_des_livr.mp3,J'aime lire des livres.
127536,Je_suis_allé_au_zoo_.mp3,Je suis allé au zoo.
127510,J_ai_mis_un_appât_su.mp3,J'ai mis un appât sur l'hameçon.
127479,Je_suis_un_homme_.mp3,Je suis un homme.
127470,J_ai_appelé_à_l_aide.mp3,J'ai appelé à l'aide.
127408,Elle_sait_parler_fra.mp3,Elle sait parler français.
127390,Il_manque_de_motivat.mp3,Il manque de motivation.
127383,Il_a_fait_un_robot_.mp3,Il a fait un robot.
126687,Elle_a_ouvert_la_por.mp3,Elle a ouvert la porte.
126676,Qui_a_fait_ce_gâteau.mp3,Qui a fait ce gâteau ?
126675,J_ai_fait_un_cauchem.mp3,J'ai fait un cauchemar.
126658,Où_est_ce_que_c_est_.mp3,Où est-ce que c'est caché ?
126571,Il_y_a_quelqu_un__.mp3,Il y a quelqu'un ?
126549,Comment_s_appelle_t_.mp3,Comment s'appelle-t-il ?
120024,Quand_est_ce_que_ça_.mp3,Quand est-ce que ça finit ?
120011,Qu_est_ce_que_tu_aim.mp3,Qu'est-ce que tu aimes bien ?
120006,Nous_avons_assez_d_e.mp3,Nous avons assez d'eau.
120000,Il_a_dormi_toute_la_.mp3,Il a dormi toute la journée.
90842,Ne_mange_pas_trop_.mp3,Ne mange pas trop.
56701,Tu_es_viré_.mp3,Tu es viré.
31373,Allez__lève_toi_.mp3,"Allez, lève-toi."
15793,Il_neigera_demain_.mp3,Il neigera demain.
15762,C_est_bizarre_.mp3,C'est bizarre.
15738,Je_me_sens_seul_.mp3,Je me sens seul.
15734,Levez_vous__s_il_vou.mp3,"Levez-vous, s'il vous plaît."
15719,Le_coton_absorbe_l_e.mp3,Le coton absorbe l'eau.
15592,Elle_est_allée_à_l_é.mp3,Elle est allée à l'étranger.
15447,C_est_un_poète_.mp3,C'est un poète.
15394,Il_nage_bien_.mp3,Il nage bien.
15355,Il_est_né_dans_l_Ohi.mp3,Il est né dans l'Ohio.
15237,J_aime_mieux_le_café.mp3,J'aime mieux le café.
15111,Tenez_.mp3,Tenez.
15033,Parlons_anglais_.mp3,Parlons anglais.
14940,Gardez_ma_place__s_i.mp3,"Gardez ma place, s'il vous plaît."
14914,Je_n_en_ai_pas_l_usa.mp3,Je n'en ai pas l'usage.
14857,J_ai_un_problème_d_a.mp3,J'ai un problème d'argent.
14844,Je_suis_bon_en_ski_.mp3,Je suis bon en ski.
14807,J_entends_quelque_ch.mp3,J'entends quelque chose.
14768,J_ai_bien_dormi_.mp3,J'ai bien dormi.
14725,Je_crois_qu_elle_est.mp3,Je crois qu'elle est malade.
14721,J_ai_dû_rentrer_à_la.mp3,J'ai dû rentrer à la maison à pied.
14662,La_vie_n_est_pas_tou.mp3,La vie n'est pas toujours agréable.
14629,Est_ce_que_quelqu_un.mp3,Est-ce que quelqu'un le connaît ?
14611,Je_ne_peux_pas_bouge.mp3,Je ne peux pas bouger.
14484,Il_est_enseignant_.mp3,Il est enseignant.
14411,Je_veux_de_l_eau_.mp3,Je veux de l'eau.
14384,Les_accidents_sont_i.mp3,Les accidents sont inévitables.
14376,Je_n_ai_pas_une_très.mp3,Je n'ai pas une très bonne vue.
14369,J_étais_inconscient_.mp3,J'étais inconscient de sa présence.
14365,Je_parie_contre_lui_.mp3,Je parie contre lui.
14325,Je_parle_anglais_.mp3,Je parle anglais.
14283,Il_y_a_un_téléphone_.mp3,Il y a un téléphone dans ma chambre.
14259,Je_laisse_tomber_.mp3,Je laisse tomber.
14243,Restez_où_vous_êtes_.mp3,Restez où vous êtes.
14227,Je_suis_fauché_.mp3,Je suis fauché.
14214,Dans_certaines_socié.mp3,"Dans certaines sociétés, les employés peuvent avoir un travail garanti à vie."
14185,Bonne_année__.mp3,Bonne année !
14182,Il_s_est_allongé_sur.mp3,Il s'est allongé sur le lit.
14157,C_est_ce_que_je_pens.mp3,C'est ce que je pensais.
14106,Asseyez_vous__s_il_v.mp3,"Asseyez-vous, s'il vous plaît."
14097,Les_Étatsuniens_ont_.mp3,Les Étatsuniens ont le droit de porter des armes.
14091,Sais_tu_conduire__.mp3,Sais-tu conduire ?
14066,Avez_vous_des_sœurs_.mp3,Avez-vous des sœurs ?
14055,Évitez_de_traverser_.mp3,Évitez de traverser cette rue quand il pleut.
14049,Une_averse_commença_.mp3,Une averse commença à tomber.
14039,Je_ne_vois_rien_du_t.mp3,Je ne vois rien du tout de mon œil droit.
14034,L_alcool_au_volant_p.mp3,L'alcool au volant peut être dangereux.
14032,Est_ce_que_les_boiss.mp3,Est-ce que les boissons sont gratuites ?
14018,Une_seconde_est_un_s.mp3,Une seconde est un soixantième de minute.
14013,Dans_l_ensemble__le_.mp3,"Dans l'ensemble, le Japon a un climat doux."
14004,Je_vais_te_payer_à_b.mp3,Je vais te payer à boire.
13976,Laissez_moi_tranquil.mp3,Laissez-moi tranquille.
13972,Viens_pêcher_avec_mo.mp3,Viens pêcher avec moi.
13971,Je_peux_courir_avec_.mp3,Je peux courir avec toi ?
13894,Les_mauvaises_nouvel.mp3,Les mauvaises nouvelles vont vite.
13887,Ne_sois_pas_un_mauva.mp3,Ne sois pas un mauvais garçon.
13875,Au_mieux__nous_ne_po.mp3,"Au mieux, nous ne pouvons espérer qu'un petit bénéfice."
13869,J_ai_honte_de_moi_mê.mp3,J'ai honte de moi-même.
13857,Je_n_ai_pas_pris_par.mp3,Je n'ai pas pris part à la conversation.
13852,J_ai_attrapé_des_pap.mp3,J'ai attrapé des papillons avec un filet.
13851,Je_savais_que_tu_vie.mp3,Je savais que tu viendrais.
13843,Ma_maison_est_seulem.mp3,Ma maison est seulement à un mille d'ici.
13814,J_ai_entendu_dire_qu.mp3,J'ai entendu dire que Robert est malade.
13807,Avez_vous_déjà_visit.mp3,Avez-vous déjà visité Rome ?
13802,Il_y_a_beaucoup_de_c.mp3,Il y a beaucoup de constructions antiques à Rome.
13800,Ne_lâche_pas_la_cord.mp3,Ne lâche pas la corde.
13788,Les_citrons_sont_aci.mp3,Les citrons sont acides.
13753,Un_chameau_est__pour.mp3,"Un chameau est, pour ainsi dire, un bateau dans le désert."
13741,Je_n_arrive_pas_à_bi.mp3,Je n’arrive pas à bien dormir.
13739,Écoute_bien_.mp3,Écoute bien.
13729,Heureux_l_homme_qui_.mp3,Heureux l'homme qui trouve une bonne épouse.
13706,On_a_enfin_su_la_vér.mp3,On a enfin su la vérité.
13700,Il_devrait_pleuvoir_.mp3,Il devrait pleuvoir bientôt.
13698,Hé___Quoi_de_neuf__.mp3,Hé ! Quoi de neuf ?
13692,Demandez_moi_quelque.mp3,Demandez-moi quelque chose de plus simple.
13690,Fais_ton_travail_ave.mp3,Fais ton travail avec plus d'attention.
13641,As_tu_déjà_pris_ton_.mp3,As-tu déjà pris ton déjeuner ?
13599,Puis_je_rentrer_à_la.mp3,Puis-je rentrer à la maison maintenant ?
13592,Pouvez_vous_répéter_.mp3,"Pouvez-vous répéter cela, s'il vous plaît ?"
13587,Désolé_.mp3,Désolé.
13570,Il_sera_bientôt_là_.mp3,Il sera bientôt là.
13569,Noël_arrive_bientôt_.mp3,Noël arrive bientôt.
13558,Il_est_déjà_7_heures.mp3,Il est déjà 7 heures.
13541,Lis_le_message_encor.mp3,Lis le message encore une fois.
13513,Mary_et_sa_sœur_ont_.mp3,Mary et sa sœur ont gardé tour à tour leur mère malade.
13486,Mis_à_part_quelques_.mp3,"Mis à part quelques erreurs, votre rédaction était excellente."
13460,Avez_vous_des_allume.mp3,Avez-vous des allumettes ?
13456,Regardez_devant_vous.mp3,"Regardez devant vous, je vous prie."
13455,Va_tout_droit_.mp3,Va tout droit.
13446,À_plus_.mp3,À plus.
13443,Il_pleut_encore_.mp3,Il pleut encore.
13439,Êtes_vous_encore_dan.mp3,Êtes-vous encore dans les parages ?
13434,Je_suis_heureux_de_v.mp3,Je suis heureux de vous rencontrer à nouveau.
13432,N_importe_quand_.mp3,N'importe quand.
13410,Mère_Thérésa_était_u.mp3,Mère Thérésa était une sœur catholique qui vivait et travaillait à Calcutta en Inde.
13395,Savez_vous_ce_que_c_.mp3,Savez-vous ce que c'est d'être réellement affamé ?
13389,Le_voilà_.mp3,Le voilà.
13359,J_ai_trouvé_mon_âme_.mp3,J'ai trouvé mon âme sœur en Bob.
13333,Passez_moi_le_patron.mp3,"Passez-moi le patron, s'il vous plait."
13314,S_il_te_plaît__montr.mp3,"S'il te plaît, montre-m'en un autre."
13268,Puis_je_avoir_un_pro.mp3,Puis-je avoir un programme ?
13260,Merci_pour_votre_cad.mp3,Merci pour votre cadeau.
13256,Voici_votre_pudding_.mp3,Voici votre pudding.
13253,Je_veux_quelqu_un_qu.mp3,Je veux quelqu'un qui sache parler français.
13229,Brian_a_l_air_déprim.mp3,Brian a l'air déprimé.
13223,Pouvons_nous_avoir_u.mp3,Pouvons-nous avoir une fourchette ?
13179,L_hôtel_Hilton__s_il.mp3,"L'hôtel Hilton, s'il vous plaît."
13165,Comme_j_ai_un_mauvai.mp3,"Comme j'ai un mauvais rhume, je vais consulter un médecin."
13106,S_il_vous_plait__ouv.mp3,"S'il vous plait, ouvrez votre sac."
13103,S_il_te_plaît__passe.mp3,"S'il te plaît, passe-moi le beurre."
13102,On_fait_le_beurre_av.mp3,On fait le beurre avec de la crème.
13083,Le_bus_arrive_.mp3,Le bus arrive.
13073,Ne_dis_pas_n_importe.mp3,Ne dis pas n'importe quoi !
13065,On_y_est_.mp3,On y est.
13064,Voici_vos_clés_.mp3,Voici vos clés.
13062,Un_aller_simple_pour.mp3,"Un aller simple pour Birmingham, s'il vous plait."
13052,Salue_la_de_ma_part_.mp3,"Salue-la de ma part si tu la vois à la fête, s'il te plaît."
13048,J_attends_la_fête_av.mp3,J'attends la fête avec impatience.
13045,Reste_cool_.mp3,Reste cool.
13043,Passé_le_gué__honni_.mp3,"Passé le gué, honni le saint."
13041,Je_meurs_de_soif_.mp3,Je meurs de soif.
13037,Une_chauve_souris_es.mp3,Une chauve-souris est autant un oiseau qu'un rat peut l'être.
13033,Les_chats_peuvent_at.mp3,Les chats peuvent attraper les souris.
13011,Comme_c_est_mignon__.mp3,Comme c'est mignon !
13007,Nancy_a_été_en_bons_.mp3,Nancy a été en bons termes avec ma sœur pendant plus de cinq ans.
13006,Nancy_ressemble_à_ma.mp3,Nancy ressemble à ma grande sœur.
12993,Tout_est_prêt_.mp3,Tout est prêt.
12988,Maintenant_je_compre.mp3,Maintenant je comprends pourquoi il n'est pas allé à l'université.
12982,Je_ne_peux_pas_compr.mp3,Je ne peux pas comprendre pourquoi tu es si critique à son égard.
12884,C_est_très_bon_.mp3,C'est très bon.
12834,Finalement__le_vende.mp3,"Finalement, le vendeur m'a convaincu d'acheter la machine la plus chère."
12829,S_il_te_plaît__prend.mp3,"S'il te plaît, prends bien soin de toi."
12825,S_il_te_plaît__parle.mp3,"S'il te plaît, parle moins vite."
12819,Allume_le__s_il_te_p.mp3,"Allume-le, s'il te plait."
12817,Servez_vous_s_il_vou.mp3,Servez-vous s'il vous plaît.
12813,Penses_y_.mp3,Penses-y.
12797,Comment_sont_ils_dev.mp3,Comment sont-ils devenus si riches ?
12789,Comment_puis_je_quit.mp3,Comment puis-je quitter ce travail ?
12784,Pardonne_moi_s_il_te.mp3,Pardonne-moi s'il te plaît.
12771,Puis_je_être_excusé_.mp3,Puis-je être excusé ?
12758,Garde_la_porte_ouver.mp3,Garde la porte ouverte.
12755,Verrouille_la_porte_.mp3,Verrouille la porte.
12754,Ne_claque_pas_la_por.mp3,Ne claque pas la porte.
12752,Cognez_à_la_porte__s.mp3,"Cognez à la porte, s'il vous plait."
12749,Gardez_la_porte_verr.mp3,Gardez la porte verrouillée.
12744,Puis_je_éteindre_la_.mp3,Puis-je éteindre la télé ?
12727,Puis_je_allumer_la_t.mp3,Puis-je allumer la télévision ?
12689,Saute_le_plus_haut_p.mp3,Saute le plus haut possible.
12660,Ne_ronge_pas_tes_ong.mp3,Ne ronge pas tes ongles.
12655,Une_hirondelle_vole_.mp3,Une hirondelle vole très vite.
12629,J_ai_juste_laissé_to.mp3,J'ai juste laissé tomber.
12620,Attendez_un_moment_.mp3,Attendez un moment.
12617,J_ai_envie_de_me_rep.mp3,J'ai envie de me reposer.
12615,Reposons_nous_.mp3,Reposons-nous.
12614,Calmez_vous_pendant_.mp3,Calmez-vous pendant un moment.
12603,Je_viens_de_le_renco.mp3,Je viens de le rencontrer.
12590,Dan_aime_réaliser_de.mp3,Dan aime réaliser des modèles réduits de voitures.
12573,Personne_n_aime_qu_o.mp3,Personne n'aime qu'on se moque de lui.
12555,J_aimerais_pouvoir_a.mp3,J'aimerais pouvoir arrêter de fumer.
12535,Une_résolution_sur_u.mp3,Une résolution sur un compromis restreint est préférable à rien du tout.
12500,Beaucoup_de_poissons.mp3,Beaucoup de poissons ont péri.
12499,Des_douzaines_d_étud.mp3,Des douzaines d'étudiants se rassemblèrent là.
12492,Habituellement_je_me.mp3,Habituellement je me déplace à pied.
12479,Ne_parle_pas_comme_ç.mp3,Ne parle pas comme ça.
12462,Ne_marche_pas_si_vit.mp3,Ne marche pas si vite.
12452,Ne_mange_pas_comme_u.mp3,Ne mange pas comme un porc.
12451,Je_n_ai_pas_tout_à_f.mp3,Je n'ai pas tout à fait compris le nom de ce créateur.
12447,Ne_dis_pas_ça_.mp3,Ne dis pas ça.
12433,Ça_me_rend_triste_d_.mp3,Ça me rend triste d'entendre ça.
12428,Apportez_le_moi_.mp3,Apportez-le-moi.
12427,Achetez_le_moi__s_il.mp3,"Achetez-le-moi, s'il vous plaît."
12426,S_il_te_plait__envoi.mp3,"S'il te plait, envoie-le-moi par fax."
12424,Peux_tu_le_faire_à_t.mp3,Peux-tu le faire à temps ?
12418,Posez_le_sur_la_tabl.mp3,Posez-le sur la table.
12407,C_est_une_bonne_idée.mp3,C'est une bonne idée.
12392,C_était_une_longue_l.mp3,C'était une longue lettre.
12389,Tout_le_monde_le_sai.mp3,Tout le monde le sait.
12360,Ce_n_est_pas_cher_.mp3,Ce n'est pas cher.
12358,Ça_ne_va_pas_t_aider.mp3,Ça ne va pas t'aider.
12355,C_est_surprenant_.mp3,C'est surprenant.
12353,C_était_il_y_a_des_a.mp3,C'était il y a des années.
12351,Ça_sent_délicieuseme.mp3,Ça sent délicieusement bon.
12342,C_est_un_tournesol_.mp3,C'est un tournesol.
12327,C_est_de_la_merde__J.mp3,C'est de la merde. Jette-le.
12316,Ne_touche_pas_à_ça_.mp3,Ne touche pas à ça.
12299,C_est_tout_.mp3,C'est tout.
12271,Racontez_moi_cela__j.mp3,"Racontez-moi cela, je suis toute ouïe."
12259,En_ce_qui_concerne_c.mp3,"En ce qui concerne cette affaire, je suis très satisfait."
12251,Je_lui_ai_rendu_son_.mp3,Je lui ai rendu son livre.
12240,Ce_chapeau_est_trop_.mp3,Ce chapeau est trop petit pour vous.
12239,Enregistrez_l_émissi.mp3,Enregistrez l'émission sur une bande magnétique.
12199,Renseigne_toi_sur_le.mp3,Renseigne-toi sur le mot dans le dictionnaire.
12158,Certaines_photos_ont.mp3,Certaines photos ont été prises au péril de la vie.
12129,Les_sœurs_sont_toute.mp3,Les sœurs sont toutes les deux très belles.
12125,Prenez_moi_à_l_essai.mp3,"Prenez-moi à l'essai pour ce travail, s'il vous plait."
12113,Ne_lâche_pas_le_chie.mp3,Ne lâche pas le chien.
12111,N_approchez_pas_du_c.mp3,N'approchez pas du chien.
12092,Pendant_tout_ce_temp.mp3,"Pendant tout ce temps, j'étais là."
12064,Personne_ne_savait_à.mp3,Personne ne savait à quoi ressemblait la machine.
12060,Connais_tu_cet_hôtel.mp3,Connais-tu cet hôtel ?
12052,La_chance_nous_a_sou.mp3,La chance nous a souri alors.
12048,Passez_moi_la_clé_.mp3,Passez-moi la clé.
12043,Parlez_moi_de_cela_.mp3,Parlez-moi de cela.
12034,Dis_moi_comment_joue.mp3,Dis-moi comment jouer au jeu.
12029,Ne_blâmez_pas_le_gui.mp3,Ne blâmez pas le guide.
12027,Gardez_l_argent_en_l.mp3,Gardez l'argent en lieu sûr.
12018,Quel_temps_fait_il_l.mp3,Quel temps fait-il là-bas ?
12012,Une_pelleteuse_arriv.mp3,Une pelleteuse arriva peu de temps après et commença à creuser une route dans la colline pleine de pâquerettes.
12005,Ne_le_laissez_pas_ou.mp3,Ne le laissez pas ouvert.
11985,Ne_le_penses_tu_pas_.mp3,Ne le penses-tu pas ?
11982,Je_n_espère_pas_.mp3,Je n'espère pas.
11958,Attention_aux_pickpo.mp3,Attention aux pickpockets.
11947,Excusez_moi__je_me_s.mp3,"Excusez-moi, je me suis perdu."
11918,Toutes_les_tragédies.mp3,Toutes les tragédies finissent par une mort.
11911,Toutes_les_familles_.mp3,"Toutes les familles heureuses se ressemblent, mais les familles malheureuses le sont chacune à leur manière."
11889,Je_vous_l_ai_déjà_di.mp3,Je vous l'ai déjà dit.
11881,J_ai_terriblement_fa.mp3,J'ai terriblement faim.
11877,Génial__.mp3,Génial !
11874,Je_serai_de_retour_d.mp3,Je serai de retour dans quelques minutes.
11787,Joan_est_aussi_charm.mp3,Joan est aussi charmant que sa sœur.
11777,George_a_épousé_ma_s.mp3,George a épousé ma sœur.
11770,La_sœur_de_George_m_.mp3,La sœur de George m'a fait quelques sandwiches.
11749,Jack_a_fait_beaucoup.mp3,Jack a fait beaucoup de fautes dans sa composition.
11678,Mais_il_avait_besoin.mp3,Mais il avait besoin d'un boulot.
11630,Le_Sahara_est_un_gra.mp3,Le Sahara est un grand désert.
11628,Jouons_au_football_.mp3,Jouons au football.
11613,Raconte_moi__je_suis.mp3,"Raconte-moi, je suis tout ouïe."
11604,Présentez_mes_respec.mp3,Présentez mes respects à vos parents.
11579,J_apprécie_votre_coo.mp3,J'apprécie votre coopération.
11578,Comment_allez_vous__.mp3,Comment allez-vous ?
11575,Sers_toi_un_bout_de_.mp3,Sers-toi un bout de gâteau.
11553,Il_doit_être_stupide.mp3,Il doit être stupide de croire une telle chose.
11544,J_étais_surprise_de_.mp3,J'étais surprise de voir autant de gens au concert.
11534,Puis_je_manger_ceci_.mp3,Puis-je manger ceci ?
11532,Puis_je_l_essayer__.mp3,Puis-je l'essayer ?
11527,Apprenez_ces_noms_pa.mp3,Apprenez ces noms par cœur.
11507,Je_crois_que_ce_pois.mp3,Je crois que ce poisson est un poisson d'eau douce.
11496,Je_vais_à_la_maison_.mp3,Je vais à la maison maintenant.
11478,Es_tu_sûr_que_c_est_.mp3,Es-tu sûr que c'est le bon train ?
11460,Je_peux_avoir_ce_liv.mp3,Je peux avoir ce livre ?
11442,Il_ne_faut_pas_fumer.mp3,Il ne faut pas fumer dans cette pièce.
11412,Cette_ville_vous_pla.mp3,Cette ville vous plaît-elle ?
11373,À_chaque_fois_que_je.mp3,"À chaque fois que je regarde cette photo, je me remémore mes jours heureux à la campagne."
11369,Tous_les_mots_de_ce_.mp3,Tous les mots de ce dictionnaire sont importants.
11347,Aère_le_coussin__s_i.mp3,"Aère le coussin, s'il te plait."
11342,Quelle_taille_fait_c.mp3,Quelle taille fait ce parc ?
11315,Montez_ces_escaliers.mp3,Montez ces escaliers.
11313,Regardez_ce_tableau_.mp3,"Regardez ce tableau, s'il vous plaît."
11281,Combien_coûte_ce_sty.mp3,Combien coûte ce stylo ?
11272,Je_n_aime_pas_cette_.mp3,Je n'aime pas cette cravate. Montrez-m'en une autre.
11270,Combien_coûte_cette_.mp3,Combien coûte cette cravate ?
11255,Essayons_ce_gâteau_.mp3,Essayons ce gâteau.
11252,Pouvez_vous_changer_.mp3,Pouvez-vous changer ce billet s'il vous plaît ?
11248,S_il_vous_plaît__rem.mp3,"S'il vous plaît, remplissez ce questionnaire et envoyez-le-nous."
11247,Je_suis_un_étranger_.mp3,Je suis un étranger ici.
11237,Venez_nous_rendre_vi.mp3,Venez nous rendre visite si vous passez dans le coin.
11227,Viens_ici_et_aide_mo.mp3,Viens ici et aide-moi.
11218,Asseyons_nous_ici_su.mp3,Asseyons-nous ici sur l'herbe.
11211,Puis_je_m_asseoir_ic.mp3,Puis-je m'asseoir ici ?
11185,On_ne_vend_ici_que_d.mp3,On ne vend ici que des chaussures pour dames.
11182,S_il_vous_plaît__fai.mp3,"S'il vous plaît, faites comme chez vous."
11177,Puis_je_fumer_ici__.mp3,Puis-je fumer ici ?
11176,S_il_vous_plaît__att.mp3,"S'il vous plaît, attendez un peu ici."
11167,Va_t_en_d_ici_.mp3,Va-t'en d'ici.
11165,Quelle_distance_y_a_.mp3,Quelle distance y a-t-il entre ici et le musée ?
11110,Kent_est_un_meneur_n.mp3,Kent est un meneur-né.
11107,À_l_aéroport_Kennedy.mp3,"À l'aéroport Kennedy, s'il vous plaît."
11105,Montrez_moi_votre_br.mp3,"Montrez-moi votre bras blessé, s'il vous plaît."
11086,Acceptez_vous_les_ca.mp3,Acceptez-vous les cartes de crédits ?
11050,Arrête_de_paresser_e.mp3,Arrête de paresser et bouge-toi !
11028,Je_suis_heureux_de_t.mp3,Je suis heureux de te voir.
11027,Êtes_vous_tous_prêts.mp3,Êtes-vous tous prêts ?
11015,Il_doit_t_aimer_.mp3,Il doit t'aimer.
10998,Le_verre_casse_facil.mp3,Le verre casse facilement.
10994,As_tu_un_appareil_ph.mp3,As-tu un appareil photo ?
10983,Un_bon_nombre_de_per.mp3,Un bon nombre de personnes étaient là.
10904,Prends_soin_de_toi_.mp3,Prends soin de toi.
10903,Prends_soin_de_toi__.mp3,"Prends soin de toi, s'il te plaît."
10898,Uniquement_de_l_eau_.mp3,"Uniquement de l'eau, je vous prie."
10897,Prenons_des_sushi_.mp3,Prenons des sushi.
10893,C_est_très_gentil_de.mp3,C'est très gentil de ta part de m'aider.
10888,Combien_avez_vous_d_.mp3,Combien avez-vous d'enfants ?
10858,Je_peux_bien_compren.mp3,Je peux bien comprendre ce que tu ressens.
10854,Vérifie__s_il_te_pla.mp3,"Vérifie, s'il te plaît."
10847,Êtes_vous_allé_voir_.mp3,Êtes-vous allé voir un médecin ?
10828,Ne_fais_pas_encore_l.mp3,Ne fais pas encore la même erreur.
10796,Ne_partez_pas_.mp3,Ne partez pas.
10792,Eriko_travailla_si_l.mp3,"Eriko travailla si longtemps et si fort, sans s'arrêter pour manger, que j'eus peur qu'elle ne défaille."
10789,Emi_n_a_encore_jamai.mp3,Emi n'a encore jamais écrit de lettre.
10754,Notre_famille_se_com.mp3,Notre famille se compose de cinq personnes.
10747,Les_lapins_ont_de_gr.mp3,Les lapins ont de grandes oreilles.
10738,Les_prix_sont_élevés.mp3,Les prix sont élevés.
10719,C_est_trop_tard_main.mp3,C'est trop tard maintenant.
10694,Viens_quand_tu_veux_.mp3,Viens quand tu veux.
10690,Une_fois_que_vous_av.mp3,"Une fois que vous avez commencé à faire quelque chose, n'abandonnez jamais."
10685,Venez_avec_nous_.mp3,Venez avec nous.
10684,Je_l_ai_rencontré_un.mp3,Je l'ai rencontré une fois.
10667,De_nombreux_livres_f.mp3,De nombreux livres furent volés.
10655,Ça_sent_bon__.mp3,Ça sent bon !
10602,Je_l_ai_rencontré_pa.mp3,Je l'ai rencontré par un matin d'hiver.
10600,Je_suis_d_accord_ave.mp3,Je suis d'accord avec toi d'une certaine manière.
10571,Les_Étatsuniens_mang.mp3,Les Étatsuniens mangent beaucoup de viande.
10568,Les_Étatsuniens_admi.mp3,Les Étatsuniens admirent Lincoln pour son honnêteté.
10556,Les_femmes_étasunien.mp3,Les femmes étasuniennes n'avaient pas le droit de vote.
10551,Il_y_a_une_bibliothè.mp3,Il y a une bibliothèque dans chaque ville étatsunienne.
10531,Cette_boîte_là_est_p.mp3,Cette boîte-là est plus grande que celle-ci.
10530,C_est_un_magasin_bon.mp3,C'est un magasin bon marché.
10498,Regarde_les_filles_.mp3,Regarde les filles.
10483,Laissez_moi_devant_c.mp3,"Laissez-moi devant ce bâtiment, s'il vous plaît."
10482,Je_veux_ce_sac_.mp3,Je veux ce sac.
10478,Cette_société_publie.mp3,"Cette société publie un magazine, n'est-ce pas ?"
10476,Regarde_cette_maison.mp3,Regarde cette maison.
10471,Le_docteur_le_guérir.mp3,Le docteur le guérira peut-être de son cancer.
10462,Puis_je_manger_ce_gâ.mp3,Puis-je manger ce gâteau ?
10449,Cet_homme_qui_te_reg.mp3,"Cet homme qui te regarde là, tu le connais ?"
10436,Es_tu_libre_demain__.mp3,Es-tu libre demain ?
10435,Courez_vous_tous_les.mp3,Courez-vous tous les jours ?
10430,Étudiez_vous__.mp3,Étudiez-vous ?
10425,Ne_saviez_vous_pas_q.mp3,Ne saviez-vous pas qu'il est mort il y a deux ans ?
10424,Pouvez_vous_monter_à.mp3,Pouvez-vous monter à cheval ?
10419,Êtes_vous_chinois_ou.mp3,Êtes-vous chinois ou japonais ?
10411,As_tu_une_voiture__.mp3,As-tu une voiture ?
10407,Pouvez_vous_conduire.mp3,Pouvez-vous conduire une voiture ?
10405,M_aimes_tu__.mp3,M'aimes-tu ?
10403,As_tu_vu_mon_apparei.mp3,As-tu vu mon appareil photo ?
10401,Savez_vous_où_j_habi.mp3,Savez-vous où j'habite ?
10399,Avez_vous_fini_votre.mp3,Avez-vous fini votre travail ?
10391,Es_tu_étudiant__.mp3,Es-tu étudiant ?
10387,Êtes_vous_partis_à_l.mp3,Êtes-vous partis à l'étranger pour le plaisir ou pour le travail ?
10375,Aimez_vous_l_anglais.mp3,Aimez-vous l'anglais ?
10374,Savez_vous_parler_an.mp3,Savez-vous parler anglais ?
10373,Sais_tu_nager__.mp3,Sais-tu nager ?
10347,Avez_vous_prévu_de_p.mp3,Avez-vous prévu de participer à la réunion ?
10329,Peux_tu_dire_la_diff.mp3,Peux-tu dire la différence entre un Étatsunien et un Canadien ?
10309,Puis_je_utiliser_vot.mp3,Puis-je utiliser votre téléphone ?
10305,S_il_vous_plaît_fait.mp3,S'il vous plaît faites-moi voir votre album de timbres.
10299,Fais_moi_savoir_ton_.mp3,Fais-moi savoir ton adresse s'il te plaît.
10285,Puis_je_utiliser_vot.mp3,Puis-je utiliser votre bureau ?
10277,Tournez_toute_votre_.mp3,Tournez toute votre attention sur ce que vous êtes en train de faire.
10262,Je_suis_d_accord_ave.mp3,Je suis d'accord avec vous.
10261,Je_vais_le_faire_com.mp3,Je vais le faire comme tu l'as dit.
10238,Puis_je_te_parler__.mp3,Puis-je te parler ?
10236,Je_vais_vous_accompa.mp3,Je vais vous accompagner.
10220,Faites_le_vous_même_.mp3,Faites-le vous-même.
10196,S_il_vous_plaît__app.mp3,"S'il vous plaît, appelez-moi plus tard à mon hôtel."
10192,Il_est_ici__.mp3,Il est ici !
10146,J_ai_faim__.mp3,J'ai faim !
10143,Je_souhaiterais_être.mp3,Je souhaiterais être un oiseau.
10089,C_est_50_yen_.mp3,C'est 50 yen.
10058,Comptez_jusqu_à_tren.mp3,Comptez jusqu'à trente.
10038,Une_feuille_morte_to.mp3,Une feuille morte tomba au sol.
10026,N_essaie_pas_de_fair.mp3,N'essaie pas de faire deux choses à la fois.
10025,Je_dois_en_acheter_u.mp3,Je dois en acheter un.
10009,Les_exportations_de_.mp3,Les exportations de janvier ont été supérieures de 20% par rapport à l'an dernier.
9994,J_ai_19_ans_.mp3,J'ai 19 ans.
9978,Référez_vous_à_la_pa.mp3,"Référez-vous à la page 10, s'il vous plaît."
9964,1__3_et_5_sont_des_n.mp3,"1, 3 et 5 sont des nombres impairs."
9931,_Oui__je_l_ai_fait__.mp3,"«Oui, je l'ai fait» a-t-il dit."
9924,_Aimez_vous_les_gâte.mp3,"«Aimez-vous les gâteaux ?» «Oui, j'aime ça.»"
9894,Je_suis_en_retard_à_.mp3,Je suis en retard à cause de la pluie.
9876,Les_exercices_sont_b.mp3,Les exercices sont bons pour la santé.
9842,L_anglais_n_est_pas_.mp3,L'anglais n'est pas facile mais est intéressant.
9840,L_anglais_est_une_la.mp3,L'anglais est une langue internationale.
9838,L_anglais_n_est_pas_.mp3,L'anglais n'est pas facile pour moi.
9807,En_tant_qu_Anglais__.mp3,"En tant qu'Anglais, il est particulièrement sensible aux différences entre les usages anglais et étasunien."
9757,Les_crayons_se_vende.mp3,Les crayons se vendent par douzaines.
9752,Passez_moi_le_sel__s.mp3,"Passez-moi le sel, s'il vous plaît."
9737,Longue_vie_au_roi__.mp3,Longue vie au roi !
9734,Laisse_moi_m_occuper.mp3,Laisse-moi m'occuper de ça.
9726,Je_vis_en_ville_.mp3,Je vis en ville.
9706,Je_sens_que_quelque_.mp3,Je sens que quelque chose ne va pas.
9703,Montrez_m_en_d_autre.mp3,Montrez-m'en d'autres.
9677,Je_vous_demande_pard.mp3,Je vous demande pardon ?
9675,Pardon__.mp3,Pardon ?
9656,Puis_je_vous_aider__.mp3,Puis-je vous aider ?
9653,Le_problème__ce_n_es.mp3,"Le problème, ce n'est pas ce que tu portes, mais comment tu le portes."
9637,Combien_de_personnes.mp3,Combien de personnes étaient-elles présentes à la réunion ?
9623,Il_fait_très_chaud_i.mp3,Il fait très chaud ici en été.
9622,Aimez_vous_l_été__.mp3,Aimez-vous l'été ?
9605,Ma_maison_était_en_f.mp3,Ma maison était en feu.
9518,Je_ne_peux_pas_le_su.mp3,Je ne peux pas le supporter.
9514,Participerez_vous_à_.mp3,Participerez-vous à la réunion ?
9513,Vas_tu_assister_à_la.mp3,Vas-tu assister à la réunion ?
9512,L_ordre_du_jour_de_l.mp3,L'ordre du jour de la réunion a été distribué.
9511,Est_ce_que_la_réunio.mp3,Est-ce que la réunion peut finir dans les deux heures ?
9499,Un_cendrier_s_il_vou.mp3,Un cendrier s'il vous plaît.
9487,Je_n_en_ai_pas_la_mo.mp3,Je n'en ai pas la moindre idée.
9480,Sors_.mp3,Sors.
9476,Il_ne_faut_pas_juger.mp3,Il ne faut pas juger une personne à son apparence.
9473,Avez_vous_une_bière_.mp3,Avez-vous une bière étrangère ?
9471,Vous_intéressez_vous.mp3,Vous intéressez-vous aux langues étrangères ?
9469,Avez_vous_déjà_été_à.mp3,Avez-vous déjà été à l'étranger ?
9449,Chaque_pièce_est_équ.mp3,Chaque pièce est équipée d'un grand bureau.
9442,Je_l_ai_vu_.mp3,Je l'ai vu.
9397,Bon_week_end_.mp3,Bon week-end.
9380,Aucun_problème__.mp3,Aucun problème !
9376,Les_idéogrammes_chin.mp3,Les idéogrammes chinois sont difficiles à lire.
9364,C_est_un_petit_appar.mp3,C'est un petit appartement bruyant mais c'est où je vis et je l'appelle 'maison'.
9356,Il_a_l_air_pâle_.mp3,Il a l'air pâle.
9348,Ne_montre_pas_tes_ém.mp3,Ne montre pas tes émotions.
9332,Une_sensation_étrang.mp3,Une sensation étrange m'envahissait.
9328,Je_vais_bien_mainten.mp3,Je vais bien maintenant.
9324,Comment_vous_sentez_.mp3,Comment vous sentez-vous ?
9320,Celui_qui_ne_respect.mp3,Celui qui ne respecte pas les règles devra partir sur-le-champ.
9319,Son_arme__c_est_une_.mp3,"Son arme, c'est une bonne mémoire."
9315,C_était_un_grand_pla.mp3,C'était un grand plaisir pour moi de rencontrer beaucoup d'associés de votre société.
9302,Les_ingénieurs_s_exc.mp3,Les ingénieurs s'excitent à propos de l'énergie solaire.
9283,Est_ce_que_vous_êtes.mp3,Est-ce que vous êtes pressé ?
9270,Dépêche_toi_.mp3,Dépêche-toi.
9263,Si_tu_te_dépêches_tu.mp3,Si tu te dépêches tu attraperas le bus.
9257,J_ai_besoin_de_voir_.mp3,J'ai besoin de voir quelqu'un dans la salle des urgences.
9178,J_ai_des_brûlures_d_.mp3,J'ai des brûlures d'estomac.
9169,Je_voudrais_être_ass.mp3,Je voudrais être assis dans le compartiment non-fumeur s'il vous plaît.
9163,J_ai_hâte_d_avoir_de.mp3,J'ai hâte d'avoir de tes nouvelles.
9130,Je_souhaite_être_ric.mp3,Je souhaite être riche.
9087,Remplissez_les_blanc.mp3,Remplissez les blancs.
9080,Tu_me_manques_beauco.mp3,Tu me manques beaucoup.
9066,Je_sais_que_tu_es_ri.mp3,Je sais que tu es riche.
9065,Je_sais_que_vous_ête.mp3,Je sais que vous êtes riche.
9057,L_un_de_vous_deux__e.mp3,"L'un de vous deux, elle ou toi, doit aller là-bas."
9054,J_ai_besoin_de_toi_.mp3,J'ai besoin de toi.
9040,Le_vert_te_va_bien_.mp3,Le vert te va bien.
9021,Fais_comme_tu_veux_.mp3,Fais comme tu veux.
9003,J_étais_content_d_ap.mp3,J'étais content d'apprendre ta réussite.
8973,Et_vous__.mp3,Et vous ?
8970,Savez_vous_taper_à_l.mp3,Savez-vous taper à la machine ?
8967,Tu_veux_quelque_chos.mp3,Tu veux quelque chose ?
8965,Avez_vous_un_stylo__.mp3,Avez-vous un stylo ?
8955,Savez_vous_qui_est_R.mp3,Savez-vous qui est Rie Miyazawa ?
8943,Vivez_vous_ici__.mp3,Vivez-vous ici ?
8938,Pensez_vous_qu_il_a_.mp3,Pensez-vous qu'il a fait cette erreur exprès ?
8895,Des_frères_ne_devrai.mp3,Des frères ne devraient pas se quereller.
8870,J_ai_fait_un_repas_l.mp3,J'ai fait un repas léger.
8857,Ne_dites_jamais_de_m.mp3,Ne dites jamais de mensonges.
8826,Nous_sommes_lundi_.mp3,Nous sommes lundi.
8801,C_est_au_cours_de_la.mp3,C'est au cours de la période glaciaire que le tigre à dents de sabre s'est éteint.
8786,As_tu_nourri_le_chie.mp3,As-tu nourri le chien ?
8779,Un_chien_a_un_flair_.mp3,Un chien a un flair très développé.
8769,Un_chien_est_sensibl.mp3,Un chien est sensible à l'odeur.
8767,Laisse_moi_voir_ça_.mp3,Laisse-moi voir ça.
8744,Bonne_chance__.mp3,Bonne chance !
8723,Ne_me_le_dis_pas_.mp3,Ne me le dis pas.
8689,Je_te_rappellerai_pl.mp3,Je te rappellerai plus tard.
8680,J_ai_commis_une_erre.mp3,J'ai commis une erreur.
8661,Ne_jurez_pas_en_publ.mp3,Ne jurez pas en public.
8654,Ouvrez_grand_la_bouc.mp3,Ouvrez grand la bouche.
8649,J_ai_mauvaise_halein.mp3,J'ai mauvaise haleine.
8641,Fais_ce_que_tu_aimes.mp3,Fais ce que tu aimes.
8619,Heureusement__il_n_e.mp3,"Heureusement, il n'est pas mort."
8616,Heureusement__person.mp3,"Heureusement, personne ne fut blessé."
8614,Le_bonheur_c_est_la_.mp3,Le bonheur c'est la santé.
8607,Pouvez_vous_m_indiqu.mp3,Pouvez-vous m'indiquer le chemin du port ?
8596,Je_m_en_souviendrai_.mp3,Je m'en souviendrai.
8575,Une_voiture_chère_es.mp3,Une voiture chère est un symbole de statut social.
8569,J_ai_beaucoup_de_fiè.mp3,J’ai beaucoup de fièvre.
8566,On_ne_juge_pas_plus_.mp3,On ne juge pas plus les Nations par leur taille que les individus.
8549,As_tu_faim_maintenan.mp3,As-tu faim maintenant ?
8547,Fais_le_mais_mainten.mp3,Fais-le mais maintenant !
8541,Pourrais_je_regarder.mp3,Pourrais-je regarder la télévision maintenant ?
8532,Il_fait_très_froid_m.mp3,Il fait très froid maintenant.
8530,Maintenant_je_suis_e.mp3,Maintenant je suis en service.
8527,Actuellement_êtes_vo.mp3,Actuellement êtes-vous occupés ?
8524,Après_avoir_réfléchi.mp3,"Après avoir réfléchi sur ma vie jusqu'à présent, j'ai décidé que j'avais besoin de changer mes objectifs."
8507,Je_peux_partir__main.mp3,"Je peux partir, maintenant ?"
8458,C_est_tout_pour_aujo.mp3,C'est tout pour aujourd'hui.
8438,Il_fait_froid_aujour.mp3,Il fait froid aujourd'hui.
8435,Tu_t_es_bien_tenu_au.mp3,Tu t'es bien tenu aujourd'hui ?
8423,C_est_nuageux_aujour.mp3,C'est nuageux aujourd'hui.
8415,Il_fait_frais_aujour.mp3,Il fait frais aujourd'hui.
8392,Appelez_moi_ce_soir_.mp3,Appelez-moi ce soir.
8378,Es_tu_libre_ce_soir_.mp3,Es-tu libre ce soir ?
8347,Les_bandes_dessinées.mp3,Les bandes dessinées actuelles comportent beaucoup trop de scènes violentes et sexuelles.
8336,D_abord__les_stagiai.mp3,"D'abord, les stagiaires sont maladroits dans cette société."
8302,Il_faisait_très_froi.mp3,Il faisait très froid hier matin.
8290,Il_y_avait_des_nuage.mp3,"Il y avait des nuages, hier."
8286,Hier__c_était_dimanc.mp3,"Hier, c'était dimanche."
8262,Ma_sœur_s_est_fait_v.mp3,Ma sœur s'est fait voler son sac en rentrant chez elle hier soir.
8241,Le_meurtre_est_passi.mp3,Le meurtre est passible de la peine capitale.
8239,Une_montagne_n_est_p.mp3,Une montagne n'est pas forcément verte.
8207,Ne_néglige_pas_ton_t.mp3,Ne néglige pas ton travail.
8195,Ma_sœur_joue_aux_pou.mp3,Ma sœur joue aux poupées.
8194,Ma_grande_sœur_nage_.mp3,Ma grande sœur nage très vite.
8175,Les_enfants_jouent_d.mp3,Les enfants jouent dans le parc tous les jours.
8174,Les_enfants_ont_beso.mp3,Les enfants ont besoin de beaucoup de sommeil.
8166,Un_enfant_a_besoin_d.mp3,Un enfant a besoin d'amour.
8165,Je_me_levais_toujour.mp3,Je me levais toujours tôt dans mon enfance.
8163,Toutes_les_familles_.mp3,Toutes les familles avec des enfants bénéficient de prix réduits.
8140,Les_enfants_devraien.mp3,Les enfants devraient boire du lait tous les jours.
8095,Je_m_appelle_Edgar_D.mp3,Je m'appelle Edgar Degas.
8049,J_aurais_aimé_être_u.mp3,J'aurais aimé être un oiseau.
8002,Notre_bureau_est_du_.mp3,Notre bureau est du côté nord de l'immeuble.
7986,Nous_avons_tous_rega.mp3,Nous avons tous regardé par la fenêtre.
7982,Nous_grimpâmes_une_p.mp3,Nous grimpâmes une pente raide.
7960,Laisse_moi_tranquill.mp3,Laisse-moi tranquille.
7945,J_ai_deux_frères_et_.mp3,J'ai deux frères et une sœur.
7942,J_ai_huit_frères_et_.mp3,J'ai huit frères et sœurs.
7941,J_ai_trois_cousins_.mp3,J'ai trois cousins.
7940,J_ai_deux_frères_.mp3,J'ai deux frères.
7929,J_ai_une_autre_sœur_.mp3,J'ai une autre sœur.
7918,Je_ne_peux_pas_m_off.mp3,Je ne peux pas m'offrir une aussi bonne caméra que la tienne.
7907,J_ai_rarement_du_tem.mp3,J'ai rarement du temps pour lire.
7906,J_ai_deux_fils__dont.mp3,"J'ai deux fils, dont l'un est à Tokyo et l'autre à Nagoya."
7896,J_ai_deux_filles_.mp3,J'ai deux filles.
7875,Laissez_moi_vous_aid.mp3,Laissez-moi vous aider.
7838,Ma_nièce_est_attiran.mp3,Ma nièce est attirante et mature pour son âge.
7832,Apportez_moi_mes_lun.mp3,Apportez-moi mes lunettes.
7829,Je_pense_autrement_.mp3,Je pense autrement.
7776,Comprenez_vous_ce_qu.mp3,Comprenez-vous ce que je veux dire ?
7754,Ma_sœur_s_occupe_sou.mp3,Ma sœur s'occupe souvent du bébé.
7753,Ma_sœur_aime_les_mel.mp3,"Ma sœur aime les melons, et moi aussi."
7750,Ma_sœur_est_mariée_.mp3,Ma sœur est mariée.
7749,Ma_sœur_est_plus_pet.mp3,Ma sœur est plus petite que toi.
7747,Ma_sœur_adore_les_en.mp3,Ma sœur adore les enfants.
7746,Ma_sœur_prend_une_do.mp3,Ma sœur prend une douche tous les matins.
7745,Laissez_moi_vous_pré.mp3,Laissez-moi vous présenter ma sœur.
7744,Ma_sœur_joue_du_pian.mp3,Ma sœur joue du piano chaque jour.
7724,Ma_voiture_ne_démarr.mp3,Ma voiture ne démarre pas.
7714,Mon_avenir_est_forte.mp3,Mon avenir est fortement lié aux finances de ma société.
7663,Peux_tu_deviner_mon_.mp3,Peux-tu deviner mon âge ?
7637,Ma_chambre_est_très_.mp3,Ma chambre est très petite.
7629,Ma_mère_suit_un_régi.mp3,Ma mère suit un régime.
7616,Ma_sœur_habite_près_.mp3,Ma sœur habite près de Yokohama.
7614,Ma_sœur_faisait_part.mp3,Ma sœur faisait partie du club de basketball l'année dernière.
7602,Mon_rêve_s_est_réali.mp3,Mon rêve s'est réalisé.
7540,Je_pensais_qu_elle_é.mp3,Je pensais qu'elle était mignonne.
7516,Je_suis_assez_grand_.mp3,Je suis assez grand pour vivre par mes propres moyens.
7440,J_aime_votre_cravate.mp3,J'aime votre cravate.
7434,Je_ferai_n_importe_q.mp3,Je ferai n'importe quoi pour vous.
7423,J_ai_trouvé_ta_casqu.mp3,J'ai trouvé ta casquette.
7419,Je_suis_fier_de_toi_.mp3,Je suis fier de toi.
7415,J_ai_rencontré_ton_a.mp3,J’ai rencontré ton ami.
7391,J_aime_le_cinéma_éta.mp3,J'aime le cinéma étasunien.
7388,C_est_bon_pour_moi_.mp3,C'est bon pour moi.
7362,Je_suis_toujours_occ.mp3,Je suis toujours occupé.
7348,Je_manque_d_argent_.mp3,Je manque d'argent.
7335,J_ai_perdu_mon_appar.mp3,J'ai perdu mon appareil photo.
7312,Je_ne_mets_pas_de_su.mp3,Je ne mets pas de sucre dans mon café.
7304,Je_viens_juste_d_arr.mp3,Je viens juste d'arriver ici.
7303,Je_suis_étranger_ici.mp3,Je suis étranger ici.
7302,Ici__je_suis_un_étra.mp3,"Ici, je suis un étranger."
7287,Je_suis_un_étudiant_.mp3,Je suis un étudiant de cette école.
7245,Je_l_ai_battu_au_gol.mp3,Je l'ai battu au golf.
7240,Je_n_ai_pas_lu_tous_.mp3,Je n'ai pas lu tous ces livres.
7239,J_ai_fait_ces_boîtes.mp3,J'ai fait ces boîtes moi-même.
7209,Je_sais_skier_.mp3,Je sais skier.
7208,Je_reviens_bientôt_.mp3,Je reviens bientôt.
7200,Je_ne_peux_pas_répon.mp3,Je ne peux pas répondre à toutes les questions.
7178,Je_ne_savais_pas_.mp3,Je ne savais pas.
7161,J_ai_un_job_temporai.mp3,J'ai un job temporaire dans l'entreprise.
7160,Je_me_présenterai_à_.mp3,Je me présenterai à la réunion.
7157,Je_cherchais_la_clef.mp3,Je cherchais la clef.
7129,J_ai_acheté_cette_vo.mp3,J'ai acheté cette voiture.
7126,Je_connais_cette_fil.mp3,Je connais cette fille.
7121,Je_connais_ce_garçon.mp3,Je connais ce garçon.
7114,J_ai_passé_mon_samed.mp3,J'ai passé mon samedi après-midi à regarder la télévision.
7100,J_aurais_dû_lire_le_.mp3,J'aurais dû lire le livre.
7087,Je_crois_à_cette_his.mp3,Je crois à cette histoire.
7082,Je_l_ai_eu_pour_troi.mp3,Je l'ai eu pour trois fois rien.
7077,J_utilise_cela_.mp3,J'utilise cela.
7074,Je_le_finirai_avant_.mp3,Je le finirai avant demain après-midi.
7059,Je_prends_toujours_u.mp3,Je prends toujours un bain avant d'aller me coucher.
7055,J_ai_beaucoup_de_liv.mp3,J'ai beaucoup de livres.
7038,Je_viens_juste_de_fi.mp3,Je viens juste de finir de déjeuner.
7036,J_aime_le_disco_.mp3,J'aime le disco.
7014,Je_joue_aux_jeux_vid.mp3,Je joue aux jeux vidéo.
7012,J_aimerais_regarder_.mp3,J'aimerais regarder la télévision.
6991,J_ai_très_soif_.mp3,J'ai très soif.
6989,Je_suis_tout_seul_.mp3,Je suis tout seul.
6983,Je_pensais_que_Tom_é.mp3,Je pensais que Tom était gentil.
6944,Je_ne_bois_jamais_de.mp3,Je ne bois jamais de bière.
6938,J_ai_un_mauvais_rhum.mp3,J'ai un mauvais rhume.
6933,J_adore_les_films_fr.mp3,J'adore les films français.
6927,Je_ne_sais_parler_ni.mp3,Je ne sais parler ni français ni allemand.
6925,Je_peux_parler_franç.mp3,Je peux parler français.
6907,Je_n_ai_pas_encore_d.mp3,Je n'ai pas encore déjeuné.
6887,Je_l_ai_déjà_fait_.mp3,Je l'ai déjà fait.
6886,Je_peux_difficilemen.mp3,Je peux difficilement marcher.
6878,Je_ne_le_verrai_jama.mp3,Je ne le verrai jamais.
6852,Je_suis_un_coureur_.mp3,Je suis un coureur.
6845,J_aime_manger_des_po.mp3,J'aime manger des pommes.
6831,J_ai_posé_quelques_q.mp3,J'ai posé quelques questions au médecin.
6828,Venez_avec_moi__je_v.mp3,"Venez avec moi, je vous prie."
6802,Je_sais_nager_.mp3,Je sais nager.
6801,J_adorais_nager_.mp3,J'adorais nager.
6796,Il_parle_anglais_.mp3,Il parle anglais.
6769,J_aime_beaucoup_la_m.mp3,J'aime beaucoup la musique.
6767,J_adore_la_musique_.mp3,J'adore la musique.
6763,J_ai_parlé_de_musiqu.mp3,J'ai parlé de musique.
6757,En_quoi_puis_je_vous.mp3,En quoi puis-je vous aider ?
6743,Je_ne_vois_rien_.mp3,Je ne vois rien.
6740,Je_sais_quoi_faire_.mp3,Je sais quoi faire.
6731,Pour_ma_part__je_pré.mp3,"Pour ma part, je préfère rester chez moi lire un roman."
6725,Je_suis_libre_.mp3,Je suis libre.
6723,J_ai_envie_de_chante.mp3,J'ai envie de chanter.
6722,Je_suis_allergique_a.mp3,Je suis allergique au pollen.
6711,Je_dois_sortir_.mp3,Je dois sortir.
6705,Je_suis_prêt_.mp3,Je suis prêt.
6695,J_attends_cela_avec_.mp3,J'attends cela avec impatience.
6676,Je_dois_rentrer_chez.mp3,Je dois rentrer chez moi.
6673,Je_compte_devenir_in.mp3,Je compte devenir ingénieur.
6670,En_vacances__je_pouv.mp3,"En vacances, je pouvais passer des heures à la pêche."
6641,Je_suis_professeur_.mp3,Je suis professeur.
6633,Je_suis_employé_de_b.mp3,Je suis employé de banque.
6616,Je_connais_ton_père_.mp3,Je connais ton père.
6614,Je_veux_te_voir_.mp3,Je veux te voir.
6611,J_ai_besoin_de_ton_a.mp3,J'ai besoin de ton aide.
6610,J_aime_votre_voiture.mp3,J'aime votre voiture.
6600,J_ai_un_frère_.mp3,J'ai un frère.
6599,J_ai_un_grand_frère_.mp3,J'ai un grand frère et une petite sœur.
6580,J_ai_peur_des_chiens.mp3,J'ai peur des chiens.
6571,J_ai_perdu_la_clé_.mp3,J'ai perdu la clé.
6570,J_ai_l_impression_d_.mp3,J'ai l'impression d'avoir perdu mes clés.
6567,J_ai_un_chien_.mp3,J'ai un chien.
6566,J_élève_un_chien_.mp3,J'élève un chien.
6564,J_ai_acheté_une_viei.mp3,J'ai acheté une vieille lampe.
6555,Je_me_sens_heureux_.mp3,Je me sens heureux.
6548,Je_vais_le_faire_mai.mp3,Je vais le faire maintenant.
6541,Je_suis_libre_mainte.mp3,Je suis libre maintenant.
6538,Je_suis_en_vacances_.mp3,Je suis en vacances.
6537,Je_commence_à_peine_.mp3,Je commence à peine.
6535,Je_pense_que_je_pren.mp3,Je pense que je prendrai des vacances cette semaine.
6532,J_écris_une_lettre_.mp3,J'écris une lettre.
6521,Je_suis_libre_aujour.mp3,Je suis libre aujourd'hui.
6513,Je_ne_suis_pas_occup.mp3,Je ne suis pas occupé aujourd'hui.
6508,Je_suis_en_train_d_é.mp3,Je suis en train d'étudier.
6507,J_ai_attrapé_un_rhum.mp3,J'ai attrapé un rhume.
6494,J_ai_confessé_ma_fau.mp3,J'ai confessé ma faute.
6473,Je_l_ai_rencontré_hi.mp3,Je l'ai rencontré hier.
6471,Je_l_ai_aidé_hier_.mp3,Je l'ai aidé hier.
6468,J_étais_occupé_hier_.mp3,J'étais occupé hier.
6444,Je_cherche_du_travai.mp3,Je cherche du travail.
6430,J_ai_plus_de_robes_q.mp3,J'ai plus de robes que ma sœur.
6429,Je_pars_pour_Vancouv.mp3,Je pars pour Vancouver la semaine prochaine pour voir ma sœur.
6411,J_ai_acheté_une_mont.mp3,J'ai acheté une montre.
6400,J_ai_une_voiture_.mp3,J'ai une voiture.
6393,Je_suis_désolé_pour_.mp3,Je suis désolé pour ce malentendu.
6388,Je_me_suis_allongé_s.mp3,Je me suis allongé sur mon lit.
6369,Je_n_ai_pas_de_voitu.mp3,Je n'ai pas de voiture.
6368,Je_veux_conduire_.mp3,Je veux conduire.
6301,J_ai_acheté_un_nouve.mp3,J'ai acheté un nouveau sac.
6290,Je_connais_la_vérité.mp3,Je connais la vérité.
6286,Je_crois_en_Dieu_.mp3,Je crois en Dieu.
6268,Je_déjeune_à_midi_.mp3,Je déjeune à midi.
6247,Je_ne_suis_pas_un_en.mp3,Je ne suis pas un enseignant.
6242,J_aime_l_astrologie_.mp3,J'aime l'astrologie.
6224,J_aime_courir_.mp3,J'aime courir.
6222,Je_me_suis_cassé_la_.mp3,Je me suis cassé la jambe.
6212,Cela_ne_me_fait_rien.mp3,Cela ne me fait rien d'attendre.
6131,Elle_est_en_colère_c.mp3,Elle est en colère contre moi.
6027,Où_étais_tu_passé__.mp3,Où étais-tu passé ?
5952,Quel_temps_fait_il__.mp3,Quel temps fait-il ?
4335,Qui_sont_ces_types_l.mp3,Qui sont ces types-là ?
4319,J_ai_parlé_à_des_ami.mp3,J'ai parlé à des amis.
4300,Tu_as_laissé_un_pour.mp3,Tu as laissé un pourboire ?
4298,Voici_votre_monnaie_.mp3,Voici votre monnaie.
4294,J_ai_réussi_à_entrer.mp3,J'ai réussi à entrer.
4290,J_ai_mangé_du_caviar.mp3,J'ai mangé du caviar.
4289,Elles_se_sont_disput.mp3,Elles se sont disputées.
4244,C_est_quelqu_un_de_b.mp3,C'est quelqu'un de bien.
4242,C_est_bien_fait_.mp3,C'est bien fait.
4238,Il_n_y_a_aucun_doute.mp3,Il n'y a aucun doute.
4225,Pas_de_nouvelles__bo.mp3,"Pas de nouvelles, bonnes nouvelles."
4210,Je_ne_l_ai_pas_fait_.mp3,Je ne l'ai pas fait exprès.
4177,Ça_m_est_égal_.mp3,Ça m'est égal.
4166,J_aime_les_voyages_.mp3,J'aime les voyages.
4165,Tu_aimes_le_rap__.mp3,Tu aimes le rap ?
4153,C_est_une_bonne_affa.mp3,C'est une bonne affaire.
4151,À_qui_est_ce__.mp3,À qui est-ce ?
4094,J_ai_besoin_de_ton_c.mp3,J’ai besoin de ton conseil.
4043,Je_suis_à_court_d_id.mp3,Je suis à court d'idées.
3998,C_est_un_cul_de_sac_.mp3,C'est un cul-de-sac.
3989,Où_es_tu__.mp3,Où es-tu ?
3946,Où_sont_les_toilette.mp3,Où sont les toilettes ?
3673,J_ai_besoin_que_tu_m.mp3,J'ai besoin que tu m'aides.
3651,La_vie_est_belle_.mp3,La vie est belle.
3636,J_ai_soif_.mp3,J'ai soif.
3635,Il_fait_froid_.mp3,Il fait froid.
3607,Je_te_donne_ma_parol.mp3,Je te donne ma parole.
3591,Le_vent_s_est_calmé_.mp3,Le vent s'est calmé.
3580,Je_le_vois_rarement_.mp3,Je le vois rarement.
3528,Je_ne_comprends_pas_.mp3,Je ne comprends pas.
3484,C_est_grave__.mp3,C'est grave ?
3476,Comment_est_ce_que_t.mp3,Comment est-ce que tu t'appelles ?
3470,C_est_loin_d_ici__.mp3,C'est loin d'ici ?
3462,T_as_l_air_stupide_.mp3,T'as l'air stupide.
3439,Que_veux_tu__.mp3,Que veux-tu ?
3411,Puis_je_poser_une_qu.mp3,Puis-je poser une question ?
3384,C_est_une_surprise_.mp3,C'est une surprise.
3383,Je_le_prends_.mp3,Je le prends.
3380,Sont_ils_tous_identi.mp3,Sont-ils tous identiques ?
3378,Je_t_ai_manqué__.mp3,Je t'ai manqué ?
3356,Et_si_nous_retournio.mp3,Et si nous retournions à la maison ?
3337,S_il_te_plaît__ne_pl.mp3,"S'il te plaît, ne pleure pas."
3261,Je_déteste_la_chimie.mp3,Je déteste la chimie.
3241,Moi__j_aime_bien_la_.mp3,"Moi, j'aime bien la lumière des bougies."
3237,Personne_ne_saura_.mp3,Personne ne saura.
3218,Ce_n_était_pas_mon_i.mp3,Ce n'était pas mon intention.
3202,Je_n_ai_pas_aimé_.mp3,Je n'ai pas aimé.
3184,Pourquoi_demandes_tu.mp3,Pourquoi demandes-tu ?
